2026-05-26 15:24:32.068 [background-preinit] INFO  o.h.validator.internal.util.Version - HV000001: Hibernate Validator 8.0.1.Final
2026-05-26 15:24:32.098 [main] INFO  com.example.sms.SmsApplication - Starting SmsApplication using Java 17.0.12 with PID 12384 (C:\Work\sms-project-v2\target\classes started by ndk20 in C:\Work\sms-project-v2)
2026-05-26 15:24:32.099 [main] DEBUG com.example.sms.SmsApplication - Running with Spring Boot v3.3.0, Spring v6.1.8
2026-05-26 15:24:32.099 [main] INFO  com.example.sms.SmsApplication - The following 1 profile is active: "dev"
2026-05-26 15:24:32.366 [main] WARN  o.s.b.w.s.c.AnnotationConfigServletWebServerApplicationContext - Exception encountered during context initialization - cancelling refresh attempt: org.springframework.beans.factory.BeanDefinitionStoreException: Failed to parse configuration class [com.example.sms.SmsApplication]
2026-05-26 15:24:32.383 [main] ERROR o.s.boot.SpringApplication - Application run failed
org.springframework.beans.factory.BeanDefinitionStoreException: Failed to parse configuration class [com.example.sms.SmsApplication]
	at org.springframework.context.annotation.ConfigurationClassParser.parse(ConfigurationClassParser.java:179)
	at org.springframework.context.annotation.ConfigurationClassPostProcessor.processConfigBeanDefinitions(ConfigurationClassPostProcessor.java:417)
	at org.springframework.context.annotation.ConfigurationClassPostProcessor.postProcessBeanDefinitionRegistry(ConfigurationClassPostProcessor.java:290)
	at org.springframework.context.support.PostProcessorRegistrationDelegate.invokeBeanDefinitionRegistryPostProcessors(PostProcessorRegistrationDelegate.java:349)
	at org.springframework.context.support.PostProcessorRegistrationDelegate.invokeBeanFactoryPostProcessors(PostProcessorRegistrationDelegate.java:118)
	at org.springframework.context.support.AbstractApplicationContext.invokeBeanFactoryPostProcessors(AbstractApplicationContext.java:788)
	at org.springframework.context.support.AbstractApplicationContext.refresh(AbstractApplicationContext.java:606)
	at org.springframework.boot.web.servlet.context.ServletWebServerApplicationContext.refresh(ServletWebServerApplicationContext.java:146)
	at org.springframework.boot.SpringApplication.refresh(SpringApplication.java:754)
	at org.springframework.boot.SpringApplication.refreshContext(SpringApplication.java:456)
	at org.springframework.boot.SpringApplication.run(SpringApplication.java:335)
	at org.springframework.boot.SpringApplication.run(SpringApplication.java:1363)
	at org.springframework.boot.SpringApplication.run(SpringApplication.java:1352)
	at com.example.sms.SmsApplication.main(SmsApplication.java:11)
Caused by: org.springframework.context.annotation.ConflictingBeanDefinitionException: Annotation-specified bean name 'globalExceptionHandler' for bean class [com.example.sms.exception.GlobalExceptionHandler] conflicts with existing, non-compatible bean definition of same name and class [com.example.sms.config.GlobalExceptionHandler]
	at org.springframework.context.annotation.ClassPathBeanDefinitionScanner.checkCandidate(ClassPathBeanDefinitionScanner.java:361)
	at org.springframework.context.annotation.ClassPathBeanDefinitionScanner.doScan(ClassPathBeanDefinitionScanner.java:288)
	at org.springframework.context.annotation.ComponentScanAnnotationParser.parse(ComponentScanAnnotationParser.java:128)
	at org.springframework.context.annotation.ConfigurationClassParser.doProcessConfigurationClass(ConfigurationClassParser.java:306)
	at org.springframework.context.annotation.ConfigurationClassParser.processConfigurationClass(ConfigurationClassParser.java:246)
	at org.springframework.context.annotation.ConfigurationClassParser.parse(ConfigurationClassParser.java:197)
	at org.springframework.context.annotation.ConfigurationClassParser.parse(ConfigurationClassParser.java:165)
	... 13 common frames omitted
2026-05-26 15:27:18.125 [background-preinit] INFO  o.h.validator.internal.util.Version - HV000001: Hibernate Validator 8.0.1.Final
2026-05-26 15:27:18.155 [main] INFO  com.example.sms.SmsApplication - Starting SmsApplication using Java 17.0.12 with PID 10552 (C:\Work\sms-project-v2\target\classes started by ndk20 in C:\Work\sms-project-v2)
2026-05-26 15:27:18.156 [main] DEBUG com.example.sms.SmsApplication - Running with Spring Boot v3.3.0, Spring v6.1.8
2026-05-26 15:27:18.157 [main] INFO  com.example.sms.SmsApplication - The following 1 profile is active: "dev"
2026-05-26 15:27:18.441 [main] WARN  o.s.b.w.s.c.AnnotationConfigServletWebServerApplicationContext - Exception encountered during context initialization - cancelling refresh attempt: org.springframework.beans.factory.BeanDefinitionStoreException: Failed to parse configuration class [com.example.sms.SmsApplication]
2026-05-26 15:27:18.455 [main] ERROR o.s.boot.SpringApplication - Application run failed
org.springframework.beans.factory.BeanDefinitionStoreException: Failed to parse configuration class [com.example.sms.SmsApplication]
	at org.springframework.context.annotation.ConfigurationClassParser.parse(ConfigurationClassParser.java:179)
	at org.springframework.context.annotation.ConfigurationClassPostProcessor.processConfigBeanDefinitions(ConfigurationClassPostProcessor.java:417)
	at org.springframework.context.annotation.ConfigurationClassPostProcessor.postProcessBeanDefinitionRegistry(ConfigurationClassPostProcessor.java:290)
	at org.springframework.context.support.PostProcessorRegistrationDelegate.invokeBeanDefinitionRegistryPostProcessors(PostProcessorRegistrationDelegate.java:349)
	at org.springframework.context.support.PostProcessorRegistrationDelegate.invokeBeanFactoryPostProcessors(PostProcessorRegistrationDelegate.java:118)
	at org.springframework.context.support.AbstractApplicationContext.invokeBeanFactoryPostProcessors(AbstractApplicationContext.java:788)
	at org.springframework.context.support.AbstractApplicationContext.refresh(AbstractApplicationContext.java:606)
	at org.springframework.boot.web.servlet.context.ServletWebServerApplicationContext.refresh(ServletWebServerApplicationContext.java:146)
	at org.springframework.boot.SpringApplication.refresh(SpringApplication.java:754)
	at org.springframework.boot.SpringApplication.refreshContext(SpringApplication.java:456)
	at org.springframework.boot.SpringApplication.run(SpringApplication.java:335)
	at org.springframework.boot.SpringApplication.run(SpringApplication.java:1363)
	at org.springframework.boot.SpringApplication.run(SpringApplication.java:1352)
	at com.example.sms.SmsApplication.main(SmsApplication.java:11)
Caused by: org.springframework.context.annotation.ConflictingBeanDefinitionException: Annotation-specified bean name 'globalExceptionHandler' for bean class [com.example.sms.exception.GlobalExceptionHandler] conflicts with existing, non-compatible bean definition of same name and class [com.example.sms.config.GlobalExceptionHandler]
	at org.springframework.context.annotation.ClassPathBeanDefinitionScanner.checkCandidate(ClassPathBeanDefinitionScanner.java:361)
	at org.springframework.context.annotation.ClassPathBeanDefinitionScanner.doScan(ClassPathBeanDefinitionScanner.java:288)
	at org.springframework.context.annotation.ComponentScanAnnotationParser.parse(ComponentScanAnnotationParser.java:128)
	at org.springframework.context.annotation.ConfigurationClassParser.doProcessConfigurationClass(ConfigurationClassParser.java:306)
	at org.springframework.context.annotation.ConfigurationClassParser.processConfigurationClass(ConfigurationClassParser.java:246)
	at org.springframework.context.annotation.ConfigurationClassParser.parse(ConfigurationClassParser.java:197)
	at org.springframework.context.annotation.ConfigurationClassParser.parse(ConfigurationClassParser.java:165)
	... 13 common frames omitted
2026-05-26 15:27:48.312 [background-preinit] INFO  o.h.validator.internal.util.Version - HV000001: Hibernate Validator 8.0.1.Final
2026-05-26 15:27:48.347 [main] INFO  com.example.sms.SmsApplication - Starting SmsApplication using Java 17.0.12 with PID 22992 (C:\Work\sms-project-v2\target\classes started by ndk20 in C:\Work\sms-project-v2)
2026-05-26 15:27:48.347 [main] DEBUG com.example.sms.SmsApplication - Running with Spring Boot v3.3.0, Spring v6.1.8
2026-05-26 15:27:48.348 [main] INFO  com.example.sms.SmsApplication - The following 1 profile is active: "dev"
2026-05-26 15:27:48.949 [main] INFO  o.s.d.r.c.RepositoryConfigurationDelegate - Bootstrapping Spring Data LDAP repositories in DEFAULT mode.
2026-05-26 15:27:48.962 [main] INFO  o.s.d.r.c.RepositoryConfigurationDelegate - Finished Spring Data repository scanning in 8 ms. Found 0 LDAP repository interfaces.
2026-05-26 15:27:49.446 [main] INFO  o.s.b.w.e.tomcat.TomcatWebServer - Tomcat initialized with port 8080 (http)
2026-05-26 15:27:49.448 [main] INFO  o.a.c.core.AprLifecycleListener - An older version [1.3.1] of the Apache Tomcat Native library is installed, while Tomcat recommends a minimum version of [2.0.5]
2026-05-26 15:27:49.448 [main] INFO  o.a.c.core.AprLifecycleListener - Loaded Apache Tomcat Native library [1.3.1] using APR version [1.7.4].
2026-05-26 15:27:49.469 [main] INFO  o.a.c.core.AprLifecycleListener - OpenSSL successfully initialized [OpenSSL 3.0.14 4 Jun 2024]
2026-05-26 15:27:49.477 [main] INFO  o.a.coyote.http11.Http11NioProtocol - Initializing ProtocolHandler ["http-nio-8080"]
2026-05-26 15:27:49.478 [main] INFO  o.a.catalina.core.StandardService - Starting service [Tomcat]
2026-05-26 15:27:49.479 [main] INFO  o.a.catalina.core.StandardEngine - Starting Servlet engine: [Apache Tomcat/10.1.24]
2026-05-26 15:27:49.521 [main] INFO  o.a.c.c.C.[Tomcat].[localhost].[/] - Initializing Spring embedded WebApplicationContext
2026-05-26 15:27:49.521 [main] INFO  o.s.b.w.s.c.ServletWebServerApplicationContext - Root WebApplicationContext: initialization completed in 1002 ms
2026-05-26 15:27:49.941 [main] INFO  o.s.s.c.a.a.c.InitializeUserDetailsBeanManagerConfigurer$InitializeUserDetailsManagerConfigurer - Global AuthenticationManager configured with UserDetailsService bean with name devUserDetailsService
2026-05-26 15:27:49.998 [main] INFO  o.s.b.a.w.s.WelcomePageHandlerMapping - Adding welcome page template: index
2026-05-26 15:27:50.159 [main] INFO  o.s.s.web.DefaultSecurityFilterChain - Will secure any request with [org.springframework.security.web.session.DisableEncodeUrlFilter@5a583720, org.springframework.security.web.context.request.async.WebAsyncManagerIntegrationFilter@4ed19b69, org.springframework.security.web.context.SecurityContextHolderFilter@6fa3def8, org.springframework.security.web.header.HeaderWriterFilter@3fe98084, org.springframework.web.filter.CorsFilter@59a5bb61, org.springframework.security.web.authentication.logout.LogoutFilter@f08d676, org.springframework.security.web.authentication.UsernamePasswordAuthenticationFilter@f591271, org.springframework.security.web.savedrequest.RequestCacheAwareFilter@a1cb94, org.springframework.security.web.servletapi.SecurityContextHolderAwareRequestFilter@37f41a81, org.springframework.security.web.authentication.AnonymousAuthenticationFilter@6f65aa58, org.springframework.security.web.access.ExceptionTranslationFilter@5dacf18d, org.springframework.security.web.access.intercept.AuthorizationFilter@720c8f80]
2026-05-26 15:27:50.375 [main] INFO  o.s.l.c.s.AbstractContextSource - Property 'userDn' not set - anonymous context will be used for read-only operations
2026-05-26 15:27:50.421 [main] INFO  o.a.coyote.http11.Http11NioProtocol - Starting ProtocolHandler ["http-nio-8080"]
2026-05-26 15:27:50.437 [main] INFO  o.s.b.w.e.tomcat.TomcatWebServer - Tomcat started on port 8080 (http) with context path '/'
2026-05-26 15:27:50.445 [main] INFO  com.example.sms.SmsApplication - Started SmsApplication in 2.455 seconds (process running for 2.859)
2026-05-26 15:27:50.452 [main] INFO  com.zaxxer.hikari.HikariDataSource - HikariPool-1 - Starting...
2026-05-26 15:27:50.561 [main] INFO  com.zaxxer.hikari.pool.HikariPool - HikariPool-1 - Added connection net.sf.log4jdbc.sql.jdbcapi.ConnectionSpy@771afdd5
2026-05-26 15:27:50.563 [main] INFO  com.zaxxer.hikari.HikariDataSource - HikariPool-1 - Start completed.
2026-05-26 15:27:50.567 [main] INFO  jdbc.sqlonly - CREATE TABLE IF NOT EXISTS privacy_audit_log (    log_id SERIAL PRIMARY KEY,    executor_id VARCHAR(50) NOT NULL,    executor_ip VARCHAR(50),    request_url VARCHAR(200),    action_type VARCHAR(100) NOT NULL,    target_data VARCHAR(500),    created_at TIMESTAMP DEFAULT CURRENT_TIMESTAMP);

2026-05-26 15:27:50.614 [main] INFO  jdbc.sqlonly - CREATE TABLE IF NOT EXISTS attach_file (    file_id SERIAL PRIMARY KEY,    original_name VARCHAR(300) NOT NULL,    save_name VARCHAR(300) NOT NULL,    file_path VARCHAR(500) NOT NULL,    file_size BIGINT,    ext VARCHAR(10),    created_at TIMESTAMP DEFAULT CURRENT_TIMESTAMP);

2026-05-26 15:27:57.459 [http-nio-8080-exec-1] INFO  o.a.c.c.C.[Tomcat].[localhost].[/] - Initializing Spring DispatcherServlet 'dispatcherServlet'
2026-05-26 15:27:57.461 [http-nio-8080-exec-1] INFO  o.s.web.servlet.DispatcherServlet - Initializing Servlet 'dispatcherServlet'
2026-05-26 15:27:57.463 [http-nio-8080-exec-1] INFO  o.s.web.servlet.DispatcherServlet - Completed initialization in 2 ms
2026-05-26 15:27:59.062 [http-nio-8080-exec-3] DEBUG c.e.s.mapper.EmployeeMapper.findById - ==>  Preparing: SELECT emp_id, emp_name, last_login_ip, last_login_time, created_at, updated_at FROM employee WHERE emp_id = ?
2026-05-26 15:27:59.076 [http-nio-8080-exec-3] DEBUG c.e.s.mapper.EmployeeMapper.findById - ==> Parameters: admin(String)
2026-05-26 15:27:59.076 [http-nio-8080-exec-3] INFO  jdbc.sqlonly - SELECT emp_id, emp_name, last_login_ip, last_login_time, created_at, updated_at
        FROM employee
        WHERE emp_id = 'admin'

2026-05-26 15:27:59.093 [http-nio-8080-exec-3] DEBUG c.e.s.mapper.EmployeeMapper.findById - <==      Total: 1
2026-05-26 15:27:59.098 [http-nio-8080-exec-3] DEBUG c.e.s.m.E.updateLastLogin - ==>  Preparing: UPDATE employee SET last_login_ip = ?, last_login_time = ?, updated_at = NOW() WHERE emp_id = ?
2026-05-26 15:27:59.099 [http-nio-8080-exec-3] DEBUG c.e.s.m.E.updateLastLogin - ==> Parameters: 0:0:0:0:0:0:0:1(String), 2026-05-26T15:27:59.050681600(LocalDateTime), admin(String)
2026-05-26 15:27:59.100 [http-nio-8080-exec-3] INFO  jdbc.sqlonly - UPDATE employee
        SET last_login_ip = '0:0:0:0:0:0:0:1',
            last_login_time = 2026-05-26T15:27:59.050681600,
            updated_at = NOW()
        WHERE emp_id = 'admin'

2026-05-26 15:27:59.104 [http-nio-8080-exec-3] DEBUG c.e.s.m.E.updateLastLogin - <==    Updates: 1
2026-05-26 15:27:59.112 [http-nio-8080-exec-4] ERROR org.thymeleaf.TemplateEngine - [THYMELEAF][http-nio-8080-exec-4] Exception processing template "home": Error resolving template [home], template might not exist or might not be accessible by any of the configured Template Resolvers
org.thymeleaf.exceptions.TemplateInputException: Error resolving template [home], template might not exist or might not be accessible by any of the configured Template Resolvers
	at org.thymeleaf.engine.TemplateManager.resolveTemplate(TemplateManager.java:869)
	at org.thymeleaf.engine.TemplateManager.parseAndProcess(TemplateManager.java:607)
	at org.thymeleaf.TemplateEngine.process(TemplateEngine.java:1103)
	at org.thymeleaf.TemplateEngine.process(TemplateEngine.java:1077)
	at org.thymeleaf.spring6.view.ThymeleafView.renderFragment(ThymeleafView.java:372)
	at org.thymeleaf.spring6.view.ThymeleafView.render(ThymeleafView.java:192)
	at org.springframework.web.servlet.DispatcherServlet.render(DispatcherServlet.java:1431)
	at org.springframework.web.servlet.DispatcherServlet.processDispatchResult(DispatcherServlet.java:1167)
	at org.springframework.web.servlet.DispatcherServlet.doDispatch(DispatcherServlet.java:1106)
	at org.springframework.web.servlet.DispatcherServlet.doService(DispatcherServlet.java:979)
	at org.springframework.web.servlet.FrameworkServlet.processRequest(FrameworkServlet.java:1014)
	at org.springframework.web.servlet.FrameworkServlet.doGet(FrameworkServlet.java:903)
	at jakarta.servlet.http.HttpServlet.service(HttpServlet.java:564)
	at org.springframework.web.servlet.FrameworkServlet.service(FrameworkServlet.java:885)
	at jakarta.servlet.http.HttpServlet.service(HttpServlet.java:658)
	at org.apache.catalina.core.ApplicationFilterChain.internalDoFilter(ApplicationFilterChain.java:195)
	at org.apache.catalina.core.ApplicationFilterChain.doFilter(ApplicationFilterChain.java:140)
	at org.apache.tomcat.websocket.server.WsFilter.doFilter(WsFilter.java:51)
	at org.apache.catalina.core.ApplicationFilterChain.internalDoFilter(ApplicationFilterChain.java:164)
	at org.apache.catalina.core.ApplicationFilterChain.doFilter(ApplicationFilterChain.java:140)
	at org.springframework.web.filter.CompositeFilter$VirtualFilterChain.doFilter(CompositeFilter.java:108)
	at org.springframework.security.web.FilterChainProxy.lambda$doFilterInternal$3(FilterChainProxy.java:231)
	at org.springframework.security.web.FilterChainProxy$VirtualFilterChain.doFilter(FilterChainProxy.java:365)
	at org.springframework.security.web.access.intercept.AuthorizationFilter.doFilter(AuthorizationFilter.java:100)
	at org.springframework.security.web.FilterChainProxy$VirtualFilterChain.doFilter(FilterChainProxy.java:374)
	at org.springframework.security.web.access.ExceptionTranslationFilter.doFilter(ExceptionTranslationFilter.java:126)
	at org.springframework.security.web.access.ExceptionTranslationFilter.doFilter(ExceptionTranslationFilter.java:120)
	at org.springframework.security.web.FilterChainProxy$VirtualFilterChain.doFilter(FilterChainProxy.java:374)
	at org.springframework.security.web.authentication.AnonymousAuthenticationFilter.doFilter(AnonymousAuthenticationFilter.java:100)
	at org.springframework.security.web.FilterChainProxy$VirtualFilterChain.doFilter(FilterChainProxy.java:374)
	at org.springframework.security.web.servletapi.SecurityContextHolderAwareRequestFilter.doFilter(SecurityContextHolderAwareRequestFilter.java:179)
	at org.springframework.security.web.FilterChainProxy$VirtualFilterChain.doFilter(FilterChainProxy.java:374)
	at org.springframework.security.web.savedrequest.RequestCacheAwareFilter.doFilter(RequestCacheAwareFilter.java:63)
	at org.springframework.security.web.FilterChainProxy$VirtualFilterChain.doFilter(FilterChainProxy.java:374)
	at org.springframework.security.web.authentication.AbstractAuthenticationProcessingFilter.doFilter(AbstractAuthenticationProcessingFilter.java:227)
	at org.springframework.security.web.authentication.AbstractAuthenticationProcessingFilter.doFilter(AbstractAuthenticationProcessingFilter.java:221)
	at org.springframework.security.web.FilterChainProxy$VirtualFilterChain.doFilter(FilterChainProxy.java:374)
	at org.springframework.security.web.authentication.logout.LogoutFilter.doFilter(LogoutFilter.java:107)
	at org.springframework.security.web.authentication.logout.LogoutFilter.doFilter(LogoutFilter.java:93)
	at org.springframework.security.web.FilterChainProxy$VirtualFilterChain.doFilter(FilterChainProxy.java:374)
	at org.springframework.web.filter.CorsFilter.doFilterInternal(CorsFilter.java:91)
	at org.springframework.web.filter.OncePerRequestFilter.doFilter(OncePerRequestFilter.java:116)
	at org.springframework.security.web.FilterChainProxy$VirtualFilterChain.doFilter(FilterChainProxy.java:374)
	at org.springframework.security.web.header.HeaderWriterFilter.doHeadersAfter(HeaderWriterFilter.java:90)
	at org.springframework.security.web.header.HeaderWriterFilter.doFilterInternal(HeaderWriterFilter.java:75)
	at org.springframework.web.filter.OncePerRequestFilter.doFilter(OncePerRequestFilter.java:116)
	at org.springframework.security.web.FilterChainProxy$VirtualFilterChain.doFilter(FilterChainProxy.java:374)
	at org.springframework.security.web.context.SecurityContextHolderFilter.doFilter(SecurityContextHolderFilter.java:82)
	at org.springframework.security.web.context.SecurityContextHolderFilter.doFilter(SecurityContextHolderFilter.java:69)
	at org.springframework.security.web.FilterChainProxy$VirtualFilterChain.doFilter(FilterChainProxy.java:374)
	at org.springframework.security.web.context.request.async.WebAsyncManagerIntegrationFilter.doFilterInternal(WebAsyncManagerIntegrationFilter.java:62)
	at org.springframework.web.filter.OncePerRequestFilter.doFilter(OncePerRequestFilter.java:116)
	at org.springframework.security.web.FilterChainProxy$VirtualFilterChain.doFilter(FilterChainProxy.java:374)
	at org.springframework.security.web.session.DisableEncodeUrlFilter.doFilterInternal(DisableEncodeUrlFilter.java:42)
	at org.springframework.web.filter.OncePerRequestFilter.doFilter(OncePerRequestFilter.java:116)
	at org.springframework.security.web.FilterChainProxy$VirtualFilterChain.doFilter(FilterChainProxy.java:374)
	at org.springframework.security.web.FilterChainProxy.doFilterInternal(FilterChainProxy.java:233)
	at org.springframework.security.web.FilterChainProxy.doFilter(FilterChainProxy.java:191)
	at org.springframework.web.filter.CompositeFilter$VirtualFilterChain.doFilter(CompositeFilter.java:113)
	at org.springframework.web.servlet.handler.HandlerMappingIntrospector.lambda$createCacheFilter$3(HandlerMappingIntrospector.java:195)
	at org.springframework.web.filter.CompositeFilter$VirtualFilterChain.doFilter(CompositeFilter.java:113)
	at org.springframework.web.filter.CompositeFilter.doFilter(CompositeFilter.java:74)
	at org.springframework.security.config.annotation.web.configuration.WebMvcSecurityConfiguration$CompositeFilterChainProxy.doFilter(WebMvcSecurityConfiguration.java:230)
	at org.springframework.web.filter.DelegatingFilterProxy.invokeDelegate(DelegatingFilterProxy.java:352)
	at org.springframework.web.filter.DelegatingFilterProxy.doFilter(DelegatingFilterProxy.java:268)
	at org.apache.catalina.core.ApplicationFilterChain.internalDoFilter(ApplicationFilterChain.java:164)
	at org.apache.catalina.core.ApplicationFilterChain.doFilter(ApplicationFilterChain.java:140)
	at org.springframework.web.filter.RequestContextFilter.doFilterInternal(RequestContextFilter.java:100)
	at org.springframework.web.filter.OncePerRequestFilter.doFilter(OncePerRequestFilter.java:116)
	at org.apache.catalina.core.ApplicationFilterChain.internalDoFilter(ApplicationFilterChain.java:164)
	at org.apache.catalina.core.ApplicationFilterChain.doFilter(ApplicationFilterChain.java:140)
	at org.springframework.web.filter.FormContentFilter.doFilterInternal(FormContentFilter.java:93)
	at org.springframework.web.filter.OncePerRequestFilter.doFilter(OncePerRequestFilter.java:116)
	at org.apache.catalina.core.ApplicationFilterChain.internalDoFilter(ApplicationFilterChain.java:164)
	at org.apache.catalina.core.ApplicationFilterChain.doFilter(ApplicationFilterChain.java:140)
	at org.springframework.web.filter.CharacterEncodingFilter.doFilterInternal(CharacterEncodingFilter.java:201)
	at org.springframework.web.filter.OncePerRequestFilter.doFilter(OncePerRequestFilter.java:116)
	at org.apache.catalina.core.ApplicationFilterChain.internalDoFilter(ApplicationFilterChain.java:164)
	at org.apache.catalina.core.ApplicationFilterChain.doFilter(ApplicationFilterChain.java:140)
	at org.apache.catalina.core.StandardWrapperValve.invoke(StandardWrapperValve.java:167)
	at org.apache.catalina.core.StandardContextValve.invoke(StandardContextValve.java:90)
	at org.apache.catalina.authenticator.AuthenticatorBase.invoke(AuthenticatorBase.java:482)
	at org.apache.catalina.core.StandardHostValve.invoke(StandardHostValve.java:115)
	at org.apache.catalina.valves.ErrorReportValve.invoke(ErrorReportValve.java:93)
	at org.apache.catalina.core.StandardEngineValve.invoke(StandardEngineValve.java:74)
	at org.apache.catalina.connector.CoyoteAdapter.service(CoyoteAdapter.java:344)
	at org.apache.coyote.http11.Http11Processor.service(Http11Processor.java:389)
	at org.apache.coyote.AbstractProcessorLight.process(AbstractProcessorLight.java:63)
	at org.apache.coyote.AbstractProtocol$ConnectionHandler.process(AbstractProtocol.java:896)
	at org.apache.tomcat.util.net.NioEndpoint$SocketProcessor.doRun(NioEndpoint.java:1741)
	at org.apache.tomcat.util.net.SocketProcessorBase.run(SocketProcessorBase.java:52)
	at org.apache.tomcat.util.threads.ThreadPoolExecutor.runWorker(ThreadPoolExecutor.java:1190)
	at org.apache.tomcat.util.threads.ThreadPoolExecutor$Worker.run(ThreadPoolExecutor.java:659)
	at org.apache.tomcat.util.threads.TaskThread$WrappingRunnable.run(TaskThread.java:63)
	at java.base/java.lang.Thread.run(Thread.java:842)
2026-05-26 15:27:59.115 [http-nio-8080-exec-4] ERROR o.a.c.c.C.[.[.[.[dispatcherServlet] - Servlet.service() for servlet [dispatcherServlet] in context with path [] threw exception [Request processing failed: org.thymeleaf.exceptions.TemplateInputException: Error resolving template [home], template might not exist or might not be accessible by any of the configured Template Resolvers] with root cause
org.thymeleaf.exceptions.TemplateInputException: Error resolving template [home], template might not exist or might not be accessible by any of the configured Template Resolvers
	at org.thymeleaf.engine.TemplateManager.resolveTemplate(TemplateManager.java:869)
	at org.thymeleaf.engine.TemplateManager.parseAndProcess(TemplateManager.java:607)
	at org.thymeleaf.TemplateEngine.process(TemplateEngine.java:1103)
	at org.thymeleaf.TemplateEngine.process(TemplateEngine.java:1077)
	at org.thymeleaf.spring6.view.ThymeleafView.renderFragment(ThymeleafView.java:372)
	at org.thymeleaf.spring6.view.ThymeleafView.render(ThymeleafView.java:192)
	at org.springframework.web.servlet.DispatcherServlet.render(DispatcherServlet.java:1431)
	at org.springframework.web.servlet.DispatcherServlet.processDispatchResult(DispatcherServlet.java:1167)
	at org.springframework.web.servlet.DispatcherServlet.doDispatch(DispatcherServlet.java:1106)
	at org.springframework.web.servlet.DispatcherServlet.doService(DispatcherServlet.java:979)
	at org.springframework.web.servlet.FrameworkServlet.processRequest(FrameworkServlet.java:1014)
	at org.springframework.web.servlet.FrameworkServlet.doGet(FrameworkServlet.java:903)
	at jakarta.servlet.http.HttpServlet.service(HttpServlet.java:564)
	at org.springframework.web.servlet.FrameworkServlet.service(FrameworkServlet.java:885)
	at jakarta.servlet.http.HttpServlet.service(HttpServlet.java:658)
	at org.apache.catalina.core.ApplicationFilterChain.internalDoFilter(ApplicationFilterChain.java:195)
	at org.apache.catalina.core.ApplicationFilterChain.doFilter(ApplicationFilterChain.java:140)
	at org.apache.tomcat.websocket.server.WsFilter.doFilter(WsFilter.java:51)
	at org.apache.catalina.core.ApplicationFilterChain.internalDoFilter(ApplicationFilterChain.java:164)
	at org.apache.catalina.core.ApplicationFilterChain.doFilter(ApplicationFilterChain.java:140)
	at org.springframework.web.filter.CompositeFilter$VirtualFilterChain.doFilter(CompositeFilter.java:108)
	at org.springframework.security.web.FilterChainProxy.lambda$doFilterInternal$3(FilterChainProxy.java:231)
	at org.springframework.security.web.FilterChainProxy$VirtualFilterChain.doFilter(FilterChainProxy.java:365)
	at org.springframework.security.web.access.intercept.AuthorizationFilter.doFilter(AuthorizationFilter.java:100)
	at org.springframework.security.web.FilterChainProxy$VirtualFilterChain.doFilter(FilterChainProxy.java:374)
	at org.springframework.security.web.access.ExceptionTranslationFilter.doFilter(ExceptionTranslationFilter.java:126)
	at org.springframework.security.web.access.ExceptionTranslationFilter.doFilter(ExceptionTranslationFilter.java:120)
	at org.springframework.security.web.FilterChainProxy$VirtualFilterChain.doFilter(FilterChainProxy.java:374)
	at org.springframework.security.web.authentication.AnonymousAuthenticationFilter.doFilter(AnonymousAuthenticationFilter.java:100)
	at org.springframework.security.web.FilterChainProxy$VirtualFilterChain.doFilter(FilterChainProxy.java:374)
	at org.springframework.security.web.servletapi.SecurityContextHolderAwareRequestFilter.doFilter(SecurityContextHolderAwareRequestFilter.java:179)
	at org.springframework.security.web.FilterChainProxy$VirtualFilterChain.doFilter(FilterChainProxy.java:374)
	at org.springframework.security.web.savedrequest.RequestCacheAwareFilter.doFilter(RequestCacheAwareFilter.java:63)
	at org.springframework.security.web.FilterChainProxy$VirtualFilterChain.doFilter(FilterChainProxy.java:374)
	at org.springframework.security.web.authentication.AbstractAuthenticationProcessingFilter.doFilter(AbstractAuthenticationProcessingFilter.java:227)
	at org.springframework.security.web.authentication.AbstractAuthenticationProcessingFilter.doFilter(AbstractAuthenticationProcessingFilter.java:221)
	at org.springframework.security.web.FilterChainProxy$VirtualFilterChain.doFilter(FilterChainProxy.java:374)
	at org.springframework.security.web.authentication.logout.LogoutFilter.doFilter(LogoutFilter.java:107)
	at org.springframework.security.web.authentication.logout.LogoutFilter.doFilter(LogoutFilter.java:93)
	at org.springframework.security.web.FilterChainProxy$VirtualFilterChain.doFilter(FilterChainProxy.java:374)
	at org.springframework.web.filter.CorsFilter.doFilterInternal(CorsFilter.java:91)
	at org.springframework.web.filter.OncePerRequestFilter.doFilter(OncePerRequestFilter.java:116)
	at org.springframework.security.web.FilterChainProxy$VirtualFilterChain.doFilter(FilterChainProxy.java:374)
	at org.springframework.security.web.header.HeaderWriterFilter.doHeadersAfter(HeaderWriterFilter.java:90)
	at org.springframework.security.web.header.HeaderWriterFilter.doFilterInternal(HeaderWriterFilter.java:75)
	at org.springframework.web.filter.OncePerRequestFilter.doFilter(OncePerRequestFilter.java:116)
	at org.springframework.security.web.FilterChainProxy$VirtualFilterChain.doFilter(FilterChainProxy.java:374)
	at org.springframework.security.web.context.SecurityContextHolderFilter.doFilter(SecurityContextHolderFilter.java:82)
	at org.springframework.security.web.context.SecurityContextHolderFilter.doFilter(SecurityContextHolderFilter.java:69)
	at org.springframework.security.web.FilterChainProxy$VirtualFilterChain.doFilter(FilterChainProxy.java:374)
	at org.springframework.security.web.context.request.async.WebAsyncManagerIntegrationFilter.doFilterInternal(WebAsyncManagerIntegrationFilter.java:62)
	at org.springframework.web.filter.OncePerRequestFilter.doFilter(OncePerRequestFilter.java:116)
	at org.springframework.security.web.FilterChainProxy$VirtualFilterChain.doFilter(FilterChainProxy.java:374)
	at org.springframework.security.web.session.DisableEncodeUrlFilter.doFilterInternal(DisableEncodeUrlFilter.java:42)
	at org.springframework.web.filter.OncePerRequestFilter.doFilter(OncePerRequestFilter.java:116)
	at org.springframework.security.web.FilterChainProxy$VirtualFilterChain.doFilter(FilterChainProxy.java:374)
	at org.springframework.security.web.FilterChainProxy.doFilterInternal(FilterChainProxy.java:233)
	at org.springframework.security.web.FilterChainProxy.doFilter(FilterChainProxy.java:191)
	at org.springframework.web.filter.CompositeFilter$VirtualFilterChain.doFilter(CompositeFilter.java:113)
	at org.springframework.web.servlet.handler.HandlerMappingIntrospector.lambda$createCacheFilter$3(HandlerMappingIntrospector.java:195)
	at org.springframework.web.filter.CompositeFilter$VirtualFilterChain.doFilter(CompositeFilter.java:113)
	at org.springframework.web.filter.CompositeFilter.doFilter(CompositeFilter.java:74)
	at org.springframework.security.config.annotation.web.configuration.WebMvcSecurityConfiguration$CompositeFilterChainProxy.doFilter(WebMvcSecurityConfiguration.java:230)
	at org.springframework.web.filter.DelegatingFilterProxy.invokeDelegate(DelegatingFilterProxy.java:352)
	at org.springframework.web.filter.DelegatingFilterProxy.doFilter(DelegatingFilterProxy.java:268)
	at org.apache.catalina.core.ApplicationFilterChain.internalDoFilter(ApplicationFilterChain.java:164)
	at org.apache.catalina.core.ApplicationFilterChain.doFilter(ApplicationFilterChain.java:140)
	at org.springframework.web.filter.RequestContextFilter.doFilterInternal(RequestContextFilter.java:100)
	at org.springframework.web.filter.OncePerRequestFilter.doFilter(OncePerRequestFilter.java:116)
	at org.apache.catalina.core.ApplicationFilterChain.internalDoFilter(ApplicationFilterChain.java:164)
	at org.apache.catalina.core.ApplicationFilterChain.doFilter(ApplicationFilterChain.java:140)
	at org.springframework.web.filter.FormContentFilter.doFilterInternal(FormContentFilter.java:93)
	at org.springframework.web.filter.OncePerRequestFilter.doFilter(OncePerRequestFilter.java:116)
	at org.apache.catalina.core.ApplicationFilterChain.internalDoFilter(ApplicationFilterChain.java:164)
	at org.apache.catalina.core.ApplicationFilterChain.doFilter(ApplicationFilterChain.java:140)
	at org.springframework.web.filter.CharacterEncodingFilter.doFilterInternal(CharacterEncodingFilter.java:201)
	at org.springframework.web.filter.OncePerRequestFilter.doFilter(OncePerRequestFilter.java:116)
	at org.apache.catalina.core.ApplicationFilterChain.internalDoFilter(ApplicationFilterChain.java:164)
	at org.apache.catalina.core.ApplicationFilterChain.doFilter(ApplicationFilterChain.java:140)
	at org.apache.catalina.core.StandardWrapperValve.invoke(StandardWrapperValve.java:167)
	at org.apache.catalina.core.StandardContextValve.invoke(StandardContextValve.java:90)
	at org.apache.catalina.authenticator.AuthenticatorBase.invoke(AuthenticatorBase.java:482)
	at org.apache.catalina.core.StandardHostValve.invoke(StandardHostValve.java:115)
	at org.apache.catalina.valves.ErrorReportValve.invoke(ErrorReportValve.java:93)
	at org.apache.catalina.core.StandardEngineValve.invoke(StandardEngineValve.java:74)
	at org.apache.catalina.connector.CoyoteAdapter.service(CoyoteAdapter.java:344)
	at org.apache.coyote.http11.Http11Processor.service(Http11Processor.java:389)
	at org.apache.coyote.AbstractProcessorLight.process(AbstractProcessorLight.java:63)
	at org.apache.coyote.AbstractProtocol$ConnectionHandler.process(AbstractProtocol.java:896)
	at org.apache.tomcat.util.net.NioEndpoint$SocketProcessor.doRun(NioEndpoint.java:1741)
	at org.apache.tomcat.util.net.SocketProcessorBase.run(SocketProcessorBase.java:52)
	at org.apache.tomcat.util.threads.ThreadPoolExecutor.runWorker(ThreadPoolExecutor.java:1190)
	at org.apache.tomcat.util.threads.ThreadPoolExecutor$Worker.run(ThreadPoolExecutor.java:659)
	at org.apache.tomcat.util.threads.TaskThread$WrappingRunnable.run(TaskThread.java:63)
	at java.base/java.lang.Thread.run(Thread.java:842)
2026-05-26 15:30:15.987 [RMI TCP Connection(12)-127.0.0.1] INFO  o.s.b.a.SpringApplicationAdminMXBeanRegistrar$SpringApplicationAdmin - Application shutdown requested.
2026-05-26 15:30:15.989 [RMI TCP Connection(12)-127.0.0.1] INFO  o.a.coyote.http11.Http11NioProtocol - Stopping ProtocolHandler ["http-nio-8080"]
2026-05-26 15:30:16.005 [RMI TCP Connection(12)-127.0.0.1] INFO  com.zaxxer.hikari.HikariDataSource - HikariPool-1 - Shutdown initiated...
2026-05-26 15:30:16.007 [RMI TCP Connection(12)-127.0.0.1] INFO  com.zaxxer.hikari.HikariDataSource - HikariPool-1 - Shutdown completed.
2026-05-26 15:30:17.582 [background-preinit] INFO  o.h.validator.internal.util.Version - HV000001: Hibernate Validator 8.0.1.Final
2026-05-26 15:30:17.611 [main] INFO  com.example.sms.SmsApplication - Starting SmsApplication using Java 17.0.12 with PID 35120 (C:\Work\sms-project-v2\target\classes started by ndk20 in C:\Work\sms-project-v2)
2026-05-26 15:30:17.611 [main] DEBUG com.example.sms.SmsApplication - Running with Spring Boot v3.3.0, Spring v6.1.8
2026-05-26 15:30:17.612 [main] INFO  com.example.sms.SmsApplication - The following 1 profile is active: "dev"
2026-05-26 15:30:18.171 [main] INFO  o.s.d.r.c.RepositoryConfigurationDelegate - Bootstrapping Spring Data LDAP repositories in DEFAULT mode.
2026-05-26 15:30:18.183 [main] INFO  o.s.d.r.c.RepositoryConfigurationDelegate - Finished Spring Data repository scanning in 8 ms. Found 0 LDAP repository interfaces.
2026-05-26 15:30:18.618 [main] INFO  o.s.b.w.e.tomcat.TomcatWebServer - Tomcat initialized with port 8080 (http)
2026-05-26 15:30:18.619 [main] INFO  o.a.c.core.AprLifecycleListener - An older version [1.3.1] of the Apache Tomcat Native library is installed, while Tomcat recommends a minimum version of [2.0.5]
2026-05-26 15:30:18.621 [main] INFO  o.a.c.core.AprLifecycleListener - Loaded Apache Tomcat Native library [1.3.1] using APR version [1.7.4].
2026-05-26 15:30:18.626 [main] INFO  o.a.c.core.AprLifecycleListener - OpenSSL successfully initialized [OpenSSL 3.0.14 4 Jun 2024]
2026-05-26 15:30:18.633 [main] INFO  o.a.coyote.http11.Http11NioProtocol - Initializing ProtocolHandler ["http-nio-8080"]
2026-05-26 15:30:18.634 [main] INFO  o.a.catalina.core.StandardService - Starting service [Tomcat]
2026-05-26 15:30:18.634 [main] INFO  o.a.catalina.core.StandardEngine - Starting Servlet engine: [Apache Tomcat/10.1.24]
2026-05-26 15:30:18.675 [main] INFO  o.a.c.c.C.[Tomcat].[localhost].[/] - Initializing Spring embedded WebApplicationContext
2026-05-26 15:30:18.675 [main] INFO  o.s.b.w.s.c.ServletWebServerApplicationContext - Root WebApplicationContext: initialization completed in 899 ms
2026-05-26 15:30:19.055 [main] INFO  o.s.s.c.a.a.c.InitializeUserDetailsBeanManagerConfigurer$InitializeUserDetailsManagerConfigurer - Global AuthenticationManager configured with UserDetailsService bean with name devUserDetailsService
2026-05-26 15:30:19.107 [main] INFO  o.s.b.a.w.s.WelcomePageHandlerMapping - Adding welcome page template: index
2026-05-26 15:30:19.242 [main] INFO  o.s.s.web.DefaultSecurityFilterChain - Will secure any request with [org.springframework.security.web.session.DisableEncodeUrlFilter@5a583720, org.springframework.security.web.context.request.async.WebAsyncManagerIntegrationFilter@4ed19b69, org.springframework.security.web.context.SecurityContextHolderFilter@6fa3def8, org.springframework.security.web.header.HeaderWriterFilter@3fe98084, org.springframework.web.filter.CorsFilter@59a5bb61, org.springframework.security.web.authentication.logout.LogoutFilter@f08d676, org.springframework.security.web.authentication.UsernamePasswordAuthenticationFilter@f591271, org.springframework.security.web.savedrequest.RequestCacheAwareFilter@a1cb94, org.springframework.security.web.servletapi.SecurityContextHolderAwareRequestFilter@37f41a81, org.springframework.security.web.authentication.AnonymousAuthenticationFilter@6f65aa58, org.springframework.security.web.access.ExceptionTranslationFilter@5dacf18d, org.springframework.security.web.access.intercept.AuthorizationFilter@720c8f80]
2026-05-26 15:30:19.450 [main] INFO  o.s.l.c.s.AbstractContextSource - Property 'userDn' not set - anonymous context will be used for read-only operations
2026-05-26 15:30:19.489 [main] INFO  o.a.coyote.http11.Http11NioProtocol - Starting ProtocolHandler ["http-nio-8080"]
2026-05-26 15:30:19.501 [main] INFO  o.s.b.w.e.tomcat.TomcatWebServer - Tomcat started on port 8080 (http) with context path '/'
2026-05-26 15:30:19.508 [main] INFO  com.example.sms.SmsApplication - Started SmsApplication in 2.254 seconds (process running for 2.639)
2026-05-26 15:30:19.512 [main] INFO  com.zaxxer.hikari.HikariDataSource - HikariPool-1 - Starting...
2026-05-26 15:30:19.607 [main] INFO  com.zaxxer.hikari.pool.HikariPool - HikariPool-1 - Added connection net.sf.log4jdbc.sql.jdbcapi.ConnectionSpy@771afdd5
2026-05-26 15:30:19.608 [main] INFO  com.zaxxer.hikari.HikariDataSource - HikariPool-1 - Start completed.
2026-05-26 15:30:19.614 [main] INFO  jdbc.sqlonly - CREATE TABLE IF NOT EXISTS privacy_audit_log (    log_id SERIAL PRIMARY KEY,    executor_id VARCHAR(50) NOT NULL,    executor_ip VARCHAR(50),    request_url VARCHAR(200),    action_type VARCHAR(100) NOT NULL,    target_data VARCHAR(500),    created_at TIMESTAMP DEFAULT CURRENT_TIMESTAMP);

2026-05-26 15:30:19.625 [main] INFO  jdbc.sqlonly - CREATE TABLE IF NOT EXISTS attach_file (    file_id SERIAL PRIMARY KEY,    original_name VARCHAR(300) NOT NULL,    save_name VARCHAR(300) NOT NULL,    file_path VARCHAR(500) NOT NULL,    file_size BIGINT,    ext VARCHAR(10),    created_at TIMESTAMP DEFAULT CURRENT_TIMESTAMP);

2026-05-26 15:30:24.371 [http-nio-8080-exec-1] INFO  o.a.c.c.C.[Tomcat].[localhost].[/] - Initializing Spring DispatcherServlet 'dispatcherServlet'
2026-05-26 15:30:24.371 [http-nio-8080-exec-1] INFO  o.s.web.servlet.DispatcherServlet - Initializing Servlet 'dispatcherServlet'
2026-05-26 15:30:24.373 [http-nio-8080-exec-1] INFO  o.s.web.servlet.DispatcherServlet - Completed initialization in 1 ms
2026-05-26 15:30:26.072 [http-nio-8080-exec-2] DEBUG c.e.s.mapper.EmployeeMapper.findById - ==>  Preparing: SELECT emp_id, emp_name, last_login_ip, last_login_time, created_at, updated_at FROM employee WHERE emp_id = ?
2026-05-26 15:30:26.083 [http-nio-8080-exec-2] DEBUG c.e.s.mapper.EmployeeMapper.findById - ==> Parameters: admin(String)
2026-05-26 15:30:26.084 [http-nio-8080-exec-2] INFO  jdbc.sqlonly - SELECT emp_id, emp_name, last_login_ip, last_login_time, created_at, updated_at
        FROM employee
        WHERE emp_id = 'admin'

2026-05-26 15:30:26.101 [http-nio-8080-exec-2] DEBUG c.e.s.mapper.EmployeeMapper.findById - <==      Total: 1
2026-05-26 15:30:26.107 [http-nio-8080-exec-2] DEBUG c.e.s.m.E.updateLastLogin - ==>  Preparing: UPDATE employee SET last_login_ip = ?, last_login_time = ?, updated_at = NOW() WHERE emp_id = ?
2026-05-26 15:30:26.107 [http-nio-8080-exec-2] DEBUG c.e.s.m.E.updateLastLogin - ==> Parameters: 0:0:0:0:0:0:0:1(String), 2026-05-26T15:30:26.058499400(LocalDateTime), admin(String)
2026-05-26 15:30:26.107 [http-nio-8080-exec-2] INFO  jdbc.sqlonly - UPDATE employee
        SET last_login_ip = '0:0:0:0:0:0:0:1',
            last_login_time = 2026-05-26T15:30:26.058499400,
            updated_at = NOW()
        WHERE emp_id = 'admin'

2026-05-26 15:30:26.109 [http-nio-8080-exec-2] DEBUG c.e.s.m.E.updateLastLogin - <==    Updates: 1
2026-05-26 15:30:44.711 [http-nio-8080-exec-7] ERROR c.e.s.e.GlobalExceptionHandler - handleException
org.springframework.web.servlet.resource.NoResourceFoundException: No static resource .well-known/appspecific/com.chrome.devtools.json.
	at org.springframework.web.servlet.resource.ResourceHttpRequestHandler.handleRequest(ResourceHttpRequestHandler.java:585)
	at org.springframework.web.servlet.mvc.HttpRequestHandlerAdapter.handle(HttpRequestHandlerAdapter.java:52)
	at org.springframework.web.servlet.DispatcherServlet.doDispatch(DispatcherServlet.java:1089)
	at org.springframework.web.servlet.DispatcherServlet.doService(DispatcherServlet.java:979)
	at org.springframework.web.servlet.FrameworkServlet.processRequest(FrameworkServlet.java:1014)
	at org.springframework.web.servlet.FrameworkServlet.doGet(FrameworkServlet.java:903)
	at jakarta.servlet.http.HttpServlet.service(HttpServlet.java:564)
	at org.springframework.web.servlet.FrameworkServlet.service(FrameworkServlet.java:885)
	at jakarta.servlet.http.HttpServlet.service(HttpServlet.java:658)
	at org.apache.catalina.core.ApplicationFilterChain.internalDoFilter(ApplicationFilterChain.java:195)
	at org.apache.catalina.core.ApplicationFilterChain.doFilter(ApplicationFilterChain.java:140)
	at org.apache.tomcat.websocket.server.WsFilter.doFilter(WsFilter.java:51)
	at org.apache.catalina.core.ApplicationFilterChain.internalDoFilter(ApplicationFilterChain.java:164)
	at org.apache.catalina.core.ApplicationFilterChain.doFilter(ApplicationFilterChain.java:140)
	at org.springframework.web.filter.CompositeFilter$VirtualFilterChain.doFilter(CompositeFilter.java:108)
	at org.springframework.security.web.FilterChainProxy.lambda$doFilterInternal$3(FilterChainProxy.java:231)
	at org.springframework.security.web.FilterChainProxy$VirtualFilterChain.doFilter(FilterChainProxy.java:365)
	at org.springframework.security.web.access.intercept.AuthorizationFilter.doFilter(AuthorizationFilter.java:100)
	at org.springframework.security.web.FilterChainProxy$VirtualFilterChain.doFilter(FilterChainProxy.java:374)
	at org.springframework.security.web.access.ExceptionTranslationFilter.doFilter(ExceptionTranslationFilter.java:126)
	at org.springframework.security.web.access.ExceptionTranslationFilter.doFilter(ExceptionTranslationFilter.java:120)
	at org.springframework.security.web.FilterChainProxy$VirtualFilterChain.doFilter(FilterChainProxy.java:374)
	at org.springframework.security.web.authentication.AnonymousAuthenticationFilter.doFilter(AnonymousAuthenticationFilter.java:100)
	at org.springframework.security.web.FilterChainProxy$VirtualFilterChain.doFilter(FilterChainProxy.java:374)
	at org.springframework.security.web.servletapi.SecurityContextHolderAwareRequestFilter.doFilter(SecurityContextHolderAwareRequestFilter.java:179)
	at org.springframework.security.web.FilterChainProxy$VirtualFilterChain.doFilter(FilterChainProxy.java:374)
	at org.springframework.security.web.savedrequest.RequestCacheAwareFilter.doFilter(RequestCacheAwareFilter.java:63)
	at org.springframework.security.web.FilterChainProxy$VirtualFilterChain.doFilter(FilterChainProxy.java:374)
	at org.springframework.security.web.authentication.AbstractAuthenticationProcessingFilter.doFilter(AbstractAuthenticationProcessingFilter.java:227)
	at org.springframework.security.web.authentication.AbstractAuthenticationProcessingFilter.doFilter(AbstractAuthenticationProcessingFilter.java:221)
	at org.springframework.security.web.FilterChainProxy$VirtualFilterChain.doFilter(FilterChainProxy.java:374)
	at org.springframework.security.web.authentication.logout.LogoutFilter.doFilter(LogoutFilter.java:107)
	at org.springframework.security.web.authentication.logout.LogoutFilter.doFilter(LogoutFilter.java:93)
	at org.springframework.security.web.FilterChainProxy$VirtualFilterChain.doFilter(FilterChainProxy.java:374)
	at org.springframework.web.filter.CorsFilter.doFilterInternal(CorsFilter.java:91)
	at org.springframework.web.filter.OncePerRequestFilter.doFilter(OncePerRequestFilter.java:116)
	at org.springframework.security.web.FilterChainProxy$VirtualFilterChain.doFilter(FilterChainProxy.java:374)
	at org.springframework.security.web.header.HeaderWriterFilter.doHeadersAfter(HeaderWriterFilter.java:90)
	at org.springframework.security.web.header.HeaderWriterFilter.doFilterInternal(HeaderWriterFilter.java:75)
	at org.springframework.web.filter.OncePerRequestFilter.doFilter(OncePerRequestFilter.java:116)
	at org.springframework.security.web.FilterChainProxy$VirtualFilterChain.doFilter(FilterChainProxy.java:374)
	at org.springframework.security.web.context.SecurityContextHolderFilter.doFilter(SecurityContextHolderFilter.java:82)
	at org.springframework.security.web.context.SecurityContextHolderFilter.doFilter(SecurityContextHolderFilter.java:69)
	at org.springframework.security.web.FilterChainProxy$VirtualFilterChain.doFilter(FilterChainProxy.java:374)
	at org.springframework.security.web.context.request.async.WebAsyncManagerIntegrationFilter.doFilterInternal(WebAsyncManagerIntegrationFilter.java:62)
	at org.springframework.web.filter.OncePerRequestFilter.doFilter(OncePerRequestFilter.java:116)
	at org.springframework.security.web.FilterChainProxy$VirtualFilterChain.doFilter(FilterChainProxy.java:374)
	at org.springframework.security.web.session.DisableEncodeUrlFilter.doFilterInternal(DisableEncodeUrlFilter.java:42)
	at org.springframework.web.filter.OncePerRequestFilter.doFilter(OncePerRequestFilter.java:116)
	at org.springframework.security.web.FilterChainProxy$VirtualFilterChain.doFilter(FilterChainProxy.java:374)
	at org.springframework.security.web.FilterChainProxy.doFilterInternal(FilterChainProxy.java:233)
	at org.springframework.security.web.FilterChainProxy.doFilter(FilterChainProxy.java:191)
	at org.springframework.web.filter.CompositeFilter$VirtualFilterChain.doFilter(CompositeFilter.java:113)
	at org.springframework.web.servlet.handler.HandlerMappingIntrospector.lambda$createCacheFilter$3(HandlerMappingIntrospector.java:195)
	at org.springframework.web.filter.CompositeFilter$VirtualFilterChain.doFilter(CompositeFilter.java:113)
	at org.springframework.web.filter.CompositeFilter.doFilter(CompositeFilter.java:74)
	at org.springframework.security.config.annotation.web.configuration.WebMvcSecurityConfiguration$CompositeFilterChainProxy.doFilter(WebMvcSecurityConfiguration.java:230)
	at org.springframework.web.filter.DelegatingFilterProxy.invokeDelegate(DelegatingFilterProxy.java:352)
	at org.springframework.web.filter.DelegatingFilterProxy.doFilter(DelegatingFilterProxy.java:268)
	at org.apache.catalina.core.ApplicationFilterChain.internalDoFilter(ApplicationFilterChain.java:164)
	at org.apache.catalina.core.ApplicationFilterChain.doFilter(ApplicationFilterChain.java:140)
	at org.springframework.web.filter.RequestContextFilter.doFilterInternal(RequestContextFilter.java:100)
	at org.springframework.web.filter.OncePerRequestFilter.doFilter(OncePerRequestFilter.java:116)
	at org.apache.catalina.core.ApplicationFilterChain.internalDoFilter(ApplicationFilterChain.java:164)
	at org.apache.catalina.core.ApplicationFilterChain.doFilter(ApplicationFilterChain.java:140)
	at org.springframework.web.filter.FormContentFilter.doFilterInternal(FormContentFilter.java:93)
	at org.springframework.web.filter.OncePerRequestFilter.doFilter(OncePerRequestFilter.java:116)
	at org.apache.catalina.core.ApplicationFilterChain.internalDoFilter(ApplicationFilterChain.java:164)
	at org.apache.catalina.core.ApplicationFilterChain.doFilter(ApplicationFilterChain.java:140)
	at org.springframework.web.filter.CharacterEncodingFilter.doFilterInternal(CharacterEncodingFilter.java:201)
	at org.springframework.web.filter.OncePerRequestFilter.doFilter(OncePerRequestFilter.java:116)
	at org.apache.catalina.core.ApplicationFilterChain.internalDoFilter(ApplicationFilterChain.java:164)
	at org.apache.catalina.core.ApplicationFilterChain.doFilter(ApplicationFilterChain.java:140)
	at org.apache.catalina.core.StandardWrapperValve.invoke(StandardWrapperValve.java:167)
	at org.apache.catalina.core.StandardContextValve.invoke(StandardContextValve.java:90)
	at org.apache.catalina.authenticator.AuthenticatorBase.invoke(AuthenticatorBase.java:482)
	at org.apache.catalina.core.StandardHostValve.invoke(StandardHostValve.java:115)
	at org.apache.catalina.valves.ErrorReportValve.invoke(ErrorReportValve.java:93)
	at org.apache.catalina.core.StandardEngineValve.invoke(StandardEngineValve.java:74)
	at org.apache.catalina.connector.CoyoteAdapter.service(CoyoteAdapter.java:344)
	at org.apache.coyote.http11.Http11Processor.service(Http11Processor.java:389)
	at org.apache.coyote.AbstractProcessorLight.process(AbstractProcessorLight.java:63)
	at org.apache.coyote.AbstractProtocol$ConnectionHandler.process(AbstractProtocol.java:896)
	at org.apache.tomcat.util.net.NioEndpoint$SocketProcessor.doRun(NioEndpoint.java:1741)
	at org.apache.tomcat.util.net.SocketProcessorBase.run(SocketProcessorBase.java:52)
	at org.apache.tomcat.util.threads.ThreadPoolExecutor.runWorker(ThreadPoolExecutor.java:1190)
	at org.apache.tomcat.util.threads.ThreadPoolExecutor$Worker.run(ThreadPoolExecutor.java:659)
	at org.apache.tomcat.util.threads.TaskThread$WrappingRunnable.run(TaskThread.java:63)
	at java.base/java.lang.Thread.run(Thread.java:842)
2026-05-26 15:30:50.085 [http-nio-8080-exec-10] ERROR c.e.s.e.GlobalExceptionHandler - handleException
org.springframework.web.servlet.resource.NoResourceFoundException: No static resource .well-known/appspecific/com.chrome.devtools.json.
	at org.springframework.web.servlet.resource.ResourceHttpRequestHandler.handleRequest(ResourceHttpRequestHandler.java:585)
	at org.springframework.web.servlet.mvc.HttpRequestHandlerAdapter.handle(HttpRequestHandlerAdapter.java:52)
	at org.springframework.web.servlet.DispatcherServlet.doDispatch(DispatcherServlet.java:1089)
	at org.springframework.web.servlet.DispatcherServlet.doService(DispatcherServlet.java:979)
	at org.springframework.web.servlet.FrameworkServlet.processRequest(FrameworkServlet.java:1014)
	at org.springframework.web.servlet.FrameworkServlet.doGet(FrameworkServlet.java:903)
	at jakarta.servlet.http.HttpServlet.service(HttpServlet.java:564)
	at org.springframework.web.servlet.FrameworkServlet.service(FrameworkServlet.java:885)
	at jakarta.servlet.http.HttpServlet.service(HttpServlet.java:658)
	at org.apache.catalina.core.ApplicationFilterChain.internalDoFilter(ApplicationFilterChain.java:195)
	at org.apache.catalina.core.ApplicationFilterChain.doFilter(ApplicationFilterChain.java:140)
	at org.apache.tomcat.websocket.server.WsFilter.doFilter(WsFilter.java:51)
	at org.apache.catalina.core.ApplicationFilterChain.internalDoFilter(ApplicationFilterChain.java:164)
	at org.apache.catalina.core.ApplicationFilterChain.doFilter(ApplicationFilterChain.java:140)
	at org.springframework.web.filter.CompositeFilter$VirtualFilterChain.doFilter(CompositeFilter.java:108)
	at org.springframework.security.web.FilterChainProxy.lambda$doFilterInternal$3(FilterChainProxy.java:231)
	at org.springframework.security.web.FilterChainProxy$VirtualFilterChain.doFilter(FilterChainProxy.java:365)
	at org.springframework.security.web.access.intercept.AuthorizationFilter.doFilter(AuthorizationFilter.java:100)
	at org.springframework.security.web.FilterChainProxy$VirtualFilterChain.doFilter(FilterChainProxy.java:374)
	at org.springframework.security.web.access.ExceptionTranslationFilter.doFilter(ExceptionTranslationFilter.java:126)
	at org.springframework.security.web.access.ExceptionTranslationFilter.doFilter(ExceptionTranslationFilter.java:120)
	at org.springframework.security.web.FilterChainProxy$VirtualFilterChain.doFilter(FilterChainProxy.java:374)
	at org.springframework.security.web.authentication.AnonymousAuthenticationFilter.doFilter(AnonymousAuthenticationFilter.java:100)
	at org.springframework.security.web.FilterChainProxy$VirtualFilterChain.doFilter(FilterChainProxy.java:374)
	at org.springframework.security.web.servletapi.SecurityContextHolderAwareRequestFilter.doFilter(SecurityContextHolderAwareRequestFilter.java:179)
	at org.springframework.security.web.FilterChainProxy$VirtualFilterChain.doFilter(FilterChainProxy.java:374)
	at org.springframework.security.web.savedrequest.RequestCacheAwareFilter.doFilter(RequestCacheAwareFilter.java:63)
	at org.springframework.security.web.FilterChainProxy$VirtualFilterChain.doFilter(FilterChainProxy.java:374)
	at org.springframework.security.web.authentication.AbstractAuthenticationProcessingFilter.doFilter(AbstractAuthenticationProcessingFilter.java:227)
	at org.springframework.security.web.authentication.AbstractAuthenticationProcessingFilter.doFilter(AbstractAuthenticationProcessingFilter.java:221)
	at org.springframework.security.web.FilterChainProxy$VirtualFilterChain.doFilter(FilterChainProxy.java:374)
	at org.springframework.security.web.authentication.logout.LogoutFilter.doFilter(LogoutFilter.java:107)
	at org.springframework.security.web.authentication.logout.LogoutFilter.doFilter(LogoutFilter.java:93)
	at org.springframework.security.web.FilterChainProxy$VirtualFilterChain.doFilter(FilterChainProxy.java:374)
	at org.springframework.web.filter.CorsFilter.doFilterInternal(CorsFilter.java:91)
	at org.springframework.web.filter.OncePerRequestFilter.doFilter(OncePerRequestFilter.java:116)
	at org.springframework.security.web.FilterChainProxy$VirtualFilterChain.doFilter(FilterChainProxy.java:374)
	at org.springframework.security.web.header.HeaderWriterFilter.doHeadersAfter(HeaderWriterFilter.java:90)
	at org.springframework.security.web.header.HeaderWriterFilter.doFilterInternal(HeaderWriterFilter.java:75)
	at org.springframework.web.filter.OncePerRequestFilter.doFilter(OncePerRequestFilter.java:116)
	at org.springframework.security.web.FilterChainProxy$VirtualFilterChain.doFilter(FilterChainProxy.java:374)
	at org.springframework.security.web.context.SecurityContextHolderFilter.doFilter(SecurityContextHolderFilter.java:82)
	at org.springframework.security.web.context.SecurityContextHolderFilter.doFilter(SecurityContextHolderFilter.java:69)
	at org.springframework.security.web.FilterChainProxy$VirtualFilterChain.doFilter(FilterChainProxy.java:374)
	at org.springframework.security.web.context.request.async.WebAsyncManagerIntegrationFilter.doFilterInternal(WebAsyncManagerIntegrationFilter.java:62)
	at org.springframework.web.filter.OncePerRequestFilter.doFilter(OncePerRequestFilter.java:116)
	at org.springframework.security.web.FilterChainProxy$VirtualFilterChain.doFilter(FilterChainProxy.java:374)
	at org.springframework.security.web.session.DisableEncodeUrlFilter.doFilterInternal(DisableEncodeUrlFilter.java:42)
	at org.springframework.web.filter.OncePerRequestFilter.doFilter(OncePerRequestFilter.java:116)
	at org.springframework.security.web.FilterChainProxy$VirtualFilterChain.doFilter(FilterChainProxy.java:374)
	at org.springframework.security.web.FilterChainProxy.doFilterInternal(FilterChainProxy.java:233)
	at org.springframework.security.web.FilterChainProxy.doFilter(FilterChainProxy.java:191)
	at org.springframework.web.filter.CompositeFilter$VirtualFilterChain.doFilter(CompositeFilter.java:113)
	at org.springframework.web.servlet.handler.HandlerMappingIntrospector.lambda$createCacheFilter$3(HandlerMappingIntrospector.java:195)
	at org.springframework.web.filter.CompositeFilter$VirtualFilterChain.doFilter(CompositeFilter.java:113)
	at org.springframework.web.filter.CompositeFilter.doFilter(CompositeFilter.java:74)
	at org.springframework.security.config.annotation.web.configuration.WebMvcSecurityConfiguration$CompositeFilterChainProxy.doFilter(WebMvcSecurityConfiguration.java:230)
	at org.springframework.web.filter.DelegatingFilterProxy.invokeDelegate(DelegatingFilterProxy.java:352)
	at org.springframework.web.filter.DelegatingFilterProxy.doFilter(DelegatingFilterProxy.java:268)
	at org.apache.catalina.core.ApplicationFilterChain.internalDoFilter(ApplicationFilterChain.java:164)
	at org.apache.catalina.core.ApplicationFilterChain.doFilter(ApplicationFilterChain.java:140)
	at org.springframework.web.filter.RequestContextFilter.doFilterInternal(RequestContextFilter.java:100)
	at org.springframework.web.filter.OncePerRequestFilter.doFilter(OncePerRequestFilter.java:116)
	at org.apache.catalina.core.ApplicationFilterChain.internalDoFilter(ApplicationFilterChain.java:164)
	at org.apache.catalina.core.ApplicationFilterChain.doFilter(ApplicationFilterChain.java:140)
	at org.springframework.web.filter.FormContentFilter.doFilterInternal(FormContentFilter.java:93)
	at org.springframework.web.filter.OncePerRequestFilter.doFilter(OncePerRequestFilter.java:116)
	at org.apache.catalina.core.ApplicationFilterChain.internalDoFilter(ApplicationFilterChain.java:164)
	at org.apache.catalina.core.ApplicationFilterChain.doFilter(ApplicationFilterChain.java:140)
	at org.springframework.web.filter.CharacterEncodingFilter.doFilterInternal(CharacterEncodingFilter.java:201)
	at org.springframework.web.filter.OncePerRequestFilter.doFilter(OncePerRequestFilter.java:116)
	at org.apache.catalina.core.ApplicationFilterChain.internalDoFilter(ApplicationFilterChain.java:164)
	at org.apache.catalina.core.ApplicationFilterChain.doFilter(ApplicationFilterChain.java:140)
	at org.apache.catalina.core.StandardWrapperValve.invoke(StandardWrapperValve.java:167)
	at org.apache.catalina.core.StandardContextValve.invoke(StandardContextValve.java:90)
	at org.apache.catalina.authenticator.AuthenticatorBase.invoke(AuthenticatorBase.java:482)
	at org.apache.catalina.core.StandardHostValve.invoke(StandardHostValve.java:115)
	at org.apache.catalina.valves.ErrorReportValve.invoke(ErrorReportValve.java:93)
	at org.apache.catalina.core.StandardEngineValve.invoke(StandardEngineValve.java:74)
	at org.apache.catalina.connector.CoyoteAdapter.service(CoyoteAdapter.java:344)
	at org.apache.coyote.http11.Http11Processor.service(Http11Processor.java:389)
	at org.apache.coyote.AbstractProcessorLight.process(AbstractProcessorLight.java:63)
	at org.apache.coyote.AbstractProtocol$ConnectionHandler.process(AbstractProtocol.java:896)
	at org.apache.tomcat.util.net.NioEndpoint$SocketProcessor.doRun(NioEndpoint.java:1741)
	at org.apache.tomcat.util.net.SocketProcessorBase.run(SocketProcessorBase.java:52)
	at org.apache.tomcat.util.threads.ThreadPoolExecutor.runWorker(ThreadPoolExecutor.java:1190)
	at org.apache.tomcat.util.threads.ThreadPoolExecutor$Worker.run(ThreadPoolExecutor.java:659)
	at org.apache.tomcat.util.threads.TaskThread$WrappingRunnable.run(TaskThread.java:63)
	at java.base/java.lang.Thread.run(Thread.java:842)
2026-05-26 15:30:56.413 [http-nio-8080-exec-5] ERROR c.e.s.e.GlobalExceptionHandler - handleMethodArgumentNotValidException
org.springframework.web.bind.MethodArgumentNotValidException: Validation failed for argument [0] in public org.springframework.http.ResponseEntity<com.example.sms.dto.common.PageResponseDTO<com.example.sms.vo.SmsHistoryVO>> com.example.sms.controller.SmsHistoryApiController.customerSearch(com.example.sms.dto.history.CustomerSearchRequestDTO) with 2 errors: [Field error in object 'customerSearchRequestDTO' on field 'customerId': rejected value []; codes [NotBlank.customerSearchRequestDTO.customerId,NotBlank.customerId,NotBlank.java.lang.String,NotBlank]; arguments [org.springframework.context.support.DefaultMessageSourceResolvable: codes [customerSearchRequestDTO.customerId,customerId]; arguments []; default message [customerId]]; default message [조회할 고객 ID는 필수 입력 항목입니다.]] [Field error in object 'customerSearchRequestDTO' on field 'customerId': rejected value []; codes [Size.customerSearchRequestDTO.customerId,Size.customerId,Size.java.lang.String,Size]; arguments [org.springframework.context.support.DefaultMessageSourceResolvable: codes [customerSearchRequestDTO.customerId,customerId]; arguments []; default message [customerId],15,5]; default message [고객 ID는 5자 이상 15자 이하로 입력해야 합니다.]] 
	at org.springframework.web.servlet.mvc.method.annotation.RequestResponseBodyMethodProcessor.resolveArgument(RequestResponseBodyMethodProcessor.java:144)
	at org.springframework.web.method.support.HandlerMethodArgumentResolverComposite.resolveArgument(HandlerMethodArgumentResolverComposite.java:122)
	at org.springframework.web.method.support.InvocableHandlerMethod.getMethodArgumentValues(InvocableHandlerMethod.java:224)
	at org.springframework.web.method.support.InvocableHandlerMethod.invokeForRequest(InvocableHandlerMethod.java:178)
	at org.springframework.web.servlet.mvc.method.annotation.ServletInvocableHandlerMethod.invokeAndHandle(ServletInvocableHandlerMethod.java:118)
	at org.springframework.web.servlet.mvc.method.annotation.RequestMappingHandlerAdapter.invokeHandlerMethod(RequestMappingHandlerAdapter.java:926)
	at org.springframework.web.servlet.mvc.method.annotation.RequestMappingHandlerAdapter.handleInternal(RequestMappingHandlerAdapter.java:831)
	at org.springframework.web.servlet.mvc.method.AbstractHandlerMethodAdapter.handle(AbstractHandlerMethodAdapter.java:87)
	at org.springframework.web.servlet.DispatcherServlet.doDispatch(DispatcherServlet.java:1089)
	at org.springframework.web.servlet.DispatcherServlet.doService(DispatcherServlet.java:979)
	at org.springframework.web.servlet.FrameworkServlet.processRequest(FrameworkServlet.java:1014)
	at org.springframework.web.servlet.FrameworkServlet.doPost(FrameworkServlet.java:914)
	at jakarta.servlet.http.HttpServlet.service(HttpServlet.java:590)
	at org.springframework.web.servlet.FrameworkServlet.service(FrameworkServlet.java:885)
	at jakarta.servlet.http.HttpServlet.service(HttpServlet.java:658)
	at org.apache.catalina.core.ApplicationFilterChain.internalDoFilter(ApplicationFilterChain.java:195)
	at org.apache.catalina.core.ApplicationFilterChain.doFilter(ApplicationFilterChain.java:140)
	at org.apache.tomcat.websocket.server.WsFilter.doFilter(WsFilter.java:51)
	at org.apache.catalina.core.ApplicationFilterChain.internalDoFilter(ApplicationFilterChain.java:164)
	at org.apache.catalina.core.ApplicationFilterChain.doFilter(ApplicationFilterChain.java:140)
	at org.springframework.web.filter.CompositeFilter$VirtualFilterChain.doFilter(CompositeFilter.java:108)
	at org.springframework.security.web.FilterChainProxy.lambda$doFilterInternal$3(FilterChainProxy.java:231)
	at org.springframework.security.web.FilterChainProxy$VirtualFilterChain.doFilter(FilterChainProxy.java:365)
	at org.springframework.security.web.access.intercept.AuthorizationFilter.doFilter(AuthorizationFilter.java:100)
	at org.springframework.security.web.FilterChainProxy$VirtualFilterChain.doFilter(FilterChainProxy.java:374)
	at org.springframework.security.web.access.ExceptionTranslationFilter.doFilter(ExceptionTranslationFilter.java:126)
	at org.springframework.security.web.access.ExceptionTranslationFilter.doFilter(ExceptionTranslationFilter.java:120)
	at org.springframework.security.web.FilterChainProxy$VirtualFilterChain.doFilter(FilterChainProxy.java:374)
	at org.springframework.security.web.authentication.AnonymousAuthenticationFilter.doFilter(AnonymousAuthenticationFilter.java:100)
	at org.springframework.security.web.FilterChainProxy$VirtualFilterChain.doFilter(FilterChainProxy.java:374)
	at org.springframework.security.web.servletapi.SecurityContextHolderAwareRequestFilter.doFilter(SecurityContextHolderAwareRequestFilter.java:179)
	at org.springframework.security.web.FilterChainProxy$VirtualFilterChain.doFilter(FilterChainProxy.java:374)
	at org.springframework.security.web.savedrequest.RequestCacheAwareFilter.doFilter(RequestCacheAwareFilter.java:63)
	at org.springframework.security.web.FilterChainProxy$VirtualFilterChain.doFilter(FilterChainProxy.java:374)
	at org.springframework.security.web.authentication.AbstractAuthenticationProcessingFilter.doFilter(AbstractAuthenticationProcessingFilter.java:227)
	at org.springframework.security.web.authentication.AbstractAuthenticationProcessingFilter.doFilter(AbstractAuthenticationProcessingFilter.java:221)
	at org.springframework.security.web.FilterChainProxy$VirtualFilterChain.doFilter(FilterChainProxy.java:374)
	at org.springframework.security.web.authentication.logout.LogoutFilter.doFilter(LogoutFilter.java:107)
	at org.springframework.security.web.authentication.logout.LogoutFilter.doFilter(LogoutFilter.java:93)
	at org.springframework.security.web.FilterChainProxy$VirtualFilterChain.doFilter(FilterChainProxy.java:374)
	at org.springframework.web.filter.CorsFilter.doFilterInternal(CorsFilter.java:91)
	at org.springframework.web.filter.OncePerRequestFilter.doFilter(OncePerRequestFilter.java:116)
	at org.springframework.security.web.FilterChainProxy$VirtualFilterChain.doFilter(FilterChainProxy.java:374)
	at org.springframework.security.web.header.HeaderWriterFilter.doHeadersAfter(HeaderWriterFilter.java:90)
	at org.springframework.security.web.header.HeaderWriterFilter.doFilterInternal(HeaderWriterFilter.java:75)
	at org.springframework.web.filter.OncePerRequestFilter.doFilter(OncePerRequestFilter.java:116)
	at org.springframework.security.web.FilterChainProxy$VirtualFilterChain.doFilter(FilterChainProxy.java:374)
	at org.springframework.security.web.context.SecurityContextHolderFilter.doFilter(SecurityContextHolderFilter.java:82)
	at org.springframework.security.web.context.SecurityContextHolderFilter.doFilter(SecurityContextHolderFilter.java:69)
	at org.springframework.security.web.FilterChainProxy$VirtualFilterChain.doFilter(FilterChainProxy.java:374)
	at org.springframework.security.web.context.request.async.WebAsyncManagerIntegrationFilter.doFilterInternal(WebAsyncManagerIntegrationFilter.java:62)
	at org.springframework.web.filter.OncePerRequestFilter.doFilter(OncePerRequestFilter.java:116)
	at org.springframework.security.web.FilterChainProxy$VirtualFilterChain.doFilter(FilterChainProxy.java:374)
	at org.springframework.security.web.session.DisableEncodeUrlFilter.doFilterInternal(DisableEncodeUrlFilter.java:42)
	at org.springframework.web.filter.OncePerRequestFilter.doFilter(OncePerRequestFilter.java:116)
	at org.springframework.security.web.FilterChainProxy$VirtualFilterChain.doFilter(FilterChainProxy.java:374)
	at org.springframework.security.web.FilterChainProxy.doFilterInternal(FilterChainProxy.java:233)
	at org.springframework.security.web.FilterChainProxy.doFilter(FilterChainProxy.java:191)
	at org.springframework.web.filter.CompositeFilter$VirtualFilterChain.doFilter(CompositeFilter.java:113)
	at org.springframework.web.servlet.handler.HandlerMappingIntrospector.lambda$createCacheFilter$3(HandlerMappingIntrospector.java:195)
	at org.springframework.web.filter.CompositeFilter$VirtualFilterChain.doFilter(CompositeFilter.java:113)
	at org.springframework.web.filter.CompositeFilter.doFilter(CompositeFilter.java:74)
	at org.springframework.security.config.annotation.web.configuration.WebMvcSecurityConfiguration$CompositeFilterChainProxy.doFilter(WebMvcSecurityConfiguration.java:230)
	at org.springframework.web.filter.DelegatingFilterProxy.invokeDelegate(DelegatingFilterProxy.java:352)
	at org.springframework.web.filter.DelegatingFilterProxy.doFilter(DelegatingFilterProxy.java:268)
	at org.apache.catalina.core.ApplicationFilterChain.internalDoFilter(ApplicationFilterChain.java:164)
	at org.apache.catalina.core.ApplicationFilterChain.doFilter(ApplicationFilterChain.java:140)
	at org.springframework.web.filter.RequestContextFilter.doFilterInternal(RequestContextFilter.java:100)
	at org.springframework.web.filter.OncePerRequestFilter.doFilter(OncePerRequestFilter.java:116)
	at org.apache.catalina.core.ApplicationFilterChain.internalDoFilter(ApplicationFilterChain.java:164)
	at org.apache.catalina.core.ApplicationFilterChain.doFilter(ApplicationFilterChain.java:140)
	at org.springframework.web.filter.FormContentFilter.doFilterInternal(FormContentFilter.java:93)
	at org.springframework.web.filter.OncePerRequestFilter.doFilter(OncePerRequestFilter.java:116)
	at org.apache.catalina.core.ApplicationFilterChain.internalDoFilter(ApplicationFilterChain.java:164)
	at org.apache.catalina.core.ApplicationFilterChain.doFilter(ApplicationFilterChain.java:140)
	at org.springframework.web.filter.CharacterEncodingFilter.doFilterInternal(CharacterEncodingFilter.java:201)
	at org.springframework.web.filter.OncePerRequestFilter.doFilter(OncePerRequestFilter.java:116)
	at org.apache.catalina.core.ApplicationFilterChain.internalDoFilter(ApplicationFilterChain.java:164)
	at org.apache.catalina.core.ApplicationFilterChain.doFilter(ApplicationFilterChain.java:140)
	at org.apache.catalina.core.StandardWrapperValve.invoke(StandardWrapperValve.java:167)
	at org.apache.catalina.core.StandardContextValve.invoke(StandardContextValve.java:90)
	at org.apache.catalina.authenticator.AuthenticatorBase.invoke(AuthenticatorBase.java:482)
	at org.apache.catalina.core.StandardHostValve.invoke(StandardHostValve.java:115)
	at org.apache.catalina.valves.ErrorReportValve.invoke(ErrorReportValve.java:93)
	at org.apache.catalina.core.StandardEngineValve.invoke(StandardEngineValve.java:74)
	at org.apache.catalina.connector.CoyoteAdapter.service(CoyoteAdapter.java:344)
	at org.apache.coyote.http11.Http11Processor.service(Http11Processor.java:389)
	at org.apache.coyote.AbstractProcessorLight.process(AbstractProcessorLight.java:63)
	at org.apache.coyote.AbstractProtocol$ConnectionHandler.process(AbstractProtocol.java:896)
	at org.apache.tomcat.util.net.NioEndpoint$SocketProcessor.doRun(NioEndpoint.java:1741)
	at org.apache.tomcat.util.net.SocketProcessorBase.run(SocketProcessorBase.java:52)
	at org.apache.tomcat.util.threads.ThreadPoolExecutor.runWorker(ThreadPoolExecutor.java:1190)
	at org.apache.tomcat.util.threads.ThreadPoolExecutor$Worker.run(ThreadPoolExecutor.java:659)
	at org.apache.tomcat.util.threads.TaskThread$WrappingRunnable.run(TaskThread.java:63)
	at java.base/java.lang.Thread.run(Thread.java:842)
2026-05-26 15:31:00.306 [http-nio-8080-exec-8] DEBUG c.e.s.m.P.insertAuditLog - ==>  Preparing: INSERT INTO privacy_audit_log ( executor_id, executor_ip, request_url, action_type, target_data ) VALUES ( ?, ?, ?, ?, ? )
2026-05-26 15:31:00.306 [http-nio-8080-exec-8] DEBUG c.e.s.m.P.insertAuditLog - ==> Parameters: admin(String), 0:0:0:0:0:0:0:1(String), /api/history/customer-search(String), 고객별 발송내역 조회 (주민번호/전화번호 포함)(String), [{"page":1,"size":10,"keyword":null,"searchType":null,"customerId":"CUST001","searchKeyword":"","offset":0}](String)
2026-05-26 15:31:00.306 [http-nio-8080-exec-8] INFO  jdbc.sqlonly - INSERT INTO privacy_audit_log (
            executor_id,
            executor_ip,
            request_url,
            action_type,
            target_data
        ) VALUES (
            'admin',
            '0:0:0:0:0:0:0:1',
            '/api/history/customer-search',
            '고객별 발송내역 조회 (주민번호/전화번호 포함)',
            '[{"page":1,"size":10,"keyword":null,"searchType":null,"customerId":"CUST001","searchKeyword":"","offset":0}]'
        )

2026-05-26 15:31:00.314 [http-nio-8080-exec-8] DEBUG c.e.s.m.P.insertAuditLog - <==    Updates: 1
2026-05-26 15:31:00.314 [http-nio-8080-exec-8] DEBUG c.e.s.c.SmsHistoryApiController - [API LOG] 고객별 조회 검증 통과 완료. DTO 수신: CustomerSearchRequestDTO(customerId=CUST001, searchKeyword=)
2026-05-26 15:31:00.330 [http-nio-8080-exec-8] DEBUG c.e.s.m.S.selectCustomerHistoryCount - ==>  Preparing: SELECT COUNT(*) FROM sms_history WHERE receiver_no = ?
2026-05-26 15:31:00.330 [http-nio-8080-exec-8] DEBUG c.e.s.m.S.selectCustomerHistoryCount - ==> Parameters: CUST001(String)
2026-05-26 15:31:00.330 [http-nio-8080-exec-8] INFO  jdbc.sqlonly - SELECT COUNT(*) 
        FROM sms_history 
        WHERE receiver_no = 'CUST001'

2026-05-26 15:31:00.337 [http-nio-8080-exec-8] DEBUG c.e.s.m.S.selectCustomerHistoryCount - <==      Total: 1
2026-05-26 15:31:00.338 [http-nio-8080-exec-8] DEBUG c.e.s.m.S.selectCustomerHistoryList - ==>  Preparing: SELECT id, campaign_name, send_type, sender_no, receiver_no, LEFT(message, 50) AS message, send_status, resend_yn, result_code, result_message, sent_at, created_at, updated_at FROM sms_history WHERE receiver_no = ? ORDER BY id DESC LIMIT ? OFFSET ?
2026-05-26 15:31:00.339 [http-nio-8080-exec-8] DEBUG c.e.s.m.S.selectCustomerHistoryList - ==> Parameters: CUST001(String), 10(Integer), 0(Integer)
2026-05-26 15:31:00.339 [http-nio-8080-exec-8] INFO  jdbc.sqlonly - SELECT
            id,
            campaign_name,
            send_type,
            sender_no,
            receiver_no,
            LEFT(message, 50) AS message, 
            send_status,
            resend_yn,
            result_code,
            result_message,
            sent_at,
            created_at,
            updated_at
        FROM sms_history
        WHERE receiver_no = 'CUST001'

        ORDER BY id DESC

        LIMIT 10 OFFSET 0

2026-05-26 15:31:00.343 [http-nio-8080-exec-8] DEBUG c.e.s.m.S.selectCustomerHistoryList - <==      Total: 3
2026-05-26 15:31:14.408 [http-nio-8080-exec-3] ERROR c.e.s.e.GlobalExceptionHandler - handleException
org.springframework.web.servlet.resource.NoResourceFoundException: No static resource .well-known/appspecific/com.chrome.devtools.json.
	at org.springframework.web.servlet.resource.ResourceHttpRequestHandler.handleRequest(ResourceHttpRequestHandler.java:585)
	at org.springframework.web.servlet.mvc.HttpRequestHandlerAdapter.handle(HttpRequestHandlerAdapter.java:52)
	at org.springframework.web.servlet.DispatcherServlet.doDispatch(DispatcherServlet.java:1089)
	at org.springframework.web.servlet.DispatcherServlet.doService(DispatcherServlet.java:979)
	at org.springframework.web.servlet.FrameworkServlet.processRequest(FrameworkServlet.java:1014)
	at org.springframework.web.servlet.FrameworkServlet.doGet(FrameworkServlet.java:903)
	at jakarta.servlet.http.HttpServlet.service(HttpServlet.java:564)
	at org.springframework.web.servlet.FrameworkServlet.service(FrameworkServlet.java:885)
	at jakarta.servlet.http.HttpServlet.service(HttpServlet.java:658)
	at org.apache.catalina.core.ApplicationFilterChain.internalDoFilter(ApplicationFilterChain.java:195)
	at org.apache.catalina.core.ApplicationFilterChain.doFilter(ApplicationFilterChain.java:140)
	at org.apache.tomcat.websocket.server.WsFilter.doFilter(WsFilter.java:51)
	at org.apache.catalina.core.ApplicationFilterChain.internalDoFilter(ApplicationFilterChain.java:164)
	at org.apache.catalina.core.ApplicationFilterChain.doFilter(ApplicationFilterChain.java:140)
	at org.springframework.web.filter.CompositeFilter$VirtualFilterChain.doFilter(CompositeFilter.java:108)
	at org.springframework.security.web.FilterChainProxy.lambda$doFilterInternal$3(FilterChainProxy.java:231)
	at org.springframework.security.web.FilterChainProxy$VirtualFilterChain.doFilter(FilterChainProxy.java:365)
	at org.springframework.security.web.access.intercept.AuthorizationFilter.doFilter(AuthorizationFilter.java:100)
	at org.springframework.security.web.FilterChainProxy$VirtualFilterChain.doFilter(FilterChainProxy.java:374)
	at org.springframework.security.web.access.ExceptionTranslationFilter.doFilter(ExceptionTranslationFilter.java:126)
	at org.springframework.security.web.access.ExceptionTranslationFilter.doFilter(ExceptionTranslationFilter.java:120)
	at org.springframework.security.web.FilterChainProxy$VirtualFilterChain.doFilter(FilterChainProxy.java:374)
	at org.springframework.security.web.authentication.AnonymousAuthenticationFilter.doFilter(AnonymousAuthenticationFilter.java:100)
	at org.springframework.security.web.FilterChainProxy$VirtualFilterChain.doFilter(FilterChainProxy.java:374)
	at org.springframework.security.web.servletapi.SecurityContextHolderAwareRequestFilter.doFilter(SecurityContextHolderAwareRequestFilter.java:179)
	at org.springframework.security.web.FilterChainProxy$VirtualFilterChain.doFilter(FilterChainProxy.java:374)
	at org.springframework.security.web.savedrequest.RequestCacheAwareFilter.doFilter(RequestCacheAwareFilter.java:63)
	at org.springframework.security.web.FilterChainProxy$VirtualFilterChain.doFilter(FilterChainProxy.java:374)
	at org.springframework.security.web.authentication.AbstractAuthenticationProcessingFilter.doFilter(AbstractAuthenticationProcessingFilter.java:227)
	at org.springframework.security.web.authentication.AbstractAuthenticationProcessingFilter.doFilter(AbstractAuthenticationProcessingFilter.java:221)
	at org.springframework.security.web.FilterChainProxy$VirtualFilterChain.doFilter(FilterChainProxy.java:374)
	at org.springframework.security.web.authentication.logout.LogoutFilter.doFilter(LogoutFilter.java:107)
	at org.springframework.security.web.authentication.logout.LogoutFilter.doFilter(LogoutFilter.java:93)
	at org.springframework.security.web.FilterChainProxy$VirtualFilterChain.doFilter(FilterChainProxy.java:374)
	at org.springframework.web.filter.CorsFilter.doFilterInternal(CorsFilter.java:91)
	at org.springframework.web.filter.OncePerRequestFilter.doFilter(OncePerRequestFilter.java:116)
	at org.springframework.security.web.FilterChainProxy$VirtualFilterChain.doFilter(FilterChainProxy.java:374)
	at org.springframework.security.web.header.HeaderWriterFilter.doHeadersAfter(HeaderWriterFilter.java:90)
	at org.springframework.security.web.header.HeaderWriterFilter.doFilterInternal(HeaderWriterFilter.java:75)
	at org.springframework.web.filter.OncePerRequestFilter.doFilter(OncePerRequestFilter.java:116)
	at org.springframework.security.web.FilterChainProxy$VirtualFilterChain.doFilter(FilterChainProxy.java:374)
	at org.springframework.security.web.context.SecurityContextHolderFilter.doFilter(SecurityContextHolderFilter.java:82)
	at org.springframework.security.web.context.SecurityContextHolderFilter.doFilter(SecurityContextHolderFilter.java:69)
	at org.springframework.security.web.FilterChainProxy$VirtualFilterChain.doFilter(FilterChainProxy.java:374)
	at org.springframework.security.web.context.request.async.WebAsyncManagerIntegrationFilter.doFilterInternal(WebAsyncManagerIntegrationFilter.java:62)
	at org.springframework.web.filter.OncePerRequestFilter.doFilter(OncePerRequestFilter.java:116)
	at org.springframework.security.web.FilterChainProxy$VirtualFilterChain.doFilter(FilterChainProxy.java:374)
	at org.springframework.security.web.session.DisableEncodeUrlFilter.doFilterInternal(DisableEncodeUrlFilter.java:42)
	at org.springframework.web.filter.OncePerRequestFilter.doFilter(OncePerRequestFilter.java:116)
	at org.springframework.security.web.FilterChainProxy$VirtualFilterChain.doFilter(FilterChainProxy.java:374)
	at org.springframework.security.web.FilterChainProxy.doFilterInternal(FilterChainProxy.java:233)
	at org.springframework.security.web.FilterChainProxy.doFilter(FilterChainProxy.java:191)
	at org.springframework.web.filter.CompositeFilter$VirtualFilterChain.doFilter(CompositeFilter.java:113)
	at org.springframework.web.servlet.handler.HandlerMappingIntrospector.lambda$createCacheFilter$3(HandlerMappingIntrospector.java:195)
	at org.springframework.web.filter.CompositeFilter$VirtualFilterChain.doFilter(CompositeFilter.java:113)
	at org.springframework.web.filter.CompositeFilter.doFilter(CompositeFilter.java:74)
	at org.springframework.security.config.annotation.web.configuration.WebMvcSecurityConfiguration$CompositeFilterChainProxy.doFilter(WebMvcSecurityConfiguration.java:230)
	at org.springframework.web.filter.DelegatingFilterProxy.invokeDelegate(DelegatingFilterProxy.java:352)
	at org.springframework.web.filter.DelegatingFilterProxy.doFilter(DelegatingFilterProxy.java:268)
	at org.apache.catalina.core.ApplicationFilterChain.internalDoFilter(ApplicationFilterChain.java:164)
	at org.apache.catalina.core.ApplicationFilterChain.doFilter(ApplicationFilterChain.java:140)
	at org.springframework.web.filter.RequestContextFilter.doFilterInternal(RequestContextFilter.java:100)
	at org.springframework.web.filter.OncePerRequestFilter.doFilter(OncePerRequestFilter.java:116)
	at org.apache.catalina.core.ApplicationFilterChain.internalDoFilter(ApplicationFilterChain.java:164)
	at org.apache.catalina.core.ApplicationFilterChain.doFilter(ApplicationFilterChain.java:140)
	at org.springframework.web.filter.FormContentFilter.doFilterInternal(FormContentFilter.java:93)
	at org.springframework.web.filter.OncePerRequestFilter.doFilter(OncePerRequestFilter.java:116)
	at org.apache.catalina.core.ApplicationFilterChain.internalDoFilter(ApplicationFilterChain.java:164)
	at org.apache.catalina.core.ApplicationFilterChain.doFilter(ApplicationFilterChain.java:140)
	at org.springframework.web.filter.CharacterEncodingFilter.doFilterInternal(CharacterEncodingFilter.java:201)
	at org.springframework.web.filter.OncePerRequestFilter.doFilter(OncePerRequestFilter.java:116)
	at org.apache.catalina.core.ApplicationFilterChain.internalDoFilter(ApplicationFilterChain.java:164)
	at org.apache.catalina.core.ApplicationFilterChain.doFilter(ApplicationFilterChain.java:140)
	at org.apache.catalina.core.StandardWrapperValve.invoke(StandardWrapperValve.java:167)
	at org.apache.catalina.core.StandardContextValve.invoke(StandardContextValve.java:90)
	at org.apache.catalina.authenticator.AuthenticatorBase.invoke(AuthenticatorBase.java:482)
	at org.apache.catalina.core.StandardHostValve.invoke(StandardHostValve.java:115)
	at org.apache.catalina.valves.ErrorReportValve.invoke(ErrorReportValve.java:93)
	at org.apache.catalina.core.StandardEngineValve.invoke(StandardEngineValve.java:74)
	at org.apache.catalina.connector.CoyoteAdapter.service(CoyoteAdapter.java:344)
	at org.apache.coyote.http11.Http11Processor.service(Http11Processor.java:389)
	at org.apache.coyote.AbstractProcessorLight.process(AbstractProcessorLight.java:63)
	at org.apache.coyote.AbstractProtocol$ConnectionHandler.process(AbstractProtocol.java:896)
	at org.apache.tomcat.util.net.NioEndpoint$SocketProcessor.doRun(NioEndpoint.java:1741)
	at org.apache.tomcat.util.net.SocketProcessorBase.run(SocketProcessorBase.java:52)
	at org.apache.tomcat.util.threads.ThreadPoolExecutor.runWorker(ThreadPoolExecutor.java:1190)
	at org.apache.tomcat.util.threads.ThreadPoolExecutor$Worker.run(ThreadPoolExecutor.java:659)
	at org.apache.tomcat.util.threads.TaskThread$WrappingRunnable.run(TaskThread.java:63)
	at java.base/java.lang.Thread.run(Thread.java:842)
2026-05-26 15:32:24.489 [http-nio-8080-exec-3] DEBUG c.e.s.c.SmsHistoryApiController - SMS API 목록 요청 request=SmsSearchRequestDTO(startDate=2026-05-26, endDate=2026-05-26, receiverNo=, sendType=)
2026-05-26 15:32:24.490 [http-nio-8080-exec-3] DEBUG c.e.s.service.SmsHistoryServiceImpl - SMS 목록 조회 request=SmsSearchRequestDTO(startDate=2026-05-26, endDate=2026-05-26, receiverNo=, sendType=)
2026-05-26 15:32:24.492 [http-nio-8080-exec-3] DEBUG c.e.s.m.SmsHistoryMapper.findAll - ==>  Preparing: SELECT id, campaign_name, send_type, sender_no, receiver_no, LEFT(message, 50) AS message, send_status, resend_yn, result_code, result_message, sent_at, created_at, updated_at FROM sms_history WHERE sent_at >= ?::date AND sent_at < (?::date + INTERVAL '1 day') ORDER BY id DESC LIMIT ? OFFSET ?
2026-05-26 15:32:24.492 [http-nio-8080-exec-3] DEBUG c.e.s.m.SmsHistoryMapper.findAll - ==> Parameters: 2026-05-26(String), 2026-05-26(String), 10(Integer), 0(Integer)
2026-05-26 15:32:24.492 [http-nio-8080-exec-3] INFO  jdbc.sqlonly - SELECT
            id,
            campaign_name,
            send_type,
            sender_no,
            receiver_no,
            LEFT(message, 50) AS message,
            send_status,
            resend_yn,
            result_code,
            result_message,
            sent_at,
            created_at,
            updated_at
        FROM sms_history

         WHERE  sent_at >= '2026-05-26'::date

                AND sent_at < ('2026-05-26'::date + INTERVAL '1 day') 

        ORDER BY id DESC
        LIMIT 10 OFFSET 0

2026-05-26 15:32:24.495 [http-nio-8080-exec-3] DEBUG c.e.s.m.SmsHistoryMapper.findAll - <==      Total: 0
2026-05-26 15:32:24.495 [http-nio-8080-exec-3] DEBUG c.e.s.mapper.SmsHistoryMapper.count - ==>  Preparing: SELECT COUNT(*) FROM sms_history WHERE sent_at >= ?::date AND sent_at < (?::date + INTERVAL '1 day')
2026-05-26 15:32:24.496 [http-nio-8080-exec-3] DEBUG c.e.s.mapper.SmsHistoryMapper.count - ==> Parameters: 2026-05-26(String), 2026-05-26(String)
2026-05-26 15:32:24.496 [http-nio-8080-exec-3] INFO  jdbc.sqlonly - SELECT COUNT(*)
        FROM sms_history

         WHERE  sent_at >= '2026-05-26'::date

                AND sent_at < ('2026-05-26'::date + INTERVAL '1 day')

2026-05-26 15:32:24.497 [http-nio-8080-exec-3] DEBUG c.e.s.mapper.SmsHistoryMapper.count - <==      Total: 1
2026-05-26 15:32:28.333 [http-nio-8080-exec-7] DEBUG c.e.s.c.SmsHistoryApiController - SMS API 목록 요청 request=SmsSearchRequestDTO(startDate=2026-05-05, endDate=2026-05-26, receiverNo=, sendType=)
2026-05-26 15:32:28.335 [http-nio-8080-exec-7] DEBUG c.e.s.service.SmsHistoryServiceImpl - SMS 목록 조회 request=SmsSearchRequestDTO(startDate=2026-05-05, endDate=2026-05-26, receiverNo=, sendType=)
2026-05-26 15:32:28.336 [http-nio-8080-exec-7] DEBUG c.e.s.m.SmsHistoryMapper.findAll - ==>  Preparing: SELECT id, campaign_name, send_type, sender_no, receiver_no, LEFT(message, 50) AS message, send_status, resend_yn, result_code, result_message, sent_at, created_at, updated_at FROM sms_history WHERE sent_at >= ?::date AND sent_at < (?::date + INTERVAL '1 day') ORDER BY id DESC LIMIT ? OFFSET ?
2026-05-26 15:32:28.336 [http-nio-8080-exec-7] DEBUG c.e.s.m.SmsHistoryMapper.findAll - ==> Parameters: 2026-05-05(String), 2026-05-26(String), 10(Integer), 0(Integer)
2026-05-26 15:32:28.336 [http-nio-8080-exec-7] INFO  jdbc.sqlonly - SELECT
            id,
            campaign_name,
            send_type,
            sender_no,
            receiver_no,
            LEFT(message, 50) AS message,
            send_status,
            resend_yn,
            result_code,
            result_message,
            sent_at,
            created_at,
            updated_at
        FROM sms_history

         WHERE  sent_at >= '2026-05-05'::date

                AND sent_at < ('2026-05-26'::date + INTERVAL '1 day') 

        ORDER BY id DESC
        LIMIT 10 OFFSET 0

2026-05-26 15:32:28.339 [http-nio-8080-exec-7] DEBUG c.e.s.m.SmsHistoryMapper.findAll - <==      Total: 10
2026-05-26 15:32:28.339 [http-nio-8080-exec-7] DEBUG c.e.s.mapper.SmsHistoryMapper.count - ==>  Preparing: SELECT COUNT(*) FROM sms_history WHERE sent_at >= ?::date AND sent_at < (?::date + INTERVAL '1 day')
2026-05-26 15:32:28.342 [http-nio-8080-exec-7] DEBUG c.e.s.mapper.SmsHistoryMapper.count - ==> Parameters: 2026-05-05(String), 2026-05-26(String)
2026-05-26 15:32:28.342 [http-nio-8080-exec-7] INFO  jdbc.sqlonly - SELECT COUNT(*)
        FROM sms_history

         WHERE  sent_at >= '2026-05-05'::date

                AND sent_at < ('2026-05-26'::date + INTERVAL '1 day')

2026-05-26 15:32:28.344 [http-nio-8080-exec-7] DEBUG c.e.s.mapper.SmsHistoryMapper.count - <==      Total: 1
2026-05-26 15:32:29.737 [http-nio-8080-exec-8] DEBUG c.e.s.c.SmsHistoryApiController - SMS API 목록 요청 request=SmsSearchRequestDTO(startDate=2026-05-05, endDate=2026-05-26, receiverNo=, sendType=)
2026-05-26 15:32:29.738 [http-nio-8080-exec-8] DEBUG c.e.s.service.SmsHistoryServiceImpl - SMS 목록 조회 request=SmsSearchRequestDTO(startDate=2026-05-05, endDate=2026-05-26, receiverNo=, sendType=)
2026-05-26 15:32:29.739 [http-nio-8080-exec-8] DEBUG c.e.s.m.SmsHistoryMapper.findAll - ==>  Preparing: SELECT id, campaign_name, send_type, sender_no, receiver_no, LEFT(message, 50) AS message, send_status, resend_yn, result_code, result_message, sent_at, created_at, updated_at FROM sms_history WHERE sent_at >= ?::date AND sent_at < (?::date + INTERVAL '1 day') ORDER BY id DESC LIMIT ? OFFSET ?
2026-05-26 15:32:29.739 [http-nio-8080-exec-8] DEBUG c.e.s.m.SmsHistoryMapper.findAll - ==> Parameters: 2026-05-05(String), 2026-05-26(String), 10(Integer), 10(Integer)
2026-05-26 15:32:29.739 [http-nio-8080-exec-8] INFO  jdbc.sqlonly - SELECT
            id,
            campaign_name,
            send_type,
            sender_no,
            receiver_no,
            LEFT(message, 50) AS message,
            send_status,
            resend_yn,
            result_code,
            result_message,
            sent_at,
            created_at,
            updated_at
        FROM sms_history

         WHERE  sent_at >= '2026-05-05'::date

                AND sent_at < ('2026-05-26'::date + INTERVAL '1 day') 

        ORDER BY id DESC
        LIMIT 10 OFFSET 10

2026-05-26 15:32:29.748 [http-nio-8080-exec-8] DEBUG c.e.s.m.SmsHistoryMapper.findAll - <==      Total: 10
2026-05-26 15:32:29.748 [http-nio-8080-exec-8] DEBUG c.e.s.mapper.SmsHistoryMapper.count - ==>  Preparing: SELECT COUNT(*) FROM sms_history WHERE sent_at >= ?::date AND sent_at < (?::date + INTERVAL '1 day')
2026-05-26 15:32:29.748 [http-nio-8080-exec-8] DEBUG c.e.s.mapper.SmsHistoryMapper.count - ==> Parameters: 2026-05-05(String), 2026-05-26(String)
2026-05-26 15:32:29.750 [http-nio-8080-exec-8] INFO  jdbc.sqlonly - SELECT COUNT(*)
        FROM sms_history

         WHERE  sent_at >= '2026-05-05'::date

                AND sent_at < ('2026-05-26'::date + INTERVAL '1 day')

2026-05-26 15:32:29.751 [http-nio-8080-exec-8] DEBUG c.e.s.mapper.SmsHistoryMapper.count - <==      Total: 1
2026-05-26 15:32:30.156 [http-nio-8080-exec-10] DEBUG c.e.s.c.SmsHistoryApiController - SMS API 목록 요청 request=SmsSearchRequestDTO(startDate=2026-05-05, endDate=2026-05-26, receiverNo=, sendType=)
2026-05-26 15:32:30.156 [http-nio-8080-exec-10] DEBUG c.e.s.service.SmsHistoryServiceImpl - SMS 목록 조회 request=SmsSearchRequestDTO(startDate=2026-05-05, endDate=2026-05-26, receiverNo=, sendType=)
2026-05-26 15:32:30.158 [http-nio-8080-exec-10] DEBUG c.e.s.m.SmsHistoryMapper.findAll - ==>  Preparing: SELECT id, campaign_name, send_type, sender_no, receiver_no, LEFT(message, 50) AS message, send_status, resend_yn, result_code, result_message, sent_at, created_at, updated_at FROM sms_history WHERE sent_at >= ?::date AND sent_at < (?::date + INTERVAL '1 day') ORDER BY id DESC LIMIT ? OFFSET ?
2026-05-26 15:32:30.158 [http-nio-8080-exec-10] DEBUG c.e.s.m.SmsHistoryMapper.findAll - ==> Parameters: 2026-05-05(String), 2026-05-26(String), 10(Integer), 20(Integer)
2026-05-26 15:32:30.158 [http-nio-8080-exec-10] INFO  jdbc.sqlonly - SELECT
            id,
            campaign_name,
            send_type,
            sender_no,
            receiver_no,
            LEFT(message, 50) AS message,
            send_status,
            resend_yn,
            result_code,
            result_message,
            sent_at,
            created_at,
            updated_at
        FROM sms_history

         WHERE  sent_at >= '2026-05-05'::date

                AND sent_at < ('2026-05-26'::date + INTERVAL '1 day') 

        ORDER BY id DESC
        LIMIT 10 OFFSET 20

2026-05-26 15:32:30.160 [http-nio-8080-exec-10] DEBUG c.e.s.m.SmsHistoryMapper.findAll - <==      Total: 10
2026-05-26 15:32:30.161 [http-nio-8080-exec-10] DEBUG c.e.s.mapper.SmsHistoryMapper.count - ==>  Preparing: SELECT COUNT(*) FROM sms_history WHERE sent_at >= ?::date AND sent_at < (?::date + INTERVAL '1 day')
2026-05-26 15:32:30.161 [http-nio-8080-exec-10] DEBUG c.e.s.mapper.SmsHistoryMapper.count - ==> Parameters: 2026-05-05(String), 2026-05-26(String)
2026-05-26 15:32:30.162 [http-nio-8080-exec-10] INFO  jdbc.sqlonly - SELECT COUNT(*)
        FROM sms_history

         WHERE  sent_at >= '2026-05-05'::date

                AND sent_at < ('2026-05-26'::date + INTERVAL '1 day')

2026-05-26 15:32:30.162 [http-nio-8080-exec-10] DEBUG c.e.s.mapper.SmsHistoryMapper.count - <==      Total: 1
2026-05-26 15:32:30.412 [http-nio-8080-exec-9] DEBUG c.e.s.c.SmsHistoryApiController - SMS API 목록 요청 request=SmsSearchRequestDTO(startDate=2026-05-05, endDate=2026-05-26, receiverNo=, sendType=)
2026-05-26 15:32:30.412 [http-nio-8080-exec-9] DEBUG c.e.s.service.SmsHistoryServiceImpl - SMS 목록 조회 request=SmsSearchRequestDTO(startDate=2026-05-05, endDate=2026-05-26, receiverNo=, sendType=)
2026-05-26 15:32:30.412 [http-nio-8080-exec-9] DEBUG c.e.s.m.SmsHistoryMapper.findAll - ==>  Preparing: SELECT id, campaign_name, send_type, sender_no, receiver_no, LEFT(message, 50) AS message, send_status, resend_yn, result_code, result_message, sent_at, created_at, updated_at FROM sms_history WHERE sent_at >= ?::date AND sent_at < (?::date + INTERVAL '1 day') ORDER BY id DESC LIMIT ? OFFSET ?
2026-05-26 15:32:30.413 [http-nio-8080-exec-9] DEBUG c.e.s.m.SmsHistoryMapper.findAll - ==> Parameters: 2026-05-05(String), 2026-05-26(String), 10(Integer), 30(Integer)
2026-05-26 15:32:30.413 [http-nio-8080-exec-9] INFO  jdbc.sqlonly - SELECT
            id,
            campaign_name,
            send_type,
            sender_no,
            receiver_no,
            LEFT(message, 50) AS message,
            send_status,
            resend_yn,
            result_code,
            result_message,
            sent_at,
            created_at,
            updated_at
        FROM sms_history

         WHERE  sent_at >= '2026-05-05'::date

                AND sent_at < ('2026-05-26'::date + INTERVAL '1 day') 

        ORDER BY id DESC
        LIMIT 10 OFFSET 30

2026-05-26 15:32:30.415 [http-nio-8080-exec-9] DEBUG c.e.s.m.SmsHistoryMapper.findAll - <==      Total: 10
2026-05-26 15:32:30.416 [http-nio-8080-exec-9] DEBUG c.e.s.mapper.SmsHistoryMapper.count - ==>  Preparing: SELECT COUNT(*) FROM sms_history WHERE sent_at >= ?::date AND sent_at < (?::date + INTERVAL '1 day')
2026-05-26 15:32:30.416 [http-nio-8080-exec-9] DEBUG c.e.s.mapper.SmsHistoryMapper.count - ==> Parameters: 2026-05-05(String), 2026-05-26(String)
2026-05-26 15:32:30.416 [http-nio-8080-exec-9] INFO  jdbc.sqlonly - SELECT COUNT(*)
        FROM sms_history

         WHERE  sent_at >= '2026-05-05'::date

                AND sent_at < ('2026-05-26'::date + INTERVAL '1 day')

2026-05-26 15:32:30.419 [http-nio-8080-exec-9] DEBUG c.e.s.mapper.SmsHistoryMapper.count - <==      Total: 1
2026-05-26 15:32:30.744 [http-nio-8080-exec-1] DEBUG c.e.s.c.SmsHistoryApiController - SMS API 목록 요청 request=SmsSearchRequestDTO(startDate=2026-05-05, endDate=2026-05-26, receiverNo=, sendType=)
2026-05-26 15:32:30.745 [http-nio-8080-exec-1] DEBUG c.e.s.service.SmsHistoryServiceImpl - SMS 목록 조회 request=SmsSearchRequestDTO(startDate=2026-05-05, endDate=2026-05-26, receiverNo=, sendType=)
2026-05-26 15:32:30.746 [http-nio-8080-exec-1] DEBUG c.e.s.m.SmsHistoryMapper.findAll - ==>  Preparing: SELECT id, campaign_name, send_type, sender_no, receiver_no, LEFT(message, 50) AS message, send_status, resend_yn, result_code, result_message, sent_at, created_at, updated_at FROM sms_history WHERE sent_at >= ?::date AND sent_at < (?::date + INTERVAL '1 day') ORDER BY id DESC LIMIT ? OFFSET ?
2026-05-26 15:32:30.746 [http-nio-8080-exec-1] DEBUG c.e.s.m.SmsHistoryMapper.findAll - ==> Parameters: 2026-05-05(String), 2026-05-26(String), 10(Integer), 40(Integer)
2026-05-26 15:32:30.746 [http-nio-8080-exec-1] INFO  jdbc.sqlonly - SELECT
            id,
            campaign_name,
            send_type,
            sender_no,
            receiver_no,
            LEFT(message, 50) AS message,
            send_status,
            resend_yn,
            result_code,
            result_message,
            sent_at,
            created_at,
            updated_at
        FROM sms_history

         WHERE  sent_at >= '2026-05-05'::date

                AND sent_at < ('2026-05-26'::date + INTERVAL '1 day') 

        ORDER BY id DESC
        LIMIT 10 OFFSET 40

2026-05-26 15:32:30.749 [http-nio-8080-exec-1] DEBUG c.e.s.m.SmsHistoryMapper.findAll - <==      Total: 10
2026-05-26 15:32:30.750 [http-nio-8080-exec-1] DEBUG c.e.s.mapper.SmsHistoryMapper.count - ==>  Preparing: SELECT COUNT(*) FROM sms_history WHERE sent_at >= ?::date AND sent_at < (?::date + INTERVAL '1 day')
2026-05-26 15:32:30.750 [http-nio-8080-exec-1] DEBUG c.e.s.mapper.SmsHistoryMapper.count - ==> Parameters: 2026-05-05(String), 2026-05-26(String)
2026-05-26 15:32:30.751 [http-nio-8080-exec-1] INFO  jdbc.sqlonly - SELECT COUNT(*)
        FROM sms_history

         WHERE  sent_at >= '2026-05-05'::date

                AND sent_at < ('2026-05-26'::date + INTERVAL '1 day')

2026-05-26 15:32:30.753 [http-nio-8080-exec-1] DEBUG c.e.s.mapper.SmsHistoryMapper.count - <==      Total: 1
2026-05-26 15:32:31.011 [http-nio-8080-exec-6] DEBUG c.e.s.c.SmsHistoryApiController - SMS API 목록 요청 request=SmsSearchRequestDTO(startDate=2026-05-05, endDate=2026-05-26, receiverNo=, sendType=)
2026-05-26 15:32:31.012 [http-nio-8080-exec-6] DEBUG c.e.s.service.SmsHistoryServiceImpl - SMS 목록 조회 request=SmsSearchRequestDTO(startDate=2026-05-05, endDate=2026-05-26, receiverNo=, sendType=)
2026-05-26 15:32:31.013 [http-nio-8080-exec-6] DEBUG c.e.s.m.SmsHistoryMapper.findAll - ==>  Preparing: SELECT id, campaign_name, send_type, sender_no, receiver_no, LEFT(message, 50) AS message, send_status, resend_yn, result_code, result_message, sent_at, created_at, updated_at FROM sms_history WHERE sent_at >= ?::date AND sent_at < (?::date + INTERVAL '1 day') ORDER BY id DESC LIMIT ? OFFSET ?
2026-05-26 15:32:31.013 [http-nio-8080-exec-6] DEBUG c.e.s.m.SmsHistoryMapper.findAll - ==> Parameters: 2026-05-05(String), 2026-05-26(String), 10(Integer), 50(Integer)
2026-05-26 15:32:31.013 [http-nio-8080-exec-6] INFO  jdbc.sqlonly - SELECT
            id,
            campaign_name,
            send_type,
            sender_no,
            receiver_no,
            LEFT(message, 50) AS message,
            send_status,
            resend_yn,
            result_code,
            result_message,
            sent_at,
            created_at,
            updated_at
        FROM sms_history

         WHERE  sent_at >= '2026-05-05'::date

                AND sent_at < ('2026-05-26'::date + INTERVAL '1 day') 

        ORDER BY id DESC
        LIMIT 10 OFFSET 50

2026-05-26 15:32:31.016 [http-nio-8080-exec-6] DEBUG c.e.s.m.SmsHistoryMapper.findAll - <==      Total: 8
2026-05-26 15:32:31.018 [http-nio-8080-exec-6] DEBUG c.e.s.mapper.SmsHistoryMapper.count - ==>  Preparing: SELECT COUNT(*) FROM sms_history WHERE sent_at >= ?::date AND sent_at < (?::date + INTERVAL '1 day')
2026-05-26 15:32:31.018 [http-nio-8080-exec-6] DEBUG c.e.s.mapper.SmsHistoryMapper.count - ==> Parameters: 2026-05-05(String), 2026-05-26(String)
2026-05-26 15:32:31.018 [http-nio-8080-exec-6] INFO  jdbc.sqlonly - SELECT COUNT(*)
        FROM sms_history

         WHERE  sent_at >= '2026-05-05'::date

                AND sent_at < ('2026-05-26'::date + INTERVAL '1 day')

2026-05-26 15:32:31.019 [http-nio-8080-exec-6] DEBUG c.e.s.mapper.SmsHistoryMapper.count - <==      Total: 1
2026-05-26 15:32:31.817 [http-nio-8080-exec-4] DEBUG c.e.s.c.SmsHistoryApiController - SMS API 목록 요청 request=SmsSearchRequestDTO(startDate=2026-05-05, endDate=2026-05-26, receiverNo=, sendType=)
2026-05-26 15:32:31.819 [http-nio-8080-exec-4] DEBUG c.e.s.service.SmsHistoryServiceImpl - SMS 목록 조회 request=SmsSearchRequestDTO(startDate=2026-05-05, endDate=2026-05-26, receiverNo=, sendType=)
2026-05-26 15:32:31.820 [http-nio-8080-exec-4] DEBUG c.e.s.m.SmsHistoryMapper.findAll - ==>  Preparing: SELECT id, campaign_name, send_type, sender_no, receiver_no, LEFT(message, 50) AS message, send_status, resend_yn, result_code, result_message, sent_at, created_at, updated_at FROM sms_history WHERE sent_at >= ?::date AND sent_at < (?::date + INTERVAL '1 day') ORDER BY id DESC LIMIT ? OFFSET ?
2026-05-26 15:32:31.820 [http-nio-8080-exec-4] DEBUG c.e.s.m.SmsHistoryMapper.findAll - ==> Parameters: 2026-05-05(String), 2026-05-26(String), 10(Integer), 0(Integer)
2026-05-26 15:32:31.820 [http-nio-8080-exec-4] INFO  jdbc.sqlonly - SELECT
            id,
            campaign_name,
            send_type,
            sender_no,
            receiver_no,
            LEFT(message, 50) AS message,
            send_status,
            resend_yn,
            result_code,
            result_message,
            sent_at,
            created_at,
            updated_at
        FROM sms_history

         WHERE  sent_at >= '2026-05-05'::date

                AND sent_at < ('2026-05-26'::date + INTERVAL '1 day') 

        ORDER BY id DESC
        LIMIT 10 OFFSET 0

2026-05-26 15:32:31.821 [http-nio-8080-exec-4] DEBUG c.e.s.m.SmsHistoryMapper.findAll - <==      Total: 10
2026-05-26 15:32:31.822 [http-nio-8080-exec-4] DEBUG c.e.s.mapper.SmsHistoryMapper.count - ==>  Preparing: SELECT COUNT(*) FROM sms_history WHERE sent_at >= ?::date AND sent_at < (?::date + INTERVAL '1 day')
2026-05-26 15:32:31.822 [http-nio-8080-exec-4] DEBUG c.e.s.mapper.SmsHistoryMapper.count - ==> Parameters: 2026-05-05(String), 2026-05-26(String)
2026-05-26 15:32:31.822 [http-nio-8080-exec-4] INFO  jdbc.sqlonly - SELECT COUNT(*)
        FROM sms_history

         WHERE  sent_at >= '2026-05-05'::date

                AND sent_at < ('2026-05-26'::date + INTERVAL '1 day')

2026-05-26 15:32:31.822 [http-nio-8080-exec-4] DEBUG c.e.s.mapper.SmsHistoryMapper.count - <==      Total: 1
2026-05-26 15:32:42.552 [http-nio-8080-exec-5] ERROR c.e.s.e.GlobalExceptionHandler - handleException
org.springframework.web.servlet.resource.NoResourceFoundException: No static resource .well-known/appspecific/com.chrome.devtools.json.
	at org.springframework.web.servlet.resource.ResourceHttpRequestHandler.handleRequest(ResourceHttpRequestHandler.java:585)
	at org.springframework.web.servlet.mvc.HttpRequestHandlerAdapter.handle(HttpRequestHandlerAdapter.java:52)
	at org.springframework.web.servlet.DispatcherServlet.doDispatch(DispatcherServlet.java:1089)
	at org.springframework.web.servlet.DispatcherServlet.doService(DispatcherServlet.java:979)
	at org.springframework.web.servlet.FrameworkServlet.processRequest(FrameworkServlet.java:1014)
	at org.springframework.web.servlet.FrameworkServlet.doGet(FrameworkServlet.java:903)
	at jakarta.servlet.http.HttpServlet.service(HttpServlet.java:564)
	at org.springframework.web.servlet.FrameworkServlet.service(FrameworkServlet.java:885)
	at jakarta.servlet.http.HttpServlet.service(HttpServlet.java:658)
	at org.apache.catalina.core.ApplicationFilterChain.internalDoFilter(ApplicationFilterChain.java:195)
	at org.apache.catalina.core.ApplicationFilterChain.doFilter(ApplicationFilterChain.java:140)
	at org.apache.tomcat.websocket.server.WsFilter.doFilter(WsFilter.java:51)
	at org.apache.catalina.core.ApplicationFilterChain.internalDoFilter(ApplicationFilterChain.java:164)
	at org.apache.catalina.core.ApplicationFilterChain.doFilter(ApplicationFilterChain.java:140)
	at org.springframework.web.filter.CompositeFilter$VirtualFilterChain.doFilter(CompositeFilter.java:108)
	at org.springframework.security.web.FilterChainProxy.lambda$doFilterInternal$3(FilterChainProxy.java:231)
	at org.springframework.security.web.FilterChainProxy$VirtualFilterChain.doFilter(FilterChainProxy.java:365)
	at org.springframework.security.web.access.intercept.AuthorizationFilter.doFilter(AuthorizationFilter.java:100)
	at org.springframework.security.web.FilterChainProxy$VirtualFilterChain.doFilter(FilterChainProxy.java:374)
	at org.springframework.security.web.access.ExceptionTranslationFilter.doFilter(ExceptionTranslationFilter.java:126)
	at org.springframework.security.web.access.ExceptionTranslationFilter.doFilter(ExceptionTranslationFilter.java:120)
	at org.springframework.security.web.FilterChainProxy$VirtualFilterChain.doFilter(FilterChainProxy.java:374)
	at org.springframework.security.web.authentication.AnonymousAuthenticationFilter.doFilter(AnonymousAuthenticationFilter.java:100)
	at org.springframework.security.web.FilterChainProxy$VirtualFilterChain.doFilter(FilterChainProxy.java:374)
	at org.springframework.security.web.servletapi.SecurityContextHolderAwareRequestFilter.doFilter(SecurityContextHolderAwareRequestFilter.java:179)
	at org.springframework.security.web.FilterChainProxy$VirtualFilterChain.doFilter(FilterChainProxy.java:374)
	at org.springframework.security.web.savedrequest.RequestCacheAwareFilter.doFilter(RequestCacheAwareFilter.java:63)
	at org.springframework.security.web.FilterChainProxy$VirtualFilterChain.doFilter(FilterChainProxy.java:374)
	at org.springframework.security.web.authentication.AbstractAuthenticationProcessingFilter.doFilter(AbstractAuthenticationProcessingFilter.java:227)
	at org.springframework.security.web.authentication.AbstractAuthenticationProcessingFilter.doFilter(AbstractAuthenticationProcessingFilter.java:221)
	at org.springframework.security.web.FilterChainProxy$VirtualFilterChain.doFilter(FilterChainProxy.java:374)
	at org.springframework.security.web.authentication.logout.LogoutFilter.doFilter(LogoutFilter.java:107)
	at org.springframework.security.web.authentication.logout.LogoutFilter.doFilter(LogoutFilter.java:93)
	at org.springframework.security.web.FilterChainProxy$VirtualFilterChain.doFilter(FilterChainProxy.java:374)
	at org.springframework.web.filter.CorsFilter.doFilterInternal(CorsFilter.java:91)
	at org.springframework.web.filter.OncePerRequestFilter.doFilter(OncePerRequestFilter.java:116)
	at org.springframework.security.web.FilterChainProxy$VirtualFilterChain.doFilter(FilterChainProxy.java:374)
	at org.springframework.security.web.header.HeaderWriterFilter.doHeadersAfter(HeaderWriterFilter.java:90)
	at org.springframework.security.web.header.HeaderWriterFilter.doFilterInternal(HeaderWriterFilter.java:75)
	at org.springframework.web.filter.OncePerRequestFilter.doFilter(OncePerRequestFilter.java:116)
	at org.springframework.security.web.FilterChainProxy$VirtualFilterChain.doFilter(FilterChainProxy.java:374)
	at org.springframework.security.web.context.SecurityContextHolderFilter.doFilter(SecurityContextHolderFilter.java:82)
	at org.springframework.security.web.context.SecurityContextHolderFilter.doFilter(SecurityContextHolderFilter.java:69)
	at org.springframework.security.web.FilterChainProxy$VirtualFilterChain.doFilter(FilterChainProxy.java:374)
	at org.springframework.security.web.context.request.async.WebAsyncManagerIntegrationFilter.doFilterInternal(WebAsyncManagerIntegrationFilter.java:62)
	at org.springframework.web.filter.OncePerRequestFilter.doFilter(OncePerRequestFilter.java:116)
	at org.springframework.security.web.FilterChainProxy$VirtualFilterChain.doFilter(FilterChainProxy.java:374)
	at org.springframework.security.web.session.DisableEncodeUrlFilter.doFilterInternal(DisableEncodeUrlFilter.java:42)
	at org.springframework.web.filter.OncePerRequestFilter.doFilter(OncePerRequestFilter.java:116)
	at org.springframework.security.web.FilterChainProxy$VirtualFilterChain.doFilter(FilterChainProxy.java:374)
	at org.springframework.security.web.FilterChainProxy.doFilterInternal(FilterChainProxy.java:233)
	at org.springframework.security.web.FilterChainProxy.doFilter(FilterChainProxy.java:191)
	at org.springframework.web.filter.CompositeFilter$VirtualFilterChain.doFilter(CompositeFilter.java:113)
	at org.springframework.web.servlet.handler.HandlerMappingIntrospector.lambda$createCacheFilter$3(HandlerMappingIntrospector.java:195)
	at org.springframework.web.filter.CompositeFilter$VirtualFilterChain.doFilter(CompositeFilter.java:113)
	at org.springframework.web.filter.CompositeFilter.doFilter(CompositeFilter.java:74)
	at org.springframework.security.config.annotation.web.configuration.WebMvcSecurityConfiguration$CompositeFilterChainProxy.doFilter(WebMvcSecurityConfiguration.java:230)
	at org.springframework.web.filter.DelegatingFilterProxy.invokeDelegate(DelegatingFilterProxy.java:352)
	at org.springframework.web.filter.DelegatingFilterProxy.doFilter(DelegatingFilterProxy.java:268)
	at org.apache.catalina.core.ApplicationFilterChain.internalDoFilter(ApplicationFilterChain.java:164)
	at org.apache.catalina.core.ApplicationFilterChain.doFilter(ApplicationFilterChain.java:140)
	at org.springframework.web.filter.RequestContextFilter.doFilterInternal(RequestContextFilter.java:100)
	at org.springframework.web.filter.OncePerRequestFilter.doFilter(OncePerRequestFilter.java:116)
	at org.apache.catalina.core.ApplicationFilterChain.internalDoFilter(ApplicationFilterChain.java:164)
	at org.apache.catalina.core.ApplicationFilterChain.doFilter(ApplicationFilterChain.java:140)
	at org.springframework.web.filter.FormContentFilter.doFilterInternal(FormContentFilter.java:93)
	at org.springframework.web.filter.OncePerRequestFilter.doFilter(OncePerRequestFilter.java:116)
	at org.apache.catalina.core.ApplicationFilterChain.internalDoFilter(ApplicationFilterChain.java:164)
	at org.apache.catalina.core.ApplicationFilterChain.doFilter(ApplicationFilterChain.java:140)
	at org.springframework.web.filter.CharacterEncodingFilter.doFilterInternal(CharacterEncodingFilter.java:201)
	at org.springframework.web.filter.OncePerRequestFilter.doFilter(OncePerRequestFilter.java:116)
	at org.apache.catalina.core.ApplicationFilterChain.internalDoFilter(ApplicationFilterChain.java:164)
	at org.apache.catalina.core.ApplicationFilterChain.doFilter(ApplicationFilterChain.java:140)
	at org.apache.catalina.core.StandardWrapperValve.invoke(StandardWrapperValve.java:167)
	at org.apache.catalina.core.StandardContextValve.invoke(StandardContextValve.java:90)
	at org.apache.catalina.authenticator.AuthenticatorBase.invoke(AuthenticatorBase.java:482)
	at org.apache.catalina.core.StandardHostValve.invoke(StandardHostValve.java:115)
	at org.apache.catalina.valves.ErrorReportValve.invoke(ErrorReportValve.java:93)
	at org.apache.catalina.core.StandardEngineValve.invoke(StandardEngineValve.java:74)
	at org.apache.catalina.connector.CoyoteAdapter.service(CoyoteAdapter.java:344)
	at org.apache.coyote.http11.Http11Processor.service(Http11Processor.java:389)
	at org.apache.coyote.AbstractProcessorLight.process(AbstractProcessorLight.java:63)
	at org.apache.coyote.AbstractProtocol$ConnectionHandler.process(AbstractProtocol.java:896)
	at org.apache.tomcat.util.net.NioEndpoint$SocketProcessor.doRun(NioEndpoint.java:1741)
	at org.apache.tomcat.util.net.SocketProcessorBase.run(SocketProcessorBase.java:52)
	at org.apache.tomcat.util.threads.ThreadPoolExecutor.runWorker(ThreadPoolExecutor.java:1190)
	at org.apache.tomcat.util.threads.ThreadPoolExecutor$Worker.run(ThreadPoolExecutor.java:659)
	at org.apache.tomcat.util.threads.TaskThread$WrappingRunnable.run(TaskThread.java:63)
	at java.base/java.lang.Thread.run(Thread.java:842)
2026-05-26 15:44:23.016 [RMI TCP Connection(22)-127.0.0.1] INFO  o.s.b.a.SpringApplicationAdminMXBeanRegistrar$SpringApplicationAdmin - Application shutdown requested.
2026-05-26 15:44:23.021 [RMI TCP Connection(22)-127.0.0.1] INFO  o.a.coyote.http11.Http11NioProtocol - Stopping ProtocolHandler ["http-nio-8080"]
2026-05-26 15:44:23.031 [RMI TCP Connection(22)-127.0.0.1] INFO  com.zaxxer.hikari.HikariDataSource - HikariPool-1 - Shutdown initiated...
2026-05-26 15:44:23.033 [RMI TCP Connection(22)-127.0.0.1] INFO  com.zaxxer.hikari.HikariDataSource - HikariPool-1 - Shutdown completed.
2026-05-26 15:44:24.613 [background-preinit] INFO  o.h.validator.internal.util.Version - HV000001: Hibernate Validator 8.0.1.Final
2026-05-26 15:44:24.645 [main] INFO  com.example.sms.SmsApplication - Starting SmsApplication using Java 17.0.12 with PID 27672 (C:\Work\sms-project-v2\target\classes started by ndk20 in C:\Work\sms-project-v2)
2026-05-26 15:44:24.645 [main] DEBUG com.example.sms.SmsApplication - Running with Spring Boot v3.3.0, Spring v6.1.8
2026-05-26 15:44:24.645 [main] INFO  com.example.sms.SmsApplication - The following 1 profile is active: "dev"
2026-05-26 15:44:25.222 [main] INFO  o.s.d.r.c.RepositoryConfigurationDelegate - Bootstrapping Spring Data LDAP repositories in DEFAULT mode.
2026-05-26 15:44:25.233 [main] INFO  o.s.d.r.c.RepositoryConfigurationDelegate - Finished Spring Data repository scanning in 6 ms. Found 0 LDAP repository interfaces.
2026-05-26 15:44:25.706 [main] INFO  o.s.b.w.e.tomcat.TomcatWebServer - Tomcat initialized with port 8080 (http)
2026-05-26 15:44:25.709 [main] INFO  o.a.c.core.AprLifecycleListener - An older version [1.3.1] of the Apache Tomcat Native library is installed, while Tomcat recommends a minimum version of [2.0.5]
2026-05-26 15:44:25.709 [main] INFO  o.a.c.core.AprLifecycleListener - Loaded Apache Tomcat Native library [1.3.1] using APR version [1.7.4].
2026-05-26 15:44:25.713 [main] INFO  o.a.c.core.AprLifecycleListener - OpenSSL successfully initialized [OpenSSL 3.0.14 4 Jun 2024]
2026-05-26 15:44:25.720 [main] INFO  o.a.coyote.http11.Http11NioProtocol - Initializing ProtocolHandler ["http-nio-8080"]
2026-05-26 15:44:25.722 [main] INFO  o.a.catalina.core.StandardService - Starting service [Tomcat]
2026-05-26 15:44:25.722 [main] INFO  o.a.catalina.core.StandardEngine - Starting Servlet engine: [Apache Tomcat/10.1.24]
2026-05-26 15:44:25.773 [main] INFO  o.a.c.c.C.[Tomcat].[localhost].[/] - Initializing Spring embedded WebApplicationContext
2026-05-26 15:44:25.773 [main] INFO  o.s.b.w.s.c.ServletWebServerApplicationContext - Root WebApplicationContext: initialization completed in 962 ms
2026-05-26 15:44:26.171 [main] INFO  o.s.s.c.a.a.c.InitializeUserDetailsBeanManagerConfigurer$InitializeUserDetailsManagerConfigurer - Global AuthenticationManager configured with UserDetailsService bean with name devUserDetailsService
2026-05-26 15:44:26.224 [main] INFO  o.s.b.a.w.s.WelcomePageHandlerMapping - Adding welcome page template: index
2026-05-26 15:44:26.367 [main] INFO  o.s.s.web.DefaultSecurityFilterChain - Will secure any request with [org.springframework.security.web.session.DisableEncodeUrlFilter@1d556461, org.springframework.security.web.context.request.async.WebAsyncManagerIntegrationFilter@5a583720, org.springframework.security.web.context.SecurityContextHolderFilter@151a6598, org.springframework.security.web.header.HeaderWriterFilter@6f52a229, org.springframework.web.filter.CorsFilter@4ed19b69, org.springframework.security.web.authentication.logout.LogoutFilter@7b29cdea, org.springframework.security.web.authentication.UsernamePasswordAuthenticationFilter@720c8f80, org.springframework.security.web.savedrequest.RequestCacheAwareFilter@1c3d9e28, org.springframework.security.web.servletapi.SecurityContextHolderAwareRequestFilter@46d148bd, org.springframework.security.web.authentication.AnonymousAuthenticationFilter@59a5bb61, org.springframework.security.web.access.ExceptionTranslationFilter@2e0fdc83, org.springframework.security.web.access.intercept.AuthorizationFilter@e6e5da4]
2026-05-26 15:44:26.586 [main] INFO  o.s.l.c.s.AbstractContextSource - Property 'userDn' not set - anonymous context will be used for read-only operations
2026-05-26 15:44:26.636 [main] INFO  o.a.coyote.http11.Http11NioProtocol - Starting ProtocolHandler ["http-nio-8080"]
2026-05-26 15:44:26.648 [main] INFO  o.s.b.w.e.tomcat.TomcatWebServer - Tomcat started on port 8080 (http) with context path '/'
2026-05-26 15:44:26.656 [main] INFO  com.example.sms.SmsApplication - Started SmsApplication in 2.372 seconds (process running for 2.773)
2026-05-26 15:44:26.661 [main] INFO  com.zaxxer.hikari.HikariDataSource - HikariPool-1 - Starting...
2026-05-26 15:44:26.766 [main] INFO  com.zaxxer.hikari.pool.HikariPool - HikariPool-1 - Added connection net.sf.log4jdbc.sql.jdbcapi.ConnectionSpy@1ed52f44
2026-05-26 15:44:26.769 [main] INFO  com.zaxxer.hikari.HikariDataSource - HikariPool-1 - Start completed.
2026-05-26 15:44:26.773 [main] INFO  jdbc.sqlonly - CREATE TABLE IF NOT EXISTS privacy_audit_log (    log_id SERIAL PRIMARY KEY,    executor_id VARCHAR(50) NOT NULL,    executor_ip VARCHAR(50),    request_url VARCHAR(200),    action_type VARCHAR(100) NOT NULL,    target_data VARCHAR(500),    created_at TIMESTAMP DEFAULT CURRENT_TIMESTAMP);

2026-05-26 15:44:26.781 [main] INFO  jdbc.sqlonly - CREATE TABLE IF NOT EXISTS attach_file (    file_id SERIAL PRIMARY KEY,    original_name VARCHAR(300) NOT NULL,    save_name VARCHAR(300) NOT NULL,    file_path VARCHAR(500) NOT NULL,    file_size BIGINT,    ext VARCHAR(10),    created_at TIMESTAMP DEFAULT CURRENT_TIMESTAMP);

2026-05-26 15:44:29.487 [http-nio-8080-exec-1] INFO  o.a.c.c.C.[Tomcat].[localhost].[/] - Initializing Spring DispatcherServlet 'dispatcherServlet'
2026-05-26 15:44:29.487 [http-nio-8080-exec-1] INFO  o.s.web.servlet.DispatcherServlet - Initializing Servlet 'dispatcherServlet'
2026-05-26 15:44:29.488 [http-nio-8080-exec-1] INFO  o.s.web.servlet.DispatcherServlet - Completed initialization in 1 ms
2026-05-26 15:44:30.859 [http-nio-8080-exec-4] DEBUG c.e.s.mapper.EmployeeMapper.findById - ==>  Preparing: SELECT emp_id, emp_name, last_login_ip, last_login_time, created_at, updated_at FROM employee WHERE emp_id = ?
2026-05-26 15:44:30.874 [http-nio-8080-exec-4] DEBUG c.e.s.mapper.EmployeeMapper.findById - ==> Parameters: admin(String)
2026-05-26 15:44:30.875 [http-nio-8080-exec-4] INFO  jdbc.sqlonly - SELECT emp_id, emp_name, last_login_ip, last_login_time, created_at, updated_at
        FROM employee
        WHERE emp_id = 'admin'

2026-05-26 15:44:30.892 [http-nio-8080-exec-4] DEBUG c.e.s.mapper.EmployeeMapper.findById - <==      Total: 1
2026-05-26 15:44:30.898 [http-nio-8080-exec-4] DEBUG c.e.s.m.E.updateLastLogin - ==>  Preparing: UPDATE employee SET last_login_ip = ?, last_login_time = ?, updated_at = NOW() WHERE emp_id = ?
2026-05-26 15:44:30.899 [http-nio-8080-exec-4] DEBUG c.e.s.m.E.updateLastLogin - ==> Parameters: 0:0:0:0:0:0:0:1(String), 2026-05-26T15:44:30.845313200(LocalDateTime), admin(String)
2026-05-26 15:44:30.899 [http-nio-8080-exec-4] INFO  jdbc.sqlonly - UPDATE employee
        SET last_login_ip = '0:0:0:0:0:0:0:1',
            last_login_time = 2026-05-26T15:44:30.845313200,
            updated_at = NOW()
        WHERE emp_id = 'admin'

2026-05-26 15:44:30.902 [http-nio-8080-exec-4] DEBUG c.e.s.m.E.updateLastLogin - <==    Updates: 1
2026-05-26 15:44:38.004 [http-nio-8080-exec-7] DEBUG c.e.s.c.SmsHistoryApiController - SMS API 목록 요청 request=SmsSearchRequestDTO(startDate=2026-05-01, endDate=2026-05-26, receiverNo=, sendType=)
2026-05-26 15:44:38.009 [http-nio-8080-exec-7] DEBUG c.e.s.service.SmsHistoryServiceImpl - SMS 목록 조회 request=SmsSearchRequestDTO(startDate=2026-05-01, endDate=2026-05-26, receiverNo=, sendType=)
2026-05-26 15:44:38.024 [http-nio-8080-exec-7] DEBUG c.e.s.m.SmsHistoryMapper.findAll - ==>  Preparing: SELECT id, campaign_name, send_type, sender_no, receiver_no, LEFT(message, 50) AS message, send_status, resend_yn, result_code, result_message, sent_at, created_at, updated_at FROM sms_history WHERE sent_at >= ?::date AND sent_at < (?::date + INTERVAL '1 day') ORDER BY id DESC LIMIT ? OFFSET ?
2026-05-26 15:44:38.025 [http-nio-8080-exec-7] DEBUG c.e.s.m.SmsHistoryMapper.findAll - ==> Parameters: 2026-05-01(String), 2026-05-26(String), 10(Integer), 0(Integer)
2026-05-26 15:44:38.025 [http-nio-8080-exec-7] INFO  jdbc.sqlonly - SELECT
            id,
            campaign_name,
            send_type,
            sender_no,
            receiver_no,
            LEFT(message, 50) AS message,
            send_status,
            resend_yn,
            result_code,
            result_message,
            sent_at,
            created_at,
            updated_at
        FROM sms_history

         WHERE  sent_at >= '2026-05-01'::date

                AND sent_at < ('2026-05-26'::date + INTERVAL '1 day') 

        ORDER BY id DESC
        LIMIT 10 OFFSET 0

2026-05-26 15:44:38.033 [http-nio-8080-exec-7] DEBUG c.e.s.m.SmsHistoryMapper.findAll - <==      Total: 10
2026-05-26 15:44:38.034 [http-nio-8080-exec-7] DEBUG c.e.s.mapper.SmsHistoryMapper.count - ==>  Preparing: SELECT COUNT(*) FROM sms_history WHERE sent_at >= ?::date AND sent_at < (?::date + INTERVAL '1 day')
2026-05-26 15:44:38.034 [http-nio-8080-exec-7] DEBUG c.e.s.mapper.SmsHistoryMapper.count - ==> Parameters: 2026-05-01(String), 2026-05-26(String)
2026-05-26 15:44:38.034 [http-nio-8080-exec-7] INFO  jdbc.sqlonly - SELECT COUNT(*)
        FROM sms_history

         WHERE  sent_at >= '2026-05-01'::date

                AND sent_at < ('2026-05-26'::date + INTERVAL '1 day')

2026-05-26 15:44:38.037 [http-nio-8080-exec-7] DEBUG c.e.s.mapper.SmsHistoryMapper.count - <==      Total: 1
2026-05-26 15:44:40.283 [http-nio-8080-exec-6] DEBUG c.e.s.c.SmsHistoryApiController - SMS API 목록 요청 request=SmsSearchRequestDTO(startDate=2026-05-01, endDate=2026-05-26, receiverNo=, sendType=)
2026-05-26 15:44:40.284 [http-nio-8080-exec-6] DEBUG c.e.s.service.SmsHistoryServiceImpl - SMS 목록 조회 request=SmsSearchRequestDTO(startDate=2026-05-01, endDate=2026-05-26, receiverNo=, sendType=)
2026-05-26 15:44:40.286 [http-nio-8080-exec-6] DEBUG c.e.s.m.SmsHistoryMapper.findAll - ==>  Preparing: SELECT id, campaign_name, send_type, sender_no, receiver_no, LEFT(message, 50) AS message, send_status, resend_yn, result_code, result_message, sent_at, created_at, updated_at FROM sms_history WHERE sent_at >= ?::date AND sent_at < (?::date + INTERVAL '1 day') ORDER BY id DESC LIMIT ? OFFSET ?
2026-05-26 15:44:40.286 [http-nio-8080-exec-6] DEBUG c.e.s.m.SmsHistoryMapper.findAll - ==> Parameters: 2026-05-01(String), 2026-05-26(String), 100(Integer), 0(Integer)
2026-05-26 15:44:40.286 [http-nio-8080-exec-6] INFO  jdbc.sqlonly - SELECT
            id,
            campaign_name,
            send_type,
            sender_no,
            receiver_no,
            LEFT(message, 50) AS message,
            send_status,
            resend_yn,
            result_code,
            result_message,
            sent_at,
            created_at,
            updated_at
        FROM sms_history

         WHERE  sent_at >= '2026-05-01'::date

                AND sent_at < ('2026-05-26'::date + INTERVAL '1 day') 

        ORDER BY id DESC
        LIMIT 100 OFFSET 0

2026-05-26 15:44:40.296 [http-nio-8080-exec-6] DEBUG c.e.s.m.SmsHistoryMapper.findAll - <==      Total: 58
2026-05-26 15:44:40.296 [http-nio-8080-exec-6] DEBUG c.e.s.mapper.SmsHistoryMapper.count - ==>  Preparing: SELECT COUNT(*) FROM sms_history WHERE sent_at >= ?::date AND sent_at < (?::date + INTERVAL '1 day')
2026-05-26 15:44:40.296 [http-nio-8080-exec-6] DEBUG c.e.s.mapper.SmsHistoryMapper.count - ==> Parameters: 2026-05-01(String), 2026-05-26(String)
2026-05-26 15:44:40.297 [http-nio-8080-exec-6] INFO  jdbc.sqlonly - SELECT COUNT(*)
        FROM sms_history

         WHERE  sent_at >= '2026-05-01'::date

                AND sent_at < ('2026-05-26'::date + INTERVAL '1 day')

2026-05-26 15:44:40.297 [http-nio-8080-exec-6] DEBUG c.e.s.mapper.SmsHistoryMapper.count - <==      Total: 1
2026-05-26 15:45:59.193 [http-nio-8080-exec-4] DEBUG c.e.s.m.C.selectActiveDepartments - ==>  Preparing: SELECT DEP_ID as code, DEP_NM as name FROM DEP WHERE ACT_YN = 'Y' ORDER BY DEP_NM ASC
2026-05-26 15:45:59.193 [http-nio-8080-exec-4] DEBUG c.e.s.m.C.selectActiveDepartments - ==> Parameters: 
2026-05-26 15:45:59.193 [http-nio-8080-exec-4] INFO  jdbc.sqlonly - SELECT 
            DEP_ID as code, 
            DEP_NM as name 
        FROM DEP 
        WHERE ACT_YN = 'Y' 
        ORDER BY DEP_NM ASC

2026-05-26 15:45:59.198 [http-nio-8080-exec-4] DEBUG c.e.s.m.C.selectActiveDepartments - <==      Total: 9
2026-05-26 15:45:59.409 [http-nio-8080-exec-3] DEBUG c.e.s.m.E.countEmployees - ==>  Preparing: SELECT COUNT(*) FROM employee e
2026-05-26 15:45:59.409 [http-nio-8080-exec-3] DEBUG c.e.s.m.E.countEmployees - ==> Parameters: 
2026-05-26 15:45:59.409 [http-nio-8080-exec-3] INFO  jdbc.sqlonly - SELECT COUNT(*) 
        FROM employee e

2026-05-26 15:45:59.411 [http-nio-8080-exec-3] DEBUG c.e.s.m.E.countEmployees - <==      Total: 1
2026-05-26 15:45:59.412 [http-nio-8080-exec-3] DEBUG c.e.s.m.E.selectEmployees - ==>  Preparing: SELECT e.emp_id, e.emp_name, e.dept_id, d.DEP_NM as dept_name, e.use_yn, e.user_role, e.auth_read, e.auth_approve, e.auth_campaign, e.last_login_ip, e.last_login_time, e.created_at, e.updated_at FROM employee e LEFT JOIN DEP d ON e.dept_id = d.DEP_ID ORDER BY e.created_at DESC LIMIT ? OFFSET ?
2026-05-26 15:45:59.412 [http-nio-8080-exec-3] DEBUG c.e.s.m.E.selectEmployees - ==> Parameters: 10(Integer), 0(Integer)
2026-05-26 15:45:59.412 [http-nio-8080-exec-3] INFO  jdbc.sqlonly - SELECT 
            e.emp_id, 
            e.emp_name, 
            e.dept_id,
            d.DEP_NM as dept_name,
            e.use_yn,
            e.user_role,
            e.auth_read,
            e.auth_approve,
            e.auth_campaign,
            e.last_login_ip, 
            e.last_login_time, 
            e.created_at, 
            e.updated_at
        FROM employee e
        LEFT JOIN DEP d ON e.dept_id = d.DEP_ID

        ORDER BY e.created_at DESC
        LIMIT 10 OFFSET 0

2026-05-26 15:45:59.414 [http-nio-8080-exec-3] DEBUG c.e.s.m.E.selectEmployees - <==      Total: 10
2026-05-26 15:46:04.076 [http-nio-8080-exec-7] DEBUG c.e.s.m.E.countEmployees - ==>  Preparing: SELECT COUNT(*) FROM employee e
2026-05-26 15:46:04.076 [http-nio-8080-exec-7] DEBUG c.e.s.m.E.countEmployees - ==> Parameters: 
2026-05-26 15:46:04.076 [http-nio-8080-exec-7] INFO  jdbc.sqlonly - SELECT COUNT(*) 
        FROM employee e

2026-05-26 15:46:04.077 [http-nio-8080-exec-7] DEBUG c.e.s.m.E.countEmployees - <==      Total: 1
2026-05-26 15:46:04.077 [http-nio-8080-exec-7] DEBUG c.e.s.m.E.selectEmployees - ==>  Preparing: SELECT e.emp_id, e.emp_name, e.dept_id, d.DEP_NM as dept_name, e.use_yn, e.user_role, e.auth_read, e.auth_approve, e.auth_campaign, e.last_login_ip, e.last_login_time, e.created_at, e.updated_at FROM employee e LEFT JOIN DEP d ON e.dept_id = d.DEP_ID ORDER BY e.created_at DESC LIMIT ? OFFSET ?
2026-05-26 15:46:04.077 [http-nio-8080-exec-7] DEBUG c.e.s.m.E.selectEmployees - ==> Parameters: 10(Integer), 0(Integer)
2026-05-26 15:46:04.077 [http-nio-8080-exec-7] INFO  jdbc.sqlonly - SELECT 
            e.emp_id, 
            e.emp_name, 
            e.dept_id,
            d.DEP_NM as dept_name,
            e.use_yn,
            e.user_role,
            e.auth_read,
            e.auth_approve,
            e.auth_campaign,
            e.last_login_ip, 
            e.last_login_time, 
            e.created_at, 
            e.updated_at
        FROM employee e
        LEFT JOIN DEP d ON e.dept_id = d.DEP_ID

        ORDER BY e.created_at DESC
        LIMIT 10 OFFSET 0

2026-05-26 15:46:04.079 [http-nio-8080-exec-7] DEBUG c.e.s.m.E.selectEmployees - <==      Total: 10
2026-05-26 15:46:06.606 [http-nio-8080-exec-6] DEBUG c.e.s.m.E.countEmployees - ==>  Preparing: SELECT COUNT(*) FROM employee e WHERE e.dept_id = ?
2026-05-26 15:46:06.606 [http-nio-8080-exec-6] DEBUG c.e.s.m.E.countEmployees - ==> Parameters: D010(String)
2026-05-26 15:46:06.606 [http-nio-8080-exec-6] INFO  jdbc.sqlonly - SELECT COUNT(*) 
        FROM employee e

         WHERE  e.dept_id = 'D010'

2026-05-26 15:46:06.606 [http-nio-8080-exec-6] DEBUG c.e.s.m.E.countEmployees - <==      Total: 1
2026-05-26 15:46:06.608 [http-nio-8080-exec-6] DEBUG c.e.s.m.E.selectEmployees - ==>  Preparing: SELECT e.emp_id, e.emp_name, e.dept_id, d.DEP_NM as dept_name, e.use_yn, e.user_role, e.auth_read, e.auth_approve, e.auth_campaign, e.last_login_ip, e.last_login_time, e.created_at, e.updated_at FROM employee e LEFT JOIN DEP d ON e.dept_id = d.DEP_ID WHERE e.dept_id = ? ORDER BY e.created_at DESC LIMIT ? OFFSET ?
2026-05-26 15:46:06.608 [http-nio-8080-exec-6] DEBUG c.e.s.m.E.selectEmployees - ==> Parameters: D010(String), 10(Integer), 0(Integer)
2026-05-26 15:46:06.609 [http-nio-8080-exec-6] INFO  jdbc.sqlonly - SELECT 
            e.emp_id, 
            e.emp_name, 
            e.dept_id,
            d.DEP_NM as dept_name,
            e.use_yn,
            e.user_role,
            e.auth_read,
            e.auth_approve,
            e.auth_campaign,
            e.last_login_ip, 
            e.last_login_time, 
            e.created_at, 
            e.updated_at
        FROM employee e
        LEFT JOIN DEP d ON e.dept_id = d.DEP_ID

         WHERE  e.dept_id = 'D010' 

        ORDER BY e.created_at DESC
        LIMIT 10 OFFSET 0

2026-05-26 15:46:06.609 [http-nio-8080-exec-6] DEBUG c.e.s.m.E.selectEmployees - <==      Total: 1
2026-05-26 16:05:30.302 [HikariPool-1 housekeeper] WARN  com.zaxxer.hikari.pool.HikariPool - HikariPool-1 - Thread starvation or clock leap detected (housekeeper delta=4m3s118ms523µs).
2026-05-26 16:06:09.438 [http-nio-8080-exec-9] DEBUG c.e.s.m.E.countEmployees - ==>  Preparing: SELECT COUNT(*) FROM employee e
2026-05-26 16:06:09.438 [http-nio-8080-exec-9] DEBUG c.e.s.m.E.countEmployees - ==> Parameters: 
2026-05-26 16:06:09.438 [http-nio-8080-exec-9] INFO  jdbc.sqlonly - SELECT COUNT(*) 
        FROM employee e

2026-05-26 16:06:09.439 [http-nio-8080-exec-9] DEBUG c.e.s.m.E.countEmployees - <==      Total: 1
2026-05-26 16:06:09.439 [http-nio-8080-exec-9] DEBUG c.e.s.m.E.selectEmployees - ==>  Preparing: SELECT e.emp_id, e.emp_name, e.dept_id, d.DEP_NM as dept_name, e.use_yn, e.user_role, e.auth_read, e.auth_approve, e.auth_campaign, e.last_login_ip, e.last_login_time, e.created_at, e.updated_at FROM employee e LEFT JOIN DEP d ON e.dept_id = d.DEP_ID ORDER BY e.created_at DESC LIMIT ? OFFSET ?
2026-05-26 16:06:09.439 [http-nio-8080-exec-9] DEBUG c.e.s.m.E.selectEmployees - ==> Parameters: 10(Integer), 0(Integer)
2026-05-26 16:06:09.439 [http-nio-8080-exec-9] INFO  jdbc.sqlonly - SELECT 
            e.emp_id, 
            e.emp_name, 
            e.dept_id,
            d.DEP_NM as dept_name,
            e.use_yn,
            e.user_role,
            e.auth_read,
            e.auth_approve,
            e.auth_campaign,
            e.last_login_ip, 
            e.last_login_time, 
            e.created_at, 
            e.updated_at
        FROM employee e
        LEFT JOIN DEP d ON e.dept_id = d.DEP_ID

        ORDER BY e.created_at DESC
        LIMIT 10 OFFSET 0

2026-05-26 16:06:09.442 [http-nio-8080-exec-9] DEBUG c.e.s.m.E.selectEmployees - <==      Total: 10
2026-05-26 16:14:51.968 [http-nio-8080-exec-8] DEBUG c.e.s.c.SmsHistoryApiController - SMS API 목록 요청 request=SmsSearchRequestDTO(startDate=2026-05-01, endDate=2026-05-26, receiverNo=, sendType=)
2026-05-26 16:14:51.969 [http-nio-8080-exec-8] DEBUG c.e.s.service.SmsHistoryServiceImpl - SMS 목록 조회 request=SmsSearchRequestDTO(startDate=2026-05-01, endDate=2026-05-26, receiverNo=, sendType=)
2026-05-26 16:14:51.969 [http-nio-8080-exec-8] DEBUG c.e.s.m.SmsHistoryMapper.findAll - ==>  Preparing: SELECT id, campaign_name, send_type, sender_no, receiver_no, LEFT(message, 50) AS message, send_status, resend_yn, result_code, result_message, sent_at, created_at, updated_at FROM sms_history WHERE sent_at >= ?::date AND sent_at < (?::date + INTERVAL '1 day') ORDER BY id DESC LIMIT ? OFFSET ?
2026-05-26 16:14:51.970 [http-nio-8080-exec-8] DEBUG c.e.s.m.SmsHistoryMapper.findAll - ==> Parameters: 2026-05-01(String), 2026-05-26(String), 10(Integer), 0(Integer)
2026-05-26 16:14:51.970 [http-nio-8080-exec-8] INFO  jdbc.sqlonly - SELECT
            id,
            campaign_name,
            send_type,
            sender_no,
            receiver_no,
            LEFT(message, 50) AS message,
            send_status,
            resend_yn,
            result_code,
            result_message,
            sent_at,
            created_at,
            updated_at
        FROM sms_history

         WHERE  sent_at >= '2026-05-01'::date

                AND sent_at < ('2026-05-26'::date + INTERVAL '1 day') 

        ORDER BY id DESC
        LIMIT 10 OFFSET 0

2026-05-26 16:14:51.974 [http-nio-8080-exec-8] DEBUG c.e.s.m.SmsHistoryMapper.findAll - <==      Total: 10
2026-05-26 16:14:51.975 [http-nio-8080-exec-8] DEBUG c.e.s.mapper.SmsHistoryMapper.count - ==>  Preparing: SELECT COUNT(*) FROM sms_history WHERE sent_at >= ?::date AND sent_at < (?::date + INTERVAL '1 day')
2026-05-26 16:14:51.975 [http-nio-8080-exec-8] DEBUG c.e.s.mapper.SmsHistoryMapper.count - ==> Parameters: 2026-05-01(String), 2026-05-26(String)
2026-05-26 16:14:51.975 [http-nio-8080-exec-8] INFO  jdbc.sqlonly - SELECT COUNT(*)
        FROM sms_history

         WHERE  sent_at >= '2026-05-01'::date

                AND sent_at < ('2026-05-26'::date + INTERVAL '1 day')

2026-05-26 16:14:51.978 [http-nio-8080-exec-8] DEBUG c.e.s.mapper.SmsHistoryMapper.count - <==      Total: 1
2026-05-26 16:14:52.859 [http-nio-8080-exec-1] DEBUG c.e.s.m.SmsHistoryMapper.findById - ==>  Preparing: SELECT id, campaign_name, send_type, sender_no, receiver_no, message, send_status, resend_yn, result_code, result_message, reserved_at, sent_at, created_at, updated_at FROM sms_history WHERE id = ?
2026-05-26 16:14:52.861 [http-nio-8080-exec-1] DEBUG c.e.s.m.SmsHistoryMapper.findById - ==> Parameters: 65(Long)
2026-05-26 16:14:52.861 [http-nio-8080-exec-1] INFO  jdbc.sqlonly - SELECT
            id, campaign_name, send_type, sender_no, receiver_no,
            message, send_status, resend_yn,
            result_code, result_message,
            reserved_at, sent_at, created_at, updated_at
        FROM sms_history
        WHERE id = 65

2026-05-26 16:14:52.861 [http-nio-8080-exec-1] DEBUG c.e.s.m.SmsHistoryMapper.findById - <==      Total: 1
2026-05-26 16:15:00.140 [http-nio-8080-exec-10] DEBUG c.e.s.m.SmsHistoryMapper.findById - ==>  Preparing: SELECT id, campaign_name, send_type, sender_no, receiver_no, message, send_status, resend_yn, result_code, result_message, reserved_at, sent_at, created_at, updated_at FROM sms_history WHERE id = ?
2026-05-26 16:15:00.140 [http-nio-8080-exec-10] DEBUG c.e.s.m.SmsHistoryMapper.findById - ==> Parameters: 65(Long)
2026-05-26 16:15:00.140 [http-nio-8080-exec-10] INFO  jdbc.sqlonly - SELECT
            id, campaign_name, send_type, sender_no, receiver_no,
            message, send_status, resend_yn,
            result_code, result_message,
            reserved_at, sent_at, created_at, updated_at
        FROM sms_history
        WHERE id = 65

2026-05-26 16:15:00.142 [http-nio-8080-exec-10] DEBUG c.e.s.m.SmsHistoryMapper.findById - <==      Total: 1
2026-05-26 16:27:55.720 [http-nio-8080-exec-5] DEBUG c.e.s.m.E.countEmployees - ==>  Preparing: SELECT COUNT(*) FROM employee e
2026-05-26 16:27:55.721 [http-nio-8080-exec-5] DEBUG c.e.s.m.E.countEmployees - ==> Parameters: 
2026-05-26 16:27:55.721 [http-nio-8080-exec-5] INFO  jdbc.sqlonly - SELECT COUNT(*) 
        FROM employee e

2026-05-26 16:27:55.723 [http-nio-8080-exec-5] DEBUG c.e.s.m.E.countEmployees - <==      Total: 1
2026-05-26 16:27:55.723 [http-nio-8080-exec-5] DEBUG c.e.s.m.E.selectEmployees - ==>  Preparing: SELECT e.emp_id, e.emp_name, e.dept_id, d.DEP_NM as dept_name, e.use_yn, e.user_role, e.auth_read, e.auth_approve, e.auth_campaign, e.last_login_ip, e.last_login_time, e.created_at, e.updated_at FROM employee e LEFT JOIN DEP d ON e.dept_id = d.DEP_ID ORDER BY e.created_at DESC LIMIT ? OFFSET ?
2026-05-26 16:27:55.724 [http-nio-8080-exec-5] DEBUG c.e.s.m.E.selectEmployees - ==> Parameters: 10(Integer), 0(Integer)
2026-05-26 16:27:55.724 [http-nio-8080-exec-5] INFO  jdbc.sqlonly - SELECT 
            e.emp_id, 
            e.emp_name, 
            e.dept_id,
            d.DEP_NM as dept_name,
            e.use_yn,
            e.user_role,
            e.auth_read,
            e.auth_approve,
            e.auth_campaign,
            e.last_login_ip, 
            e.last_login_time, 
            e.created_at, 
            e.updated_at
        FROM employee e
        LEFT JOIN DEP d ON e.dept_id = d.DEP_ID

        ORDER BY e.created_at DESC
        LIMIT 10 OFFSET 0

2026-05-26 16:27:55.728 [http-nio-8080-exec-5] DEBUG c.e.s.m.E.selectEmployees - <==      Total: 10
2026-05-26 16:29:03.606 [http-nio-8080-exec-6] DEBUG c.e.s.c.SmsHistoryApiController - SMS API 목록 요청 request=SmsSearchRequestDTO(startDate=2026-05-26, endDate=2026-05-26, receiverNo=, sendType=)
2026-05-26 16:29:03.606 [http-nio-8080-exec-6] DEBUG c.e.s.service.SmsHistoryServiceImpl - SMS 목록 조회 request=SmsSearchRequestDTO(startDate=2026-05-26, endDate=2026-05-26, receiverNo=, sendType=)
2026-05-26 16:29:03.607 [http-nio-8080-exec-6] DEBUG c.e.s.m.SmsHistoryMapper.findAll - ==>  Preparing: SELECT id, campaign_name, send_type, sender_no, receiver_no, LEFT(message, 50) AS message, send_status, resend_yn, result_code, result_message, sent_at, created_at, updated_at FROM sms_history WHERE sent_at >= ?::date AND sent_at < (?::date + INTERVAL '1 day') ORDER BY id DESC LIMIT ? OFFSET ?
2026-05-26 16:29:03.607 [http-nio-8080-exec-6] DEBUG c.e.s.m.SmsHistoryMapper.findAll - ==> Parameters: 2026-05-26(String), 2026-05-26(String), 10(Integer), 0(Integer)
2026-05-26 16:29:03.607 [http-nio-8080-exec-6] INFO  jdbc.sqlonly - SELECT
            id,
            campaign_name,
            send_type,
            sender_no,
            receiver_no,
            LEFT(message, 50) AS message,
            send_status,
            resend_yn,
            result_code,
            result_message,
            sent_at,
            created_at,
            updated_at
        FROM sms_history

         WHERE  sent_at >= '2026-05-26'::date

                AND sent_at < ('2026-05-26'::date + INTERVAL '1 day') 

        ORDER BY id DESC
        LIMIT 10 OFFSET 0

2026-05-26 16:29:03.609 [http-nio-8080-exec-6] DEBUG c.e.s.m.SmsHistoryMapper.findAll - <==      Total: 10
2026-05-26 16:29:03.611 [http-nio-8080-exec-6] DEBUG c.e.s.mapper.SmsHistoryMapper.count - ==>  Preparing: SELECT COUNT(*) FROM sms_history WHERE sent_at >= ?::date AND sent_at < (?::date + INTERVAL '1 day')
2026-05-26 16:29:03.612 [http-nio-8080-exec-6] DEBUG c.e.s.mapper.SmsHistoryMapper.count - ==> Parameters: 2026-05-26(String), 2026-05-26(String)
2026-05-26 16:29:03.612 [http-nio-8080-exec-6] INFO  jdbc.sqlonly - SELECT COUNT(*)
        FROM sms_history

         WHERE  sent_at >= '2026-05-26'::date

                AND sent_at < ('2026-05-26'::date + INTERVAL '1 day')

2026-05-26 16:29:03.614 [http-nio-8080-exec-6] DEBUG c.e.s.mapper.SmsHistoryMapper.count - <==      Total: 1
2026-05-26 16:29:06.415 [http-nio-8080-exec-5] DEBUG c.e.s.c.SmsHistoryApiController - SMS API 목록 요청 request=SmsSearchRequestDTO(startDate=2026-05-26, endDate=2026-05-26, receiverNo=, sendType=)
2026-05-26 16:29:06.416 [http-nio-8080-exec-5] DEBUG c.e.s.service.SmsHistoryServiceImpl - SMS 목록 조회 request=SmsSearchRequestDTO(startDate=2026-05-26, endDate=2026-05-26, receiverNo=, sendType=)
2026-05-26 16:29:06.417 [http-nio-8080-exec-5] DEBUG c.e.s.m.SmsHistoryMapper.findAll - ==>  Preparing: SELECT id, campaign_name, send_type, sender_no, receiver_no, LEFT(message, 50) AS message, send_status, resend_yn, result_code, result_message, sent_at, created_at, updated_at FROM sms_history WHERE sent_at >= ?::date AND sent_at < (?::date + INTERVAL '1 day') ORDER BY id DESC LIMIT ? OFFSET ?
2026-05-26 16:29:06.417 [http-nio-8080-exec-5] DEBUG c.e.s.m.SmsHistoryMapper.findAll - ==> Parameters: 2026-05-26(String), 2026-05-26(String), 10(Integer), 980(Integer)
2026-05-26 16:29:06.417 [http-nio-8080-exec-5] INFO  jdbc.sqlonly - SELECT
            id,
            campaign_name,
            send_type,
            sender_no,
            receiver_no,
            LEFT(message, 50) AS message,
            send_status,
            resend_yn,
            result_code,
            result_message,
            sent_at,
            created_at,
            updated_at
        FROM sms_history

         WHERE  sent_at >= '2026-05-26'::date

                AND sent_at < ('2026-05-26'::date + INTERVAL '1 day') 

        ORDER BY id DESC
        LIMIT 10 OFFSET 980

2026-05-26 16:29:06.419 [http-nio-8080-exec-5] DEBUG c.e.s.m.SmsHistoryMapper.findAll - <==      Total: 8
2026-05-26 16:29:06.419 [http-nio-8080-exec-5] DEBUG c.e.s.mapper.SmsHistoryMapper.count - ==>  Preparing: SELECT COUNT(*) FROM sms_history WHERE sent_at >= ?::date AND sent_at < (?::date + INTERVAL '1 day')
2026-05-26 16:29:06.419 [http-nio-8080-exec-5] DEBUG c.e.s.mapper.SmsHistoryMapper.count - ==> Parameters: 2026-05-26(String), 2026-05-26(String)
2026-05-26 16:29:06.419 [http-nio-8080-exec-5] INFO  jdbc.sqlonly - SELECT COUNT(*)
        FROM sms_history

         WHERE  sent_at >= '2026-05-26'::date

                AND sent_at < ('2026-05-26'::date + INTERVAL '1 day')

2026-05-26 16:29:06.421 [http-nio-8080-exec-5] DEBUG c.e.s.mapper.SmsHistoryMapper.count - <==      Total: 1
2026-05-26 16:29:17.313 [http-nio-8080-exec-10] DEBUG c.e.s.c.SmsHistoryApiController - SMS API 목록 요청 request=SmsSearchRequestDTO(startDate=2026-05-01, endDate=2026-05-26, receiverNo=, sendType=)
2026-05-26 16:29:17.314 [http-nio-8080-exec-10] DEBUG c.e.s.service.SmsHistoryServiceImpl - SMS 목록 조회 request=SmsSearchRequestDTO(startDate=2026-05-01, endDate=2026-05-26, receiverNo=, sendType=)
2026-05-26 16:29:17.314 [http-nio-8080-exec-10] DEBUG c.e.s.m.SmsHistoryMapper.findAll - ==>  Preparing: SELECT id, campaign_name, send_type, sender_no, receiver_no, LEFT(message, 50) AS message, send_status, resend_yn, result_code, result_message, sent_at, created_at, updated_at FROM sms_history WHERE sent_at >= ?::date AND sent_at < (?::date + INTERVAL '1 day') ORDER BY id DESC LIMIT ? OFFSET ?
2026-05-26 16:29:17.315 [http-nio-8080-exec-10] DEBUG c.e.s.m.SmsHistoryMapper.findAll - ==> Parameters: 2026-05-01(String), 2026-05-26(String), 10(Integer), 0(Integer)
2026-05-26 16:29:17.315 [http-nio-8080-exec-10] INFO  jdbc.sqlonly - SELECT
            id,
            campaign_name,
            send_type,
            sender_no,
            receiver_no,
            LEFT(message, 50) AS message,
            send_status,
            resend_yn,
            result_code,
            result_message,
            sent_at,
            created_at,
            updated_at
        FROM sms_history

         WHERE  sent_at >= '2026-05-01'::date

                AND sent_at < ('2026-05-26'::date + INTERVAL '1 day') 

        ORDER BY id DESC
        LIMIT 10 OFFSET 0

2026-05-26 16:29:17.315 [http-nio-8080-exec-10] DEBUG c.e.s.m.SmsHistoryMapper.findAll - <==      Total: 10
2026-05-26 16:29:17.317 [http-nio-8080-exec-10] DEBUG c.e.s.mapper.SmsHistoryMapper.count - ==>  Preparing: SELECT COUNT(*) FROM sms_history WHERE sent_at >= ?::date AND sent_at < (?::date + INTERVAL '1 day')
2026-05-26 16:29:17.317 [http-nio-8080-exec-10] DEBUG c.e.s.mapper.SmsHistoryMapper.count - ==> Parameters: 2026-05-01(String), 2026-05-26(String)
2026-05-26 16:29:17.317 [http-nio-8080-exec-10] INFO  jdbc.sqlonly - SELECT COUNT(*)
        FROM sms_history

         WHERE  sent_at >= '2026-05-01'::date

                AND sent_at < ('2026-05-26'::date + INTERVAL '1 day')

2026-05-26 16:29:17.343 [http-nio-8080-exec-10] DEBUG c.e.s.mapper.SmsHistoryMapper.count - <==      Total: 1
2026-05-26 16:29:19.241 [http-nio-8080-exec-4] DEBUG c.e.s.c.SmsHistoryApiController - SMS API 목록 요청 request=SmsSearchRequestDTO(startDate=2026-05-01, endDate=2026-05-26, receiverNo=, sendType=)
2026-05-26 16:29:19.241 [http-nio-8080-exec-4] DEBUG c.e.s.service.SmsHistoryServiceImpl - SMS 목록 조회 request=SmsSearchRequestDTO(startDate=2026-05-01, endDate=2026-05-26, receiverNo=, sendType=)
2026-05-26 16:29:19.242 [http-nio-8080-exec-4] DEBUG c.e.s.m.SmsHistoryMapper.findAll - ==>  Preparing: SELECT id, campaign_name, send_type, sender_no, receiver_no, LEFT(message, 50) AS message, send_status, resend_yn, result_code, result_message, sent_at, created_at, updated_at FROM sms_history WHERE sent_at >= ?::date AND sent_at < (?::date + INTERVAL '1 day') ORDER BY id DESC LIMIT ? OFFSET ?
2026-05-26 16:29:19.242 [http-nio-8080-exec-4] DEBUG c.e.s.m.SmsHistoryMapper.findAll - ==> Parameters: 2026-05-01(String), 2026-05-26(String), 10(Integer), 20050(Integer)
2026-05-26 16:29:19.242 [http-nio-8080-exec-4] INFO  jdbc.sqlonly - SELECT
            id,
            campaign_name,
            send_type,
            sender_no,
            receiver_no,
            LEFT(message, 50) AS message,
            send_status,
            resend_yn,
            result_code,
            result_message,
            sent_at,
            created_at,
            updated_at
        FROM sms_history

         WHERE  sent_at >= '2026-05-01'::date

                AND sent_at < ('2026-05-26'::date + INTERVAL '1 day') 

        ORDER BY id DESC
        LIMIT 10 OFFSET 20050

2026-05-26 16:29:19.273 [http-nio-8080-exec-4] DEBUG c.e.s.m.SmsHistoryMapper.findAll - <==      Total: 8
2026-05-26 16:29:19.274 [http-nio-8080-exec-4] DEBUG c.e.s.mapper.SmsHistoryMapper.count - ==>  Preparing: SELECT COUNT(*) FROM sms_history WHERE sent_at >= ?::date AND sent_at < (?::date + INTERVAL '1 day')
2026-05-26 16:29:19.274 [http-nio-8080-exec-4] DEBUG c.e.s.mapper.SmsHistoryMapper.count - ==> Parameters: 2026-05-01(String), 2026-05-26(String)
2026-05-26 16:29:19.274 [http-nio-8080-exec-4] INFO  jdbc.sqlonly - SELECT COUNT(*)
        FROM sms_history

         WHERE  sent_at >= '2026-05-01'::date

                AND sent_at < ('2026-05-26'::date + INTERVAL '1 day')

2026-05-26 16:29:19.298 [http-nio-8080-exec-4] DEBUG c.e.s.mapper.SmsHistoryMapper.count - <==      Total: 1
2026-05-26 16:29:20.253 [http-nio-8080-exec-7] DEBUG c.e.s.c.SmsHistoryApiController - SMS API 목록 요청 request=SmsSearchRequestDTO(startDate=2026-05-01, endDate=2026-05-26, receiverNo=, sendType=)
2026-05-26 16:29:20.254 [http-nio-8080-exec-7] DEBUG c.e.s.service.SmsHistoryServiceImpl - SMS 목록 조회 request=SmsSearchRequestDTO(startDate=2026-05-01, endDate=2026-05-26, receiverNo=, sendType=)
2026-05-26 16:29:20.255 [http-nio-8080-exec-7] DEBUG c.e.s.m.SmsHistoryMapper.findAll - ==>  Preparing: SELECT id, campaign_name, send_type, sender_no, receiver_no, LEFT(message, 50) AS message, send_status, resend_yn, result_code, result_message, sent_at, created_at, updated_at FROM sms_history WHERE sent_at >= ?::date AND sent_at < (?::date + INTERVAL '1 day') ORDER BY id DESC LIMIT ? OFFSET ?
2026-05-26 16:29:20.255 [http-nio-8080-exec-7] DEBUG c.e.s.m.SmsHistoryMapper.findAll - ==> Parameters: 2026-05-01(String), 2026-05-26(String), 10(Integer), 20040(Integer)
2026-05-26 16:29:20.255 [http-nio-8080-exec-7] INFO  jdbc.sqlonly - SELECT
            id,
            campaign_name,
            send_type,
            sender_no,
            receiver_no,
            LEFT(message, 50) AS message,
            send_status,
            resend_yn,
            result_code,
            result_message,
            sent_at,
            created_at,
            updated_at
        FROM sms_history

         WHERE  sent_at >= '2026-05-01'::date

                AND sent_at < ('2026-05-26'::date + INTERVAL '1 day') 

        ORDER BY id DESC
        LIMIT 10 OFFSET 20040

2026-05-26 16:29:20.289 [http-nio-8080-exec-7] DEBUG c.e.s.m.SmsHistoryMapper.findAll - <==      Total: 10
2026-05-26 16:29:20.290 [http-nio-8080-exec-7] DEBUG c.e.s.mapper.SmsHistoryMapper.count - ==>  Preparing: SELECT COUNT(*) FROM sms_history WHERE sent_at >= ?::date AND sent_at < (?::date + INTERVAL '1 day')
2026-05-26 16:29:20.290 [http-nio-8080-exec-7] DEBUG c.e.s.mapper.SmsHistoryMapper.count - ==> Parameters: 2026-05-01(String), 2026-05-26(String)
2026-05-26 16:29:20.290 [http-nio-8080-exec-7] INFO  jdbc.sqlonly - SELECT COUNT(*)
        FROM sms_history

         WHERE  sent_at >= '2026-05-01'::date

                AND sent_at < ('2026-05-26'::date + INTERVAL '1 day')

2026-05-26 16:29:20.318 [http-nio-8080-exec-7] DEBUG c.e.s.mapper.SmsHistoryMapper.count - <==      Total: 1
2026-05-26 16:29:21.755 [http-nio-8080-exec-9] DEBUG c.e.s.c.SmsHistoryApiController - SMS API 목록 요청 request=SmsSearchRequestDTO(startDate=2026-05-01, endDate=2026-05-26, receiverNo=, sendType=)
2026-05-26 16:29:21.756 [http-nio-8080-exec-9] DEBUG c.e.s.service.SmsHistoryServiceImpl - SMS 목록 조회 request=SmsSearchRequestDTO(startDate=2026-05-01, endDate=2026-05-26, receiverNo=, sendType=)
2026-05-26 16:29:21.756 [http-nio-8080-exec-9] DEBUG c.e.s.m.SmsHistoryMapper.findAll - ==>  Preparing: SELECT id, campaign_name, send_type, sender_no, receiver_no, LEFT(message, 50) AS message, send_status, resend_yn, result_code, result_message, sent_at, created_at, updated_at FROM sms_history WHERE sent_at >= ?::date AND sent_at < (?::date + INTERVAL '1 day') ORDER BY id DESC LIMIT ? OFFSET ?
2026-05-26 16:29:21.757 [http-nio-8080-exec-9] DEBUG c.e.s.m.SmsHistoryMapper.findAll - ==> Parameters: 2026-05-01(String), 2026-05-26(String), 10(Integer), 20030(Integer)
2026-05-26 16:29:21.757 [http-nio-8080-exec-9] INFO  jdbc.sqlonly - SELECT
            id,
            campaign_name,
            send_type,
            sender_no,
            receiver_no,
            LEFT(message, 50) AS message,
            send_status,
            resend_yn,
            result_code,
            result_message,
            sent_at,
            created_at,
            updated_at
        FROM sms_history

         WHERE  sent_at >= '2026-05-01'::date

                AND sent_at < ('2026-05-26'::date + INTERVAL '1 day') 

        ORDER BY id DESC
        LIMIT 10 OFFSET 20030

2026-05-26 16:29:21.794 [http-nio-8080-exec-9] DEBUG c.e.s.m.SmsHistoryMapper.findAll - <==      Total: 10
2026-05-26 16:29:21.795 [http-nio-8080-exec-9] DEBUG c.e.s.mapper.SmsHistoryMapper.count - ==>  Preparing: SELECT COUNT(*) FROM sms_history WHERE sent_at >= ?::date AND sent_at < (?::date + INTERVAL '1 day')
2026-05-26 16:29:21.795 [http-nio-8080-exec-9] DEBUG c.e.s.mapper.SmsHistoryMapper.count - ==> Parameters: 2026-05-01(String), 2026-05-26(String)
2026-05-26 16:29:21.795 [http-nio-8080-exec-9] INFO  jdbc.sqlonly - SELECT COUNT(*)
        FROM sms_history

         WHERE  sent_at >= '2026-05-01'::date

                AND sent_at < ('2026-05-26'::date + INTERVAL '1 day')

2026-05-26 16:29:21.825 [http-nio-8080-exec-9] DEBUG c.e.s.mapper.SmsHistoryMapper.count - <==      Total: 1
2026-05-26 16:29:22.520 [http-nio-8080-exec-2] DEBUG c.e.s.c.SmsHistoryApiController - SMS API 목록 요청 request=SmsSearchRequestDTO(startDate=2026-05-01, endDate=2026-05-26, receiverNo=, sendType=)
2026-05-26 16:29:22.521 [http-nio-8080-exec-2] DEBUG c.e.s.service.SmsHistoryServiceImpl - SMS 목록 조회 request=SmsSearchRequestDTO(startDate=2026-05-01, endDate=2026-05-26, receiverNo=, sendType=)
2026-05-26 16:29:22.521 [http-nio-8080-exec-2] DEBUG c.e.s.m.SmsHistoryMapper.findAll - ==>  Preparing: SELECT id, campaign_name, send_type, sender_no, receiver_no, LEFT(message, 50) AS message, send_status, resend_yn, result_code, result_message, sent_at, created_at, updated_at FROM sms_history WHERE sent_at >= ?::date AND sent_at < (?::date + INTERVAL '1 day') ORDER BY id DESC LIMIT ? OFFSET ?
2026-05-26 16:29:22.522 [http-nio-8080-exec-2] DEBUG c.e.s.m.SmsHistoryMapper.findAll - ==> Parameters: 2026-05-01(String), 2026-05-26(String), 10(Integer), 20020(Integer)
2026-05-26 16:29:22.522 [http-nio-8080-exec-2] INFO  jdbc.sqlonly - SELECT
            id,
            campaign_name,
            send_type,
            sender_no,
            receiver_no,
            LEFT(message, 50) AS message,
            send_status,
            resend_yn,
            result_code,
            result_message,
            sent_at,
            created_at,
            updated_at
        FROM sms_history

         WHERE  sent_at >= '2026-05-01'::date

                AND sent_at < ('2026-05-26'::date + INTERVAL '1 day') 

        ORDER BY id DESC
        LIMIT 10 OFFSET 20020

2026-05-26 16:29:22.553 [http-nio-8080-exec-2] DEBUG c.e.s.m.SmsHistoryMapper.findAll - <==      Total: 10
2026-05-26 16:29:22.553 [http-nio-8080-exec-2] DEBUG c.e.s.mapper.SmsHistoryMapper.count - ==>  Preparing: SELECT COUNT(*) FROM sms_history WHERE sent_at >= ?::date AND sent_at < (?::date + INTERVAL '1 day')
2026-05-26 16:29:22.553 [http-nio-8080-exec-2] DEBUG c.e.s.mapper.SmsHistoryMapper.count - ==> Parameters: 2026-05-01(String), 2026-05-26(String)
2026-05-26 16:29:22.554 [http-nio-8080-exec-2] INFO  jdbc.sqlonly - SELECT COUNT(*)
        FROM sms_history

         WHERE  sent_at >= '2026-05-01'::date

                AND sent_at < ('2026-05-26'::date + INTERVAL '1 day')

2026-05-26 16:29:22.577 [http-nio-8080-exec-2] DEBUG c.e.s.mapper.SmsHistoryMapper.count - <==      Total: 1
2026-05-26 16:29:22.895 [http-nio-8080-exec-3] DEBUG c.e.s.c.SmsHistoryApiController - SMS API 목록 요청 request=SmsSearchRequestDTO(startDate=2026-05-01, endDate=2026-05-26, receiverNo=, sendType=)
2026-05-26 16:29:22.895 [http-nio-8080-exec-3] DEBUG c.e.s.service.SmsHistoryServiceImpl - SMS 목록 조회 request=SmsSearchRequestDTO(startDate=2026-05-01, endDate=2026-05-26, receiverNo=, sendType=)
2026-05-26 16:29:22.896 [http-nio-8080-exec-3] DEBUG c.e.s.m.SmsHistoryMapper.findAll - ==>  Preparing: SELECT id, campaign_name, send_type, sender_no, receiver_no, LEFT(message, 50) AS message, send_status, resend_yn, result_code, result_message, sent_at, created_at, updated_at FROM sms_history WHERE sent_at >= ?::date AND sent_at < (?::date + INTERVAL '1 day') ORDER BY id DESC LIMIT ? OFFSET ?
2026-05-26 16:29:22.896 [http-nio-8080-exec-3] DEBUG c.e.s.m.SmsHistoryMapper.findAll - ==> Parameters: 2026-05-01(String), 2026-05-26(String), 10(Integer), 20010(Integer)
2026-05-26 16:29:22.896 [http-nio-8080-exec-3] INFO  jdbc.sqlonly - SELECT
            id,
            campaign_name,
            send_type,
            sender_no,
            receiver_no,
            LEFT(message, 50) AS message,
            send_status,
            resend_yn,
            result_code,
            result_message,
            sent_at,
            created_at,
            updated_at
        FROM sms_history

         WHERE  sent_at >= '2026-05-01'::date

                AND sent_at < ('2026-05-26'::date + INTERVAL '1 day') 

        ORDER BY id DESC
        LIMIT 10 OFFSET 20010

2026-05-26 16:29:22.928 [http-nio-8080-exec-3] DEBUG c.e.s.m.SmsHistoryMapper.findAll - <==      Total: 10
2026-05-26 16:29:22.929 [http-nio-8080-exec-3] DEBUG c.e.s.mapper.SmsHistoryMapper.count - ==>  Preparing: SELECT COUNT(*) FROM sms_history WHERE sent_at >= ?::date AND sent_at < (?::date + INTERVAL '1 day')
2026-05-26 16:29:22.930 [http-nio-8080-exec-3] DEBUG c.e.s.mapper.SmsHistoryMapper.count - ==> Parameters: 2026-05-01(String), 2026-05-26(String)
2026-05-26 16:29:22.930 [http-nio-8080-exec-3] INFO  jdbc.sqlonly - SELECT COUNT(*)
        FROM sms_history

         WHERE  sent_at >= '2026-05-01'::date

                AND sent_at < ('2026-05-26'::date + INTERVAL '1 day')

2026-05-26 16:29:22.955 [http-nio-8080-exec-3] DEBUG c.e.s.mapper.SmsHistoryMapper.count - <==      Total: 1
2026-05-26 16:29:23.299 [http-nio-8080-exec-8] DEBUG c.e.s.c.SmsHistoryApiController - SMS API 목록 요청 request=SmsSearchRequestDTO(startDate=2026-05-01, endDate=2026-05-26, receiverNo=, sendType=)
2026-05-26 16:29:23.300 [http-nio-8080-exec-8] DEBUG c.e.s.service.SmsHistoryServiceImpl - SMS 목록 조회 request=SmsSearchRequestDTO(startDate=2026-05-01, endDate=2026-05-26, receiverNo=, sendType=)
2026-05-26 16:29:23.300 [http-nio-8080-exec-8] DEBUG c.e.s.m.SmsHistoryMapper.findAll - ==>  Preparing: SELECT id, campaign_name, send_type, sender_no, receiver_no, LEFT(message, 50) AS message, send_status, resend_yn, result_code, result_message, sent_at, created_at, updated_at FROM sms_history WHERE sent_at >= ?::date AND sent_at < (?::date + INTERVAL '1 day') ORDER BY id DESC LIMIT ? OFFSET ?
2026-05-26 16:29:23.300 [http-nio-8080-exec-8] DEBUG c.e.s.m.SmsHistoryMapper.findAll - ==> Parameters: 2026-05-01(String), 2026-05-26(String), 10(Integer), 20000(Integer)
2026-05-26 16:29:23.300 [http-nio-8080-exec-8] INFO  jdbc.sqlonly - SELECT
            id,
            campaign_name,
            send_type,
            sender_no,
            receiver_no,
            LEFT(message, 50) AS message,
            send_status,
            resend_yn,
            result_code,
            result_message,
            sent_at,
            created_at,
            updated_at
        FROM sms_history

         WHERE  sent_at >= '2026-05-01'::date

                AND sent_at < ('2026-05-26'::date + INTERVAL '1 day') 

        ORDER BY id DESC
        LIMIT 10 OFFSET 20000

2026-05-26 16:29:23.325 [http-nio-8080-exec-8] DEBUG c.e.s.m.SmsHistoryMapper.findAll - <==      Total: 10
2026-05-26 16:29:23.325 [http-nio-8080-exec-8] DEBUG c.e.s.mapper.SmsHistoryMapper.count - ==>  Preparing: SELECT COUNT(*) FROM sms_history WHERE sent_at >= ?::date AND sent_at < (?::date + INTERVAL '1 day')
2026-05-26 16:29:23.325 [http-nio-8080-exec-8] DEBUG c.e.s.mapper.SmsHistoryMapper.count - ==> Parameters: 2026-05-01(String), 2026-05-26(String)
2026-05-26 16:29:23.327 [http-nio-8080-exec-8] INFO  jdbc.sqlonly - SELECT COUNT(*)
        FROM sms_history

         WHERE  sent_at >= '2026-05-01'::date

                AND sent_at < ('2026-05-26'::date + INTERVAL '1 day')

2026-05-26 16:29:23.342 [http-nio-8080-exec-8] DEBUG c.e.s.mapper.SmsHistoryMapper.count - <==      Total: 1
2026-05-26 16:29:23.629 [http-nio-8080-exec-1] DEBUG c.e.s.c.SmsHistoryApiController - SMS API 목록 요청 request=SmsSearchRequestDTO(startDate=2026-05-01, endDate=2026-05-26, receiverNo=, sendType=)
2026-05-26 16:29:23.629 [http-nio-8080-exec-1] DEBUG c.e.s.service.SmsHistoryServiceImpl - SMS 목록 조회 request=SmsSearchRequestDTO(startDate=2026-05-01, endDate=2026-05-26, receiverNo=, sendType=)
2026-05-26 16:29:23.629 [http-nio-8080-exec-1] DEBUG c.e.s.m.SmsHistoryMapper.findAll - ==>  Preparing: SELECT id, campaign_name, send_type, sender_no, receiver_no, LEFT(message, 50) AS message, send_status, resend_yn, result_code, result_message, sent_at, created_at, updated_at FROM sms_history WHERE sent_at >= ?::date AND sent_at < (?::date + INTERVAL '1 day') ORDER BY id DESC LIMIT ? OFFSET ?
2026-05-26 16:29:23.629 [http-nio-8080-exec-1] DEBUG c.e.s.m.SmsHistoryMapper.findAll - ==> Parameters: 2026-05-01(String), 2026-05-26(String), 10(Integer), 19990(Integer)
2026-05-26 16:29:23.629 [http-nio-8080-exec-1] INFO  jdbc.sqlonly - SELECT
            id,
            campaign_name,
            send_type,
            sender_no,
            receiver_no,
            LEFT(message, 50) AS message,
            send_status,
            resend_yn,
            result_code,
            result_message,
            sent_at,
            created_at,
            updated_at
        FROM sms_history

         WHERE  sent_at >= '2026-05-01'::date

                AND sent_at < ('2026-05-26'::date + INTERVAL '1 day') 

        ORDER BY id DESC
        LIMIT 10 OFFSET 19990

2026-05-26 16:29:23.650 [http-nio-8080-exec-1] DEBUG c.e.s.m.SmsHistoryMapper.findAll - <==      Total: 10
2026-05-26 16:29:23.652 [http-nio-8080-exec-1] DEBUG c.e.s.mapper.SmsHistoryMapper.count - ==>  Preparing: SELECT COUNT(*) FROM sms_history WHERE sent_at >= ?::date AND sent_at < (?::date + INTERVAL '1 day')
2026-05-26 16:29:23.652 [http-nio-8080-exec-1] DEBUG c.e.s.mapper.SmsHistoryMapper.count - ==> Parameters: 2026-05-01(String), 2026-05-26(String)
2026-05-26 16:29:23.652 [http-nio-8080-exec-1] INFO  jdbc.sqlonly - SELECT COUNT(*)
        FROM sms_history

         WHERE  sent_at >= '2026-05-01'::date

                AND sent_at < ('2026-05-26'::date + INTERVAL '1 day')

2026-05-26 16:29:23.666 [http-nio-8080-exec-1] DEBUG c.e.s.mapper.SmsHistoryMapper.count - <==      Total: 1
2026-05-26 16:29:24.357 [http-nio-8080-exec-6] DEBUG c.e.s.c.SmsHistoryApiController - SMS API 목록 요청 request=SmsSearchRequestDTO(startDate=2026-05-01, endDate=2026-05-26, receiverNo=, sendType=)
2026-05-26 16:29:24.359 [http-nio-8080-exec-6] DEBUG c.e.s.service.SmsHistoryServiceImpl - SMS 목록 조회 request=SmsSearchRequestDTO(startDate=2026-05-01, endDate=2026-05-26, receiverNo=, sendType=)
2026-05-26 16:29:24.359 [http-nio-8080-exec-6] DEBUG c.e.s.m.SmsHistoryMapper.findAll - ==>  Preparing: SELECT id, campaign_name, send_type, sender_no, receiver_no, LEFT(message, 50) AS message, send_status, resend_yn, result_code, result_message, sent_at, created_at, updated_at FROM sms_history WHERE sent_at >= ?::date AND sent_at < (?::date + INTERVAL '1 day') ORDER BY id DESC LIMIT ? OFFSET ?
2026-05-26 16:29:24.359 [http-nio-8080-exec-6] DEBUG c.e.s.m.SmsHistoryMapper.findAll - ==> Parameters: 2026-05-01(String), 2026-05-26(String), 10(Integer), 19980(Integer)
2026-05-26 16:29:24.359 [http-nio-8080-exec-6] INFO  jdbc.sqlonly - SELECT
            id,
            campaign_name,
            send_type,
            sender_no,
            receiver_no,
            LEFT(message, 50) AS message,
            send_status,
            resend_yn,
            result_code,
            result_message,
            sent_at,
            created_at,
            updated_at
        FROM sms_history

         WHERE  sent_at >= '2026-05-01'::date

                AND sent_at < ('2026-05-26'::date + INTERVAL '1 day') 

        ORDER BY id DESC
        LIMIT 10 OFFSET 19980

2026-05-26 16:29:24.381 [http-nio-8080-exec-6] DEBUG c.e.s.m.SmsHistoryMapper.findAll - <==      Total: 10
2026-05-26 16:29:24.381 [http-nio-8080-exec-6] DEBUG c.e.s.mapper.SmsHistoryMapper.count - ==>  Preparing: SELECT COUNT(*) FROM sms_history WHERE sent_at >= ?::date AND sent_at < (?::date + INTERVAL '1 day')
2026-05-26 16:29:24.381 [http-nio-8080-exec-6] DEBUG c.e.s.mapper.SmsHistoryMapper.count - ==> Parameters: 2026-05-01(String), 2026-05-26(String)
2026-05-26 16:29:24.381 [http-nio-8080-exec-6] INFO  jdbc.sqlonly - SELECT COUNT(*)
        FROM sms_history

         WHERE  sent_at >= '2026-05-01'::date

                AND sent_at < ('2026-05-26'::date + INTERVAL '1 day')

2026-05-26 16:29:24.402 [http-nio-8080-exec-6] DEBUG c.e.s.mapper.SmsHistoryMapper.count - <==      Total: 1
2026-05-26 16:29:24.627 [http-nio-8080-exec-5] DEBUG c.e.s.c.SmsHistoryApiController - SMS API 목록 요청 request=SmsSearchRequestDTO(startDate=2026-05-01, endDate=2026-05-26, receiverNo=, sendType=)
2026-05-26 16:29:24.627 [http-nio-8080-exec-5] DEBUG c.e.s.service.SmsHistoryServiceImpl - SMS 목록 조회 request=SmsSearchRequestDTO(startDate=2026-05-01, endDate=2026-05-26, receiverNo=, sendType=)
2026-05-26 16:29:24.628 [http-nio-8080-exec-5] DEBUG c.e.s.m.SmsHistoryMapper.findAll - ==>  Preparing: SELECT id, campaign_name, send_type, sender_no, receiver_no, LEFT(message, 50) AS message, send_status, resend_yn, result_code, result_message, sent_at, created_at, updated_at FROM sms_history WHERE sent_at >= ?::date AND sent_at < (?::date + INTERVAL '1 day') ORDER BY id DESC LIMIT ? OFFSET ?
2026-05-26 16:29:24.628 [http-nio-8080-exec-5] DEBUG c.e.s.m.SmsHistoryMapper.findAll - ==> Parameters: 2026-05-01(String), 2026-05-26(String), 10(Integer), 19970(Integer)
2026-05-26 16:29:24.628 [http-nio-8080-exec-5] INFO  jdbc.sqlonly - SELECT
            id,
            campaign_name,
            send_type,
            sender_no,
            receiver_no,
            LEFT(message, 50) AS message,
            send_status,
            resend_yn,
            result_code,
            result_message,
            sent_at,
            created_at,
            updated_at
        FROM sms_history

         WHERE  sent_at >= '2026-05-01'::date

                AND sent_at < ('2026-05-26'::date + INTERVAL '1 day') 

        ORDER BY id DESC
        LIMIT 10 OFFSET 19970

2026-05-26 16:29:24.651 [http-nio-8080-exec-5] DEBUG c.e.s.m.SmsHistoryMapper.findAll - <==      Total: 10
2026-05-26 16:29:24.652 [http-nio-8080-exec-5] DEBUG c.e.s.mapper.SmsHistoryMapper.count - ==>  Preparing: SELECT COUNT(*) FROM sms_history WHERE sent_at >= ?::date AND sent_at < (?::date + INTERVAL '1 day')
2026-05-26 16:29:24.652 [http-nio-8080-exec-5] DEBUG c.e.s.mapper.SmsHistoryMapper.count - ==> Parameters: 2026-05-01(String), 2026-05-26(String)
2026-05-26 16:29:24.652 [http-nio-8080-exec-5] INFO  jdbc.sqlonly - SELECT COUNT(*)
        FROM sms_history

         WHERE  sent_at >= '2026-05-01'::date

                AND sent_at < ('2026-05-26'::date + INTERVAL '1 day')

2026-05-26 16:29:24.666 [http-nio-8080-exec-5] DEBUG c.e.s.mapper.SmsHistoryMapper.count - <==      Total: 1
2026-05-26 16:29:24.861 [http-nio-8080-exec-10] DEBUG c.e.s.c.SmsHistoryApiController - SMS API 목록 요청 request=SmsSearchRequestDTO(startDate=2026-05-01, endDate=2026-05-26, receiverNo=, sendType=)
2026-05-26 16:29:24.861 [http-nio-8080-exec-10] DEBUG c.e.s.service.SmsHistoryServiceImpl - SMS 목록 조회 request=SmsSearchRequestDTO(startDate=2026-05-01, endDate=2026-05-26, receiverNo=, sendType=)
2026-05-26 16:29:24.862 [http-nio-8080-exec-10] DEBUG c.e.s.m.SmsHistoryMapper.findAll - ==>  Preparing: SELECT id, campaign_name, send_type, sender_no, receiver_no, LEFT(message, 50) AS message, send_status, resend_yn, result_code, result_message, sent_at, created_at, updated_at FROM sms_history WHERE sent_at >= ?::date AND sent_at < (?::date + INTERVAL '1 day') ORDER BY id DESC LIMIT ? OFFSET ?
2026-05-26 16:29:24.862 [http-nio-8080-exec-10] DEBUG c.e.s.m.SmsHistoryMapper.findAll - ==> Parameters: 2026-05-01(String), 2026-05-26(String), 10(Integer), 19960(Integer)
2026-05-26 16:29:24.863 [http-nio-8080-exec-10] INFO  jdbc.sqlonly - SELECT
            id,
            campaign_name,
            send_type,
            sender_no,
            receiver_no,
            LEFT(message, 50) AS message,
            send_status,
            resend_yn,
            result_code,
            result_message,
            sent_at,
            created_at,
            updated_at
        FROM sms_history

         WHERE  sent_at >= '2026-05-01'::date

                AND sent_at < ('2026-05-26'::date + INTERVAL '1 day') 

        ORDER BY id DESC
        LIMIT 10 OFFSET 19960

2026-05-26 16:29:24.884 [http-nio-8080-exec-10] DEBUG c.e.s.m.SmsHistoryMapper.findAll - <==      Total: 10
2026-05-26 16:29:24.884 [http-nio-8080-exec-10] DEBUG c.e.s.mapper.SmsHistoryMapper.count - ==>  Preparing: SELECT COUNT(*) FROM sms_history WHERE sent_at >= ?::date AND sent_at < (?::date + INTERVAL '1 day')
2026-05-26 16:29:24.884 [http-nio-8080-exec-10] DEBUG c.e.s.mapper.SmsHistoryMapper.count - ==> Parameters: 2026-05-01(String), 2026-05-26(String)
2026-05-26 16:29:24.884 [http-nio-8080-exec-10] INFO  jdbc.sqlonly - SELECT COUNT(*)
        FROM sms_history

         WHERE  sent_at >= '2026-05-01'::date

                AND sent_at < ('2026-05-26'::date + INTERVAL '1 day')

2026-05-26 16:29:24.900 [http-nio-8080-exec-10] DEBUG c.e.s.mapper.SmsHistoryMapper.count - <==      Total: 1
2026-05-26 16:29:25.113 [http-nio-8080-exec-4] DEBUG c.e.s.c.SmsHistoryApiController - SMS API 목록 요청 request=SmsSearchRequestDTO(startDate=2026-05-01, endDate=2026-05-26, receiverNo=, sendType=)
2026-05-26 16:29:25.113 [http-nio-8080-exec-4] DEBUG c.e.s.service.SmsHistoryServiceImpl - SMS 목록 조회 request=SmsSearchRequestDTO(startDate=2026-05-01, endDate=2026-05-26, receiverNo=, sendType=)
2026-05-26 16:29:25.114 [http-nio-8080-exec-4] DEBUG c.e.s.m.SmsHistoryMapper.findAll - ==>  Preparing: SELECT id, campaign_name, send_type, sender_no, receiver_no, LEFT(message, 50) AS message, send_status, resend_yn, result_code, result_message, sent_at, created_at, updated_at FROM sms_history WHERE sent_at >= ?::date AND sent_at < (?::date + INTERVAL '1 day') ORDER BY id DESC LIMIT ? OFFSET ?
2026-05-26 16:29:25.114 [http-nio-8080-exec-4] DEBUG c.e.s.m.SmsHistoryMapper.findAll - ==> Parameters: 2026-05-01(String), 2026-05-26(String), 10(Integer), 19950(Integer)
2026-05-26 16:29:25.114 [http-nio-8080-exec-4] INFO  jdbc.sqlonly - SELECT
            id,
            campaign_name,
            send_type,
            sender_no,
            receiver_no,
            LEFT(message, 50) AS message,
            send_status,
            resend_yn,
            result_code,
            result_message,
            sent_at,
            created_at,
            updated_at
        FROM sms_history

         WHERE  sent_at >= '2026-05-01'::date

                AND sent_at < ('2026-05-26'::date + INTERVAL '1 day') 

        ORDER BY id DESC
        LIMIT 10 OFFSET 19950

2026-05-26 16:29:25.136 [http-nio-8080-exec-4] DEBUG c.e.s.m.SmsHistoryMapper.findAll - <==      Total: 10
2026-05-26 16:29:25.136 [http-nio-8080-exec-4] DEBUG c.e.s.mapper.SmsHistoryMapper.count - ==>  Preparing: SELECT COUNT(*) FROM sms_history WHERE sent_at >= ?::date AND sent_at < (?::date + INTERVAL '1 day')
2026-05-26 16:29:25.137 [http-nio-8080-exec-4] DEBUG c.e.s.mapper.SmsHistoryMapper.count - ==> Parameters: 2026-05-01(String), 2026-05-26(String)
2026-05-26 16:29:25.137 [http-nio-8080-exec-4] INFO  jdbc.sqlonly - SELECT COUNT(*)
        FROM sms_history

         WHERE  sent_at >= '2026-05-01'::date

                AND sent_at < ('2026-05-26'::date + INTERVAL '1 day')

2026-05-26 16:29:25.151 [http-nio-8080-exec-4] DEBUG c.e.s.mapper.SmsHistoryMapper.count - <==      Total: 1
2026-05-26 16:29:25.369 [http-nio-8080-exec-7] DEBUG c.e.s.c.SmsHistoryApiController - SMS API 목록 요청 request=SmsSearchRequestDTO(startDate=2026-05-01, endDate=2026-05-26, receiverNo=, sendType=)
2026-05-26 16:29:25.369 [http-nio-8080-exec-7] DEBUG c.e.s.service.SmsHistoryServiceImpl - SMS 목록 조회 request=SmsSearchRequestDTO(startDate=2026-05-01, endDate=2026-05-26, receiverNo=, sendType=)
2026-05-26 16:29:25.370 [http-nio-8080-exec-7] DEBUG c.e.s.m.SmsHistoryMapper.findAll - ==>  Preparing: SELECT id, campaign_name, send_type, sender_no, receiver_no, LEFT(message, 50) AS message, send_status, resend_yn, result_code, result_message, sent_at, created_at, updated_at FROM sms_history WHERE sent_at >= ?::date AND sent_at < (?::date + INTERVAL '1 day') ORDER BY id DESC LIMIT ? OFFSET ?
2026-05-26 16:29:25.370 [http-nio-8080-exec-7] DEBUG c.e.s.m.SmsHistoryMapper.findAll - ==> Parameters: 2026-05-01(String), 2026-05-26(String), 10(Integer), 19940(Integer)
2026-05-26 16:29:25.370 [http-nio-8080-exec-7] INFO  jdbc.sqlonly - SELECT
            id,
            campaign_name,
            send_type,
            sender_no,
            receiver_no,
            LEFT(message, 50) AS message,
            send_status,
            resend_yn,
            result_code,
            result_message,
            sent_at,
            created_at,
            updated_at
        FROM sms_history

         WHERE  sent_at >= '2026-05-01'::date

                AND sent_at < ('2026-05-26'::date + INTERVAL '1 day') 

        ORDER BY id DESC
        LIMIT 10 OFFSET 19940

2026-05-26 16:29:25.393 [http-nio-8080-exec-7] DEBUG c.e.s.m.SmsHistoryMapper.findAll - <==      Total: 10
2026-05-26 16:29:25.393 [http-nio-8080-exec-7] DEBUG c.e.s.mapper.SmsHistoryMapper.count - ==>  Preparing: SELECT COUNT(*) FROM sms_history WHERE sent_at >= ?::date AND sent_at < (?::date + INTERVAL '1 day')
2026-05-26 16:29:25.393 [http-nio-8080-exec-7] DEBUG c.e.s.mapper.SmsHistoryMapper.count - ==> Parameters: 2026-05-01(String), 2026-05-26(String)
2026-05-26 16:29:25.393 [http-nio-8080-exec-7] INFO  jdbc.sqlonly - SELECT COUNT(*)
        FROM sms_history

         WHERE  sent_at >= '2026-05-01'::date

                AND sent_at < ('2026-05-26'::date + INTERVAL '1 day')

2026-05-26 16:29:25.411 [http-nio-8080-exec-7] DEBUG c.e.s.mapper.SmsHistoryMapper.count - <==      Total: 1
2026-05-26 16:29:25.571 [http-nio-8080-exec-9] DEBUG c.e.s.c.SmsHistoryApiController - SMS API 목록 요청 request=SmsSearchRequestDTO(startDate=2026-05-01, endDate=2026-05-26, receiverNo=, sendType=)
2026-05-26 16:29:25.571 [http-nio-8080-exec-9] DEBUG c.e.s.service.SmsHistoryServiceImpl - SMS 목록 조회 request=SmsSearchRequestDTO(startDate=2026-05-01, endDate=2026-05-26, receiverNo=, sendType=)
2026-05-26 16:29:25.572 [http-nio-8080-exec-9] DEBUG c.e.s.m.SmsHistoryMapper.findAll - ==>  Preparing: SELECT id, campaign_name, send_type, sender_no, receiver_no, LEFT(message, 50) AS message, send_status, resend_yn, result_code, result_message, sent_at, created_at, updated_at FROM sms_history WHERE sent_at >= ?::date AND sent_at < (?::date + INTERVAL '1 day') ORDER BY id DESC LIMIT ? OFFSET ?
2026-05-26 16:29:25.573 [http-nio-8080-exec-9] DEBUG c.e.s.m.SmsHistoryMapper.findAll - ==> Parameters: 2026-05-01(String), 2026-05-26(String), 10(Integer), 19920(Integer)
2026-05-26 16:29:25.573 [http-nio-8080-exec-9] INFO  jdbc.sqlonly - SELECT
            id,
            campaign_name,
            send_type,
            sender_no,
            receiver_no,
            LEFT(message, 50) AS message,
            send_status,
            resend_yn,
            result_code,
            result_message,
            sent_at,
            created_at,
            updated_at
        FROM sms_history

         WHERE  sent_at >= '2026-05-01'::date

                AND sent_at < ('2026-05-26'::date + INTERVAL '1 day') 

        ORDER BY id DESC
        LIMIT 10 OFFSET 19920

2026-05-26 16:29:25.595 [http-nio-8080-exec-9] DEBUG c.e.s.m.SmsHistoryMapper.findAll - <==      Total: 10
2026-05-26 16:29:25.595 [http-nio-8080-exec-9] DEBUG c.e.s.mapper.SmsHistoryMapper.count - ==>  Preparing: SELECT COUNT(*) FROM sms_history WHERE sent_at >= ?::date AND sent_at < (?::date + INTERVAL '1 day')
2026-05-26 16:29:25.595 [http-nio-8080-exec-9] DEBUG c.e.s.mapper.SmsHistoryMapper.count - ==> Parameters: 2026-05-01(String), 2026-05-26(String)
2026-05-26 16:29:25.595 [http-nio-8080-exec-9] INFO  jdbc.sqlonly - SELECT COUNT(*)
        FROM sms_history

         WHERE  sent_at >= '2026-05-01'::date

                AND sent_at < ('2026-05-26'::date + INTERVAL '1 day')

2026-05-26 16:29:25.609 [http-nio-8080-exec-9] DEBUG c.e.s.mapper.SmsHistoryMapper.count - <==      Total: 1
2026-05-26 16:29:25.773 [http-nio-8080-exec-2] DEBUG c.e.s.c.SmsHistoryApiController - SMS API 목록 요청 request=SmsSearchRequestDTO(startDate=2026-05-01, endDate=2026-05-26, receiverNo=, sendType=)
2026-05-26 16:29:25.774 [http-nio-8080-exec-2] DEBUG c.e.s.service.SmsHistoryServiceImpl - SMS 목록 조회 request=SmsSearchRequestDTO(startDate=2026-05-01, endDate=2026-05-26, receiverNo=, sendType=)
2026-05-26 16:29:25.775 [http-nio-8080-exec-2] DEBUG c.e.s.m.SmsHistoryMapper.findAll - ==>  Preparing: SELECT id, campaign_name, send_type, sender_no, receiver_no, LEFT(message, 50) AS message, send_status, resend_yn, result_code, result_message, sent_at, created_at, updated_at FROM sms_history WHERE sent_at >= ?::date AND sent_at < (?::date + INTERVAL '1 day') ORDER BY id DESC LIMIT ? OFFSET ?
2026-05-26 16:29:25.775 [http-nio-8080-exec-2] DEBUG c.e.s.m.SmsHistoryMapper.findAll - ==> Parameters: 2026-05-01(String), 2026-05-26(String), 10(Integer), 19910(Integer)
2026-05-26 16:29:25.775 [http-nio-8080-exec-2] INFO  jdbc.sqlonly - SELECT
            id,
            campaign_name,
            send_type,
            sender_no,
            receiver_no,
            LEFT(message, 50) AS message,
            send_status,
            resend_yn,
            result_code,
            result_message,
            sent_at,
            created_at,
            updated_at
        FROM sms_history

         WHERE  sent_at >= '2026-05-01'::date

                AND sent_at < ('2026-05-26'::date + INTERVAL '1 day') 

        ORDER BY id DESC
        LIMIT 10 OFFSET 19910

2026-05-26 16:29:25.796 [http-nio-8080-exec-2] DEBUG c.e.s.m.SmsHistoryMapper.findAll - <==      Total: 10
2026-05-26 16:29:25.796 [http-nio-8080-exec-2] DEBUG c.e.s.mapper.SmsHistoryMapper.count - ==>  Preparing: SELECT COUNT(*) FROM sms_history WHERE sent_at >= ?::date AND sent_at < (?::date + INTERVAL '1 day')
2026-05-26 16:29:25.796 [http-nio-8080-exec-2] DEBUG c.e.s.mapper.SmsHistoryMapper.count - ==> Parameters: 2026-05-01(String), 2026-05-26(String)
2026-05-26 16:29:25.796 [http-nio-8080-exec-2] INFO  jdbc.sqlonly - SELECT COUNT(*)
        FROM sms_history

         WHERE  sent_at >= '2026-05-01'::date

                AND sent_at < ('2026-05-26'::date + INTERVAL '1 day')

2026-05-26 16:29:25.810 [http-nio-8080-exec-2] DEBUG c.e.s.mapper.SmsHistoryMapper.count - <==      Total: 1
2026-05-26 16:29:32.915 [http-nio-8080-exec-3] DEBUG c.e.s.c.SmsHistoryApiController - SMS API 목록 요청 request=SmsSearchRequestDTO(startDate=2026-05-01, endDate=2026-05-26, receiverNo=, sendType=)
2026-05-26 16:29:32.915 [http-nio-8080-exec-3] DEBUG c.e.s.service.SmsHistoryServiceImpl - SMS 목록 조회 request=SmsSearchRequestDTO(startDate=2026-05-01, endDate=2026-05-26, receiverNo=, sendType=)
2026-05-26 16:29:32.916 [http-nio-8080-exec-3] DEBUG c.e.s.m.SmsHistoryMapper.findAll - ==>  Preparing: SELECT id, campaign_name, send_type, sender_no, receiver_no, LEFT(message, 50) AS message, send_status, resend_yn, result_code, result_message, sent_at, created_at, updated_at FROM sms_history WHERE sent_at >= ?::date AND sent_at < (?::date + INTERVAL '1 day') ORDER BY id DESC LIMIT ? OFFSET ?
2026-05-26 16:29:32.916 [http-nio-8080-exec-3] DEBUG c.e.s.m.SmsHistoryMapper.findAll - ==> Parameters: 2026-05-01(String), 2026-05-26(String), 10(Integer), 0(Integer)
2026-05-26 16:29:32.916 [http-nio-8080-exec-3] INFO  jdbc.sqlonly - SELECT
            id,
            campaign_name,
            send_type,
            sender_no,
            receiver_no,
            LEFT(message, 50) AS message,
            send_status,
            resend_yn,
            result_code,
            result_message,
            sent_at,
            created_at,
            updated_at
        FROM sms_history

         WHERE  sent_at >= '2026-05-01'::date

                AND sent_at < ('2026-05-26'::date + INTERVAL '1 day') 

        ORDER BY id DESC
        LIMIT 10 OFFSET 0

2026-05-26 16:29:32.931 [http-nio-8080-exec-3] DEBUG c.e.s.m.SmsHistoryMapper.findAll - <==      Total: 10
2026-05-26 16:29:32.931 [http-nio-8080-exec-3] DEBUG c.e.s.mapper.SmsHistoryMapper.count - ==>  Preparing: SELECT COUNT(*) FROM sms_history WHERE sent_at >= ?::date AND sent_at < (?::date + INTERVAL '1 day')
2026-05-26 16:29:32.931 [http-nio-8080-exec-3] DEBUG c.e.s.mapper.SmsHistoryMapper.count - ==> Parameters: 2026-05-01(String), 2026-05-26(String)
2026-05-26 16:29:32.931 [http-nio-8080-exec-3] INFO  jdbc.sqlonly - SELECT COUNT(*)
        FROM sms_history

         WHERE  sent_at >= '2026-05-01'::date

                AND sent_at < ('2026-05-26'::date + INTERVAL '1 day')

2026-05-26 16:29:32.933 [http-nio-8080-exec-3] DEBUG c.e.s.mapper.SmsHistoryMapper.count - <==      Total: 1
2026-05-26 16:29:35.390 [http-nio-8080-exec-8] DEBUG c.e.s.c.SmsHistoryApiController - SMS API 목록 요청 request=SmsSearchRequestDTO(startDate=2026-05-01, endDate=2026-05-26, receiverNo=, sendType=)
2026-05-26 16:29:35.390 [http-nio-8080-exec-8] DEBUG c.e.s.service.SmsHistoryServiceImpl - SMS 목록 조회 request=SmsSearchRequestDTO(startDate=2026-05-01, endDate=2026-05-26, receiverNo=, sendType=)
2026-05-26 16:29:35.391 [http-nio-8080-exec-8] DEBUG c.e.s.m.SmsHistoryMapper.findAll - ==>  Preparing: SELECT id, campaign_name, send_type, sender_no, receiver_no, LEFT(message, 50) AS message, send_status, resend_yn, result_code, result_message, sent_at, created_at, updated_at FROM sms_history WHERE sent_at >= ?::date AND sent_at < (?::date + INTERVAL '1 day') ORDER BY id DESC LIMIT ? OFFSET ?
2026-05-26 16:29:35.391 [http-nio-8080-exec-8] DEBUG c.e.s.m.SmsHistoryMapper.findAll - ==> Parameters: 2026-05-01(String), 2026-05-26(String), 10(Integer), 0(Integer)
2026-05-26 16:29:35.391 [http-nio-8080-exec-8] INFO  jdbc.sqlonly - SELECT
            id,
            campaign_name,
            send_type,
            sender_no,
            receiver_no,
            LEFT(message, 50) AS message,
            send_status,
            resend_yn,
            result_code,
            result_message,
            sent_at,
            created_at,
            updated_at
        FROM sms_history

         WHERE  sent_at >= '2026-05-01'::date

                AND sent_at < ('2026-05-26'::date + INTERVAL '1 day') 

        ORDER BY id DESC
        LIMIT 10 OFFSET 0

2026-05-26 16:29:35.402 [http-nio-8080-exec-8] DEBUG c.e.s.m.SmsHistoryMapper.findAll - <==      Total: 10
2026-05-26 16:29:35.402 [http-nio-8080-exec-8] DEBUG c.e.s.mapper.SmsHistoryMapper.count - ==>  Preparing: SELECT COUNT(*) FROM sms_history WHERE sent_at >= ?::date AND sent_at < (?::date + INTERVAL '1 day')
2026-05-26 16:29:35.402 [http-nio-8080-exec-8] DEBUG c.e.s.mapper.SmsHistoryMapper.count - ==> Parameters: 2026-05-01(String), 2026-05-26(String)
2026-05-26 16:29:35.402 [http-nio-8080-exec-8] INFO  jdbc.sqlonly - SELECT COUNT(*)
        FROM sms_history

         WHERE  sent_at >= '2026-05-01'::date

                AND sent_at < ('2026-05-26'::date + INTERVAL '1 day')

2026-05-26 16:29:35.404 [http-nio-8080-exec-8] DEBUG c.e.s.mapper.SmsHistoryMapper.count - <==      Total: 1
2026-05-26 16:29:36.516 [http-nio-8080-exec-1] DEBUG c.e.s.c.SmsHistoryApiController - SMS API 목록 요청 request=SmsSearchRequestDTO(startDate=2026-05-01, endDate=2026-05-26, receiverNo=, sendType=)
2026-05-26 16:29:36.516 [http-nio-8080-exec-1] DEBUG c.e.s.service.SmsHistoryServiceImpl - SMS 목록 조회 request=SmsSearchRequestDTO(startDate=2026-05-01, endDate=2026-05-26, receiverNo=, sendType=)
2026-05-26 16:29:36.517 [http-nio-8080-exec-1] DEBUG c.e.s.m.SmsHistoryMapper.findAll - ==>  Preparing: SELECT id, campaign_name, send_type, sender_no, receiver_no, LEFT(message, 50) AS message, send_status, resend_yn, result_code, result_message, sent_at, created_at, updated_at FROM sms_history WHERE sent_at >= ?::date AND sent_at < (?::date + INTERVAL '1 day') ORDER BY id DESC LIMIT ? OFFSET ?
2026-05-26 16:29:36.517 [http-nio-8080-exec-1] DEBUG c.e.s.m.SmsHistoryMapper.findAll - ==> Parameters: 2026-05-01(String), 2026-05-26(String), 10(Integer), 0(Integer)
2026-05-26 16:29:36.517 [http-nio-8080-exec-1] INFO  jdbc.sqlonly - SELECT
            id,
            campaign_name,
            send_type,
            sender_no,
            receiver_no,
            LEFT(message, 50) AS message,
            send_status,
            resend_yn,
            result_code,
            result_message,
            sent_at,
            created_at,
            updated_at
        FROM sms_history

         WHERE  sent_at >= '2026-05-01'::date

                AND sent_at < ('2026-05-26'::date + INTERVAL '1 day') 

        ORDER BY id DESC
        LIMIT 10 OFFSET 0

2026-05-26 16:29:36.528 [http-nio-8080-exec-1] DEBUG c.e.s.m.SmsHistoryMapper.findAll - <==      Total: 10
2026-05-26 16:29:36.528 [http-nio-8080-exec-1] DEBUG c.e.s.mapper.SmsHistoryMapper.count - ==>  Preparing: SELECT COUNT(*) FROM sms_history WHERE sent_at >= ?::date AND sent_at < (?::date + INTERVAL '1 day')
2026-05-26 16:29:36.528 [http-nio-8080-exec-1] DEBUG c.e.s.mapper.SmsHistoryMapper.count - ==> Parameters: 2026-05-01(String), 2026-05-26(String)
2026-05-26 16:29:36.528 [http-nio-8080-exec-1] INFO  jdbc.sqlonly - SELECT COUNT(*)
        FROM sms_history

         WHERE  sent_at >= '2026-05-01'::date

                AND sent_at < ('2026-05-26'::date + INTERVAL '1 day')

2026-05-26 16:29:36.530 [http-nio-8080-exec-1] DEBUG c.e.s.mapper.SmsHistoryMapper.count - <==      Total: 1
2026-05-26 16:29:38.202 [http-nio-8080-exec-6] DEBUG c.e.s.c.SmsHistoryApiController - SMS API 목록 요청 request=SmsSearchRequestDTO(startDate=2026-05-01, endDate=2026-05-26, receiverNo=, sendType=)
2026-05-26 16:29:38.203 [http-nio-8080-exec-6] DEBUG c.e.s.service.SmsHistoryServiceImpl - SMS 목록 조회 request=SmsSearchRequestDTO(startDate=2026-05-01, endDate=2026-05-26, receiverNo=, sendType=)
2026-05-26 16:29:38.204 [http-nio-8080-exec-6] DEBUG c.e.s.m.SmsHistoryMapper.findAll - ==>  Preparing: SELECT id, campaign_name, send_type, sender_no, receiver_no, LEFT(message, 50) AS message, send_status, resend_yn, result_code, result_message, sent_at, created_at, updated_at FROM sms_history WHERE sent_at >= ?::date AND sent_at < (?::date + INTERVAL '1 day') ORDER BY id DESC LIMIT ? OFFSET ?
2026-05-26 16:29:38.204 [http-nio-8080-exec-6] DEBUG c.e.s.m.SmsHistoryMapper.findAll - ==> Parameters: 2026-05-01(String), 2026-05-26(String), 10(Integer), 0(Integer)
2026-05-26 16:29:38.204 [http-nio-8080-exec-6] INFO  jdbc.sqlonly - SELECT
            id,
            campaign_name,
            send_type,
            sender_no,
            receiver_no,
            LEFT(message, 50) AS message,
            send_status,
            resend_yn,
            result_code,
            result_message,
            sent_at,
            created_at,
            updated_at
        FROM sms_history

         WHERE  sent_at >= '2026-05-01'::date

                AND sent_at < ('2026-05-26'::date + INTERVAL '1 day') 

        ORDER BY id DESC
        LIMIT 10 OFFSET 0

2026-05-26 16:29:38.214 [http-nio-8080-exec-6] DEBUG c.e.s.m.SmsHistoryMapper.findAll - <==      Total: 10
2026-05-26 16:29:38.215 [http-nio-8080-exec-6] DEBUG c.e.s.mapper.SmsHistoryMapper.count - ==>  Preparing: SELECT COUNT(*) FROM sms_history WHERE sent_at >= ?::date AND sent_at < (?::date + INTERVAL '1 day')
2026-05-26 16:29:38.215 [http-nio-8080-exec-6] DEBUG c.e.s.mapper.SmsHistoryMapper.count - ==> Parameters: 2026-05-01(String), 2026-05-26(String)
2026-05-26 16:29:38.215 [http-nio-8080-exec-6] INFO  jdbc.sqlonly - SELECT COUNT(*)
        FROM sms_history

         WHERE  sent_at >= '2026-05-01'::date

                AND sent_at < ('2026-05-26'::date + INTERVAL '1 day')

2026-05-26 16:29:38.216 [http-nio-8080-exec-6] DEBUG c.e.s.mapper.SmsHistoryMapper.count - <==      Total: 1
2026-05-26 16:29:39.762 [http-nio-8080-exec-5] DEBUG c.e.s.c.SmsHistoryApiController - SMS API 목록 요청 request=SmsSearchRequestDTO(startDate=2026-05-01, endDate=2026-05-26, receiverNo=, sendType=)
2026-05-26 16:29:39.763 [http-nio-8080-exec-5] DEBUG c.e.s.service.SmsHistoryServiceImpl - SMS 목록 조회 request=SmsSearchRequestDTO(startDate=2026-05-01, endDate=2026-05-26, receiverNo=, sendType=)
2026-05-26 16:29:39.763 [http-nio-8080-exec-5] DEBUG c.e.s.m.SmsHistoryMapper.findAll - ==>  Preparing: SELECT id, campaign_name, send_type, sender_no, receiver_no, LEFT(message, 50) AS message, send_status, resend_yn, result_code, result_message, sent_at, created_at, updated_at FROM sms_history WHERE sent_at >= ?::date AND sent_at < (?::date + INTERVAL '1 day') ORDER BY id DESC LIMIT ? OFFSET ?
2026-05-26 16:29:39.764 [http-nio-8080-exec-5] DEBUG c.e.s.m.SmsHistoryMapper.findAll - ==> Parameters: 2026-05-01(String), 2026-05-26(String), 10(Integer), 20050(Integer)
2026-05-26 16:29:39.764 [http-nio-8080-exec-5] INFO  jdbc.sqlonly - SELECT
            id,
            campaign_name,
            send_type,
            sender_no,
            receiver_no,
            LEFT(message, 50) AS message,
            send_status,
            resend_yn,
            result_code,
            result_message,
            sent_at,
            created_at,
            updated_at
        FROM sms_history

         WHERE  sent_at >= '2026-05-01'::date

                AND sent_at < ('2026-05-26'::date + INTERVAL '1 day') 

        ORDER BY id DESC
        LIMIT 10 OFFSET 20050

2026-05-26 16:29:39.788 [http-nio-8080-exec-5] DEBUG c.e.s.m.SmsHistoryMapper.findAll - <==      Total: 8
2026-05-26 16:29:39.789 [http-nio-8080-exec-5] DEBUG c.e.s.mapper.SmsHistoryMapper.count - ==>  Preparing: SELECT COUNT(*) FROM sms_history WHERE sent_at >= ?::date AND sent_at < (?::date + INTERVAL '1 day')
2026-05-26 16:29:39.789 [http-nio-8080-exec-5] DEBUG c.e.s.mapper.SmsHistoryMapper.count - ==> Parameters: 2026-05-01(String), 2026-05-26(String)
2026-05-26 16:29:39.789 [http-nio-8080-exec-5] INFO  jdbc.sqlonly - SELECT COUNT(*)
        FROM sms_history

         WHERE  sent_at >= '2026-05-01'::date

                AND sent_at < ('2026-05-26'::date + INTERVAL '1 day')

2026-05-26 16:29:39.802 [http-nio-8080-exec-5] DEBUG c.e.s.mapper.SmsHistoryMapper.count - <==      Total: 1
2026-05-26 16:29:41.061 [http-nio-8080-exec-10] DEBUG c.e.s.c.SmsHistoryApiController - SMS API 목록 요청 request=SmsSearchRequestDTO(startDate=2026-05-01, endDate=2026-05-26, receiverNo=, sendType=)
2026-05-26 16:29:41.061 [http-nio-8080-exec-10] DEBUG c.e.s.service.SmsHistoryServiceImpl - SMS 목록 조회 request=SmsSearchRequestDTO(startDate=2026-05-01, endDate=2026-05-26, receiverNo=, sendType=)
2026-05-26 16:29:41.061 [http-nio-8080-exec-10] DEBUG c.e.s.m.SmsHistoryMapper.findAll - ==>  Preparing: SELECT id, campaign_name, send_type, sender_no, receiver_no, LEFT(message, 50) AS message, send_status, resend_yn, result_code, result_message, sent_at, created_at, updated_at FROM sms_history WHERE sent_at >= ?::date AND sent_at < (?::date + INTERVAL '1 day') ORDER BY id DESC LIMIT ? OFFSET ?
2026-05-26 16:29:41.061 [http-nio-8080-exec-10] DEBUG c.e.s.m.SmsHistoryMapper.findAll - ==> Parameters: 2026-05-01(String), 2026-05-26(String), 10(Integer), 20040(Integer)
2026-05-26 16:29:41.061 [http-nio-8080-exec-10] INFO  jdbc.sqlonly - SELECT
            id,
            campaign_name,
            send_type,
            sender_no,
            receiver_no,
            LEFT(message, 50) AS message,
            send_status,
            resend_yn,
            result_code,
            result_message,
            sent_at,
            created_at,
            updated_at
        FROM sms_history

         WHERE  sent_at >= '2026-05-01'::date

                AND sent_at < ('2026-05-26'::date + INTERVAL '1 day') 

        ORDER BY id DESC
        LIMIT 10 OFFSET 20040

2026-05-26 16:29:41.084 [http-nio-8080-exec-10] DEBUG c.e.s.m.SmsHistoryMapper.findAll - <==      Total: 10
2026-05-26 16:29:41.084 [http-nio-8080-exec-10] DEBUG c.e.s.mapper.SmsHistoryMapper.count - ==>  Preparing: SELECT COUNT(*) FROM sms_history WHERE sent_at >= ?::date AND sent_at < (?::date + INTERVAL '1 day')
2026-05-26 16:29:41.084 [http-nio-8080-exec-10] DEBUG c.e.s.mapper.SmsHistoryMapper.count - ==> Parameters: 2026-05-01(String), 2026-05-26(String)
2026-05-26 16:29:41.084 [http-nio-8080-exec-10] INFO  jdbc.sqlonly - SELECT COUNT(*)
        FROM sms_history

         WHERE  sent_at >= '2026-05-01'::date

                AND sent_at < ('2026-05-26'::date + INTERVAL '1 day')

2026-05-26 16:29:41.098 [http-nio-8080-exec-10] DEBUG c.e.s.mapper.SmsHistoryMapper.count - <==      Total: 1
2026-05-26 16:29:42.342 [http-nio-8080-exec-4] DEBUG c.e.s.c.SmsHistoryApiController - SMS API 목록 요청 request=SmsSearchRequestDTO(startDate=2026-05-01, endDate=2026-05-26, receiverNo=, sendType=)
2026-05-26 16:29:42.343 [http-nio-8080-exec-4] DEBUG c.e.s.service.SmsHistoryServiceImpl - SMS 목록 조회 request=SmsSearchRequestDTO(startDate=2026-05-01, endDate=2026-05-26, receiverNo=, sendType=)
2026-05-26 16:29:42.344 [http-nio-8080-exec-4] DEBUG c.e.s.m.SmsHistoryMapper.findAll - ==>  Preparing: SELECT id, campaign_name, send_type, sender_no, receiver_no, LEFT(message, 50) AS message, send_status, resend_yn, result_code, result_message, sent_at, created_at, updated_at FROM sms_history WHERE sent_at >= ?::date AND sent_at < (?::date + INTERVAL '1 day') ORDER BY id DESC LIMIT ? OFFSET ?
2026-05-26 16:29:42.344 [http-nio-8080-exec-4] DEBUG c.e.s.m.SmsHistoryMapper.findAll - ==> Parameters: 2026-05-01(String), 2026-05-26(String), 10(Integer), 20030(Integer)
2026-05-26 16:29:42.344 [http-nio-8080-exec-4] INFO  jdbc.sqlonly - SELECT
            id,
            campaign_name,
            send_type,
            sender_no,
            receiver_no,
            LEFT(message, 50) AS message,
            send_status,
            resend_yn,
            result_code,
            result_message,
            sent_at,
            created_at,
            updated_at
        FROM sms_history

         WHERE  sent_at >= '2026-05-01'::date

                AND sent_at < ('2026-05-26'::date + INTERVAL '1 day') 

        ORDER BY id DESC
        LIMIT 10 OFFSET 20030

2026-05-26 16:29:42.366 [http-nio-8080-exec-4] DEBUG c.e.s.m.SmsHistoryMapper.findAll - <==      Total: 10
2026-05-26 16:29:42.366 [http-nio-8080-exec-4] DEBUG c.e.s.mapper.SmsHistoryMapper.count - ==>  Preparing: SELECT COUNT(*) FROM sms_history WHERE sent_at >= ?::date AND sent_at < (?::date + INTERVAL '1 day')
2026-05-26 16:29:42.366 [http-nio-8080-exec-4] DEBUG c.e.s.mapper.SmsHistoryMapper.count - ==> Parameters: 2026-05-01(String), 2026-05-26(String)
2026-05-26 16:29:42.366 [http-nio-8080-exec-4] INFO  jdbc.sqlonly - SELECT COUNT(*)
        FROM sms_history

         WHERE  sent_at >= '2026-05-01'::date

                AND sent_at < ('2026-05-26'::date + INTERVAL '1 day')

2026-05-26 16:29:42.381 [http-nio-8080-exec-4] DEBUG c.e.s.mapper.SmsHistoryMapper.count - <==      Total: 1
2026-05-26 16:29:42.876 [http-nio-8080-exec-7] DEBUG c.e.s.c.SmsHistoryApiController - SMS API 목록 요청 request=SmsSearchRequestDTO(startDate=2026-05-01, endDate=2026-05-26, receiverNo=, sendType=)
2026-05-26 16:29:42.877 [http-nio-8080-exec-7] DEBUG c.e.s.service.SmsHistoryServiceImpl - SMS 목록 조회 request=SmsSearchRequestDTO(startDate=2026-05-01, endDate=2026-05-26, receiverNo=, sendType=)
2026-05-26 16:29:42.877 [http-nio-8080-exec-7] DEBUG c.e.s.m.SmsHistoryMapper.findAll - ==>  Preparing: SELECT id, campaign_name, send_type, sender_no, receiver_no, LEFT(message, 50) AS message, send_status, resend_yn, result_code, result_message, sent_at, created_at, updated_at FROM sms_history WHERE sent_at >= ?::date AND sent_at < (?::date + INTERVAL '1 day') ORDER BY id DESC LIMIT ? OFFSET ?
2026-05-26 16:29:42.877 [http-nio-8080-exec-7] DEBUG c.e.s.m.SmsHistoryMapper.findAll - ==> Parameters: 2026-05-01(String), 2026-05-26(String), 10(Integer), 20020(Integer)
2026-05-26 16:29:42.877 [http-nio-8080-exec-7] INFO  jdbc.sqlonly - SELECT
            id,
            campaign_name,
            send_type,
            sender_no,
            receiver_no,
            LEFT(message, 50) AS message,
            send_status,
            resend_yn,
            result_code,
            result_message,
            sent_at,
            created_at,
            updated_at
        FROM sms_history

         WHERE  sent_at >= '2026-05-01'::date

                AND sent_at < ('2026-05-26'::date + INTERVAL '1 day') 

        ORDER BY id DESC
        LIMIT 10 OFFSET 20020

2026-05-26 16:29:42.899 [http-nio-8080-exec-7] DEBUG c.e.s.m.SmsHistoryMapper.findAll - <==      Total: 10
2026-05-26 16:29:42.900 [http-nio-8080-exec-7] DEBUG c.e.s.mapper.SmsHistoryMapper.count - ==>  Preparing: SELECT COUNT(*) FROM sms_history WHERE sent_at >= ?::date AND sent_at < (?::date + INTERVAL '1 day')
2026-05-26 16:29:42.900 [http-nio-8080-exec-7] DEBUG c.e.s.mapper.SmsHistoryMapper.count - ==> Parameters: 2026-05-01(String), 2026-05-26(String)
2026-05-26 16:29:42.900 [http-nio-8080-exec-7] INFO  jdbc.sqlonly - SELECT COUNT(*)
        FROM sms_history

         WHERE  sent_at >= '2026-05-01'::date

                AND sent_at < ('2026-05-26'::date + INTERVAL '1 day')

2026-05-26 16:29:42.913 [http-nio-8080-exec-7] DEBUG c.e.s.mapper.SmsHistoryMapper.count - <==      Total: 1
2026-05-26 16:29:43.169 [http-nio-8080-exec-9] DEBUG c.e.s.c.SmsHistoryApiController - SMS API 목록 요청 request=SmsSearchRequestDTO(startDate=2026-05-01, endDate=2026-05-26, receiverNo=, sendType=)
2026-05-26 16:29:43.169 [http-nio-8080-exec-9] DEBUG c.e.s.service.SmsHistoryServiceImpl - SMS 목록 조회 request=SmsSearchRequestDTO(startDate=2026-05-01, endDate=2026-05-26, receiverNo=, sendType=)
2026-05-26 16:29:43.170 [http-nio-8080-exec-9] DEBUG c.e.s.m.SmsHistoryMapper.findAll - ==>  Preparing: SELECT id, campaign_name, send_type, sender_no, receiver_no, LEFT(message, 50) AS message, send_status, resend_yn, result_code, result_message, sent_at, created_at, updated_at FROM sms_history WHERE sent_at >= ?::date AND sent_at < (?::date + INTERVAL '1 day') ORDER BY id DESC LIMIT ? OFFSET ?
2026-05-26 16:29:43.170 [http-nio-8080-exec-9] DEBUG c.e.s.m.SmsHistoryMapper.findAll - ==> Parameters: 2026-05-01(String), 2026-05-26(String), 10(Integer), 20010(Integer)
2026-05-26 16:29:43.170 [http-nio-8080-exec-9] INFO  jdbc.sqlonly - SELECT
            id,
            campaign_name,
            send_type,
            sender_no,
            receiver_no,
            LEFT(message, 50) AS message,
            send_status,
            resend_yn,
            result_code,
            result_message,
            sent_at,
            created_at,
            updated_at
        FROM sms_history

         WHERE  sent_at >= '2026-05-01'::date

                AND sent_at < ('2026-05-26'::date + INTERVAL '1 day') 

        ORDER BY id DESC
        LIMIT 10 OFFSET 20010

2026-05-26 16:29:43.192 [http-nio-8080-exec-9] DEBUG c.e.s.m.SmsHistoryMapper.findAll - <==      Total: 10
2026-05-26 16:29:43.192 [http-nio-8080-exec-9] DEBUG c.e.s.mapper.SmsHistoryMapper.count - ==>  Preparing: SELECT COUNT(*) FROM sms_history WHERE sent_at >= ?::date AND sent_at < (?::date + INTERVAL '1 day')
2026-05-26 16:29:43.192 [http-nio-8080-exec-9] DEBUG c.e.s.mapper.SmsHistoryMapper.count - ==> Parameters: 2026-05-01(String), 2026-05-26(String)
2026-05-26 16:29:43.192 [http-nio-8080-exec-9] INFO  jdbc.sqlonly - SELECT COUNT(*)
        FROM sms_history

         WHERE  sent_at >= '2026-05-01'::date

                AND sent_at < ('2026-05-26'::date + INTERVAL '1 day')

2026-05-26 16:29:43.207 [http-nio-8080-exec-9] DEBUG c.e.s.mapper.SmsHistoryMapper.count - <==      Total: 1
2026-05-26 16:29:43.558 [http-nio-8080-exec-2] DEBUG c.e.s.c.SmsHistoryApiController - SMS API 목록 요청 request=SmsSearchRequestDTO(startDate=2026-05-01, endDate=2026-05-26, receiverNo=, sendType=)
2026-05-26 16:29:43.558 [http-nio-8080-exec-2] DEBUG c.e.s.service.SmsHistoryServiceImpl - SMS 목록 조회 request=SmsSearchRequestDTO(startDate=2026-05-01, endDate=2026-05-26, receiverNo=, sendType=)
2026-05-26 16:29:43.558 [http-nio-8080-exec-2] DEBUG c.e.s.m.SmsHistoryMapper.findAll - ==>  Preparing: SELECT id, campaign_name, send_type, sender_no, receiver_no, LEFT(message, 50) AS message, send_status, resend_yn, result_code, result_message, sent_at, created_at, updated_at FROM sms_history WHERE sent_at >= ?::date AND sent_at < (?::date + INTERVAL '1 day') ORDER BY id DESC LIMIT ? OFFSET ?
2026-05-26 16:29:43.559 [http-nio-8080-exec-2] DEBUG c.e.s.m.SmsHistoryMapper.findAll - ==> Parameters: 2026-05-01(String), 2026-05-26(String), 10(Integer), 20000(Integer)
2026-05-26 16:29:43.559 [http-nio-8080-exec-2] INFO  jdbc.sqlonly - SELECT
            id,
            campaign_name,
            send_type,
            sender_no,
            receiver_no,
            LEFT(message, 50) AS message,
            send_status,
            resend_yn,
            result_code,
            result_message,
            sent_at,
            created_at,
            updated_at
        FROM sms_history

         WHERE  sent_at >= '2026-05-01'::date

                AND sent_at < ('2026-05-26'::date + INTERVAL '1 day') 

        ORDER BY id DESC
        LIMIT 10 OFFSET 20000

2026-05-26 16:29:43.582 [http-nio-8080-exec-2] DEBUG c.e.s.m.SmsHistoryMapper.findAll - <==      Total: 10
2026-05-26 16:29:43.582 [http-nio-8080-exec-2] DEBUG c.e.s.mapper.SmsHistoryMapper.count - ==>  Preparing: SELECT COUNT(*) FROM sms_history WHERE sent_at >= ?::date AND sent_at < (?::date + INTERVAL '1 day')
2026-05-26 16:29:43.583 [http-nio-8080-exec-2] DEBUG c.e.s.mapper.SmsHistoryMapper.count - ==> Parameters: 2026-05-01(String), 2026-05-26(String)
2026-05-26 16:29:43.583 [http-nio-8080-exec-2] INFO  jdbc.sqlonly - SELECT COUNT(*)
        FROM sms_history

         WHERE  sent_at >= '2026-05-01'::date

                AND sent_at < ('2026-05-26'::date + INTERVAL '1 day')

2026-05-26 16:29:43.595 [http-nio-8080-exec-2] DEBUG c.e.s.mapper.SmsHistoryMapper.count - <==      Total: 1
2026-05-26 16:29:44.315 [http-nio-8080-exec-3] DEBUG c.e.s.c.SmsHistoryApiController - SMS API 목록 요청 request=SmsSearchRequestDTO(startDate=2026-05-01, endDate=2026-05-26, receiverNo=, sendType=)
2026-05-26 16:29:44.316 [http-nio-8080-exec-3] DEBUG c.e.s.service.SmsHistoryServiceImpl - SMS 목록 조회 request=SmsSearchRequestDTO(startDate=2026-05-01, endDate=2026-05-26, receiverNo=, sendType=)
2026-05-26 16:29:44.316 [http-nio-8080-exec-3] DEBUG c.e.s.m.SmsHistoryMapper.findAll - ==>  Preparing: SELECT id, campaign_name, send_type, sender_no, receiver_no, LEFT(message, 50) AS message, send_status, resend_yn, result_code, result_message, sent_at, created_at, updated_at FROM sms_history WHERE sent_at >= ?::date AND sent_at < (?::date + INTERVAL '1 day') ORDER BY id DESC LIMIT ? OFFSET ?
2026-05-26 16:29:44.316 [http-nio-8080-exec-3] DEBUG c.e.s.m.SmsHistoryMapper.findAll - ==> Parameters: 2026-05-01(String), 2026-05-26(String), 10(Integer), 19990(Integer)
2026-05-26 16:29:44.316 [http-nio-8080-exec-3] INFO  jdbc.sqlonly - SELECT
            id,
            campaign_name,
            send_type,
            sender_no,
            receiver_no,
            LEFT(message, 50) AS message,
            send_status,
            resend_yn,
            result_code,
            result_message,
            sent_at,
            created_at,
            updated_at
        FROM sms_history

         WHERE  sent_at >= '2026-05-01'::date

                AND sent_at < ('2026-05-26'::date + INTERVAL '1 day') 

        ORDER BY id DESC
        LIMIT 10 OFFSET 19990

2026-05-26 16:29:44.338 [http-nio-8080-exec-3] DEBUG c.e.s.m.SmsHistoryMapper.findAll - <==      Total: 10
2026-05-26 16:29:44.339 [http-nio-8080-exec-3] DEBUG c.e.s.mapper.SmsHistoryMapper.count - ==>  Preparing: SELECT COUNT(*) FROM sms_history WHERE sent_at >= ?::date AND sent_at < (?::date + INTERVAL '1 day')
2026-05-26 16:29:44.339 [http-nio-8080-exec-3] DEBUG c.e.s.mapper.SmsHistoryMapper.count - ==> Parameters: 2026-05-01(String), 2026-05-26(String)
2026-05-26 16:29:44.339 [http-nio-8080-exec-3] INFO  jdbc.sqlonly - SELECT COUNT(*)
        FROM sms_history

         WHERE  sent_at >= '2026-05-01'::date

                AND sent_at < ('2026-05-26'::date + INTERVAL '1 day')

2026-05-26 16:29:44.356 [http-nio-8080-exec-3] DEBUG c.e.s.mapper.SmsHistoryMapper.count - <==      Total: 1
2026-05-26 16:29:45.074 [http-nio-8080-exec-8] DEBUG c.e.s.c.SmsHistoryApiController - SMS API 목록 요청 request=SmsSearchRequestDTO(startDate=2026-05-01, endDate=2026-05-26, receiverNo=, sendType=)
2026-05-26 16:29:45.075 [http-nio-8080-exec-8] DEBUG c.e.s.service.SmsHistoryServiceImpl - SMS 목록 조회 request=SmsSearchRequestDTO(startDate=2026-05-01, endDate=2026-05-26, receiverNo=, sendType=)
2026-05-26 16:29:45.075 [http-nio-8080-exec-8] DEBUG c.e.s.m.SmsHistoryMapper.findAll - ==>  Preparing: SELECT id, campaign_name, send_type, sender_no, receiver_no, LEFT(message, 50) AS message, send_status, resend_yn, result_code, result_message, sent_at, created_at, updated_at FROM sms_history WHERE sent_at >= ?::date AND sent_at < (?::date + INTERVAL '1 day') ORDER BY id DESC LIMIT ? OFFSET ?
2026-05-26 16:29:45.075 [http-nio-8080-exec-8] DEBUG c.e.s.m.SmsHistoryMapper.findAll - ==> Parameters: 2026-05-01(String), 2026-05-26(String), 10(Integer), 19980(Integer)
2026-05-26 16:29:45.075 [http-nio-8080-exec-8] INFO  jdbc.sqlonly - SELECT
            id,
            campaign_name,
            send_type,
            sender_no,
            receiver_no,
            LEFT(message, 50) AS message,
            send_status,
            resend_yn,
            result_code,
            result_message,
            sent_at,
            created_at,
            updated_at
        FROM sms_history

         WHERE  sent_at >= '2026-05-01'::date

                AND sent_at < ('2026-05-26'::date + INTERVAL '1 day') 

        ORDER BY id DESC
        LIMIT 10 OFFSET 19980

2026-05-26 16:29:45.097 [http-nio-8080-exec-8] DEBUG c.e.s.m.SmsHistoryMapper.findAll - <==      Total: 10
2026-05-26 16:29:45.098 [http-nio-8080-exec-8] DEBUG c.e.s.mapper.SmsHistoryMapper.count - ==>  Preparing: SELECT COUNT(*) FROM sms_history WHERE sent_at >= ?::date AND sent_at < (?::date + INTERVAL '1 day')
2026-05-26 16:29:45.098 [http-nio-8080-exec-8] DEBUG c.e.s.mapper.SmsHistoryMapper.count - ==> Parameters: 2026-05-01(String), 2026-05-26(String)
2026-05-26 16:29:45.098 [http-nio-8080-exec-8] INFO  jdbc.sqlonly - SELECT COUNT(*)
        FROM sms_history

         WHERE  sent_at >= '2026-05-01'::date

                AND sent_at < ('2026-05-26'::date + INTERVAL '1 day')

2026-05-26 16:29:45.109 [http-nio-8080-exec-8] DEBUG c.e.s.mapper.SmsHistoryMapper.count - <==      Total: 1
2026-05-26 16:29:45.307 [http-nio-8080-exec-1] DEBUG c.e.s.c.SmsHistoryApiController - SMS API 목록 요청 request=SmsSearchRequestDTO(startDate=2026-05-01, endDate=2026-05-26, receiverNo=, sendType=)
2026-05-26 16:29:45.307 [http-nio-8080-exec-1] DEBUG c.e.s.service.SmsHistoryServiceImpl - SMS 목록 조회 request=SmsSearchRequestDTO(startDate=2026-05-01, endDate=2026-05-26, receiverNo=, sendType=)
2026-05-26 16:29:45.307 [http-nio-8080-exec-1] DEBUG c.e.s.m.SmsHistoryMapper.findAll - ==>  Preparing: SELECT id, campaign_name, send_type, sender_no, receiver_no, LEFT(message, 50) AS message, send_status, resend_yn, result_code, result_message, sent_at, created_at, updated_at FROM sms_history WHERE sent_at >= ?::date AND sent_at < (?::date + INTERVAL '1 day') ORDER BY id DESC LIMIT ? OFFSET ?
2026-05-26 16:29:45.307 [http-nio-8080-exec-1] DEBUG c.e.s.m.SmsHistoryMapper.findAll - ==> Parameters: 2026-05-01(String), 2026-05-26(String), 10(Integer), 19970(Integer)
2026-05-26 16:29:45.307 [http-nio-8080-exec-1] INFO  jdbc.sqlonly - SELECT
            id,
            campaign_name,
            send_type,
            sender_no,
            receiver_no,
            LEFT(message, 50) AS message,
            send_status,
            resend_yn,
            result_code,
            result_message,
            sent_at,
            created_at,
            updated_at
        FROM sms_history

         WHERE  sent_at >= '2026-05-01'::date

                AND sent_at < ('2026-05-26'::date + INTERVAL '1 day') 

        ORDER BY id DESC
        LIMIT 10 OFFSET 19970

2026-05-26 16:29:45.331 [http-nio-8080-exec-1] DEBUG c.e.s.m.SmsHistoryMapper.findAll - <==      Total: 10
2026-05-26 16:29:45.332 [http-nio-8080-exec-1] DEBUG c.e.s.mapper.SmsHistoryMapper.count - ==>  Preparing: SELECT COUNT(*) FROM sms_history WHERE sent_at >= ?::date AND sent_at < (?::date + INTERVAL '1 day')
2026-05-26 16:29:45.332 [http-nio-8080-exec-1] DEBUG c.e.s.mapper.SmsHistoryMapper.count - ==> Parameters: 2026-05-01(String), 2026-05-26(String)
2026-05-26 16:29:45.332 [http-nio-8080-exec-1] INFO  jdbc.sqlonly - SELECT COUNT(*)
        FROM sms_history

         WHERE  sent_at >= '2026-05-01'::date

                AND sent_at < ('2026-05-26'::date + INTERVAL '1 day')

2026-05-26 16:29:45.346 [http-nio-8080-exec-1] DEBUG c.e.s.mapper.SmsHistoryMapper.count - <==      Total: 1
2026-05-26 16:29:45.515 [http-nio-8080-exec-6] DEBUG c.e.s.c.SmsHistoryApiController - SMS API 목록 요청 request=SmsSearchRequestDTO(startDate=2026-05-01, endDate=2026-05-26, receiverNo=, sendType=)
2026-05-26 16:29:45.516 [http-nio-8080-exec-6] DEBUG c.e.s.service.SmsHistoryServiceImpl - SMS 목록 조회 request=SmsSearchRequestDTO(startDate=2026-05-01, endDate=2026-05-26, receiverNo=, sendType=)
2026-05-26 16:29:45.516 [http-nio-8080-exec-6] DEBUG c.e.s.m.SmsHistoryMapper.findAll - ==>  Preparing: SELECT id, campaign_name, send_type, sender_no, receiver_no, LEFT(message, 50) AS message, send_status, resend_yn, result_code, result_message, sent_at, created_at, updated_at FROM sms_history WHERE sent_at >= ?::date AND sent_at < (?::date + INTERVAL '1 day') ORDER BY id DESC LIMIT ? OFFSET ?
2026-05-26 16:29:45.516 [http-nio-8080-exec-6] DEBUG c.e.s.m.SmsHistoryMapper.findAll - ==> Parameters: 2026-05-01(String), 2026-05-26(String), 10(Integer), 19960(Integer)
2026-05-26 16:29:45.516 [http-nio-8080-exec-6] INFO  jdbc.sqlonly - SELECT
            id,
            campaign_name,
            send_type,
            sender_no,
            receiver_no,
            LEFT(message, 50) AS message,
            send_status,
            resend_yn,
            result_code,
            result_message,
            sent_at,
            created_at,
            updated_at
        FROM sms_history

         WHERE  sent_at >= '2026-05-01'::date

                AND sent_at < ('2026-05-26'::date + INTERVAL '1 day') 

        ORDER BY id DESC
        LIMIT 10 OFFSET 19960

2026-05-26 16:29:45.534 [http-nio-8080-exec-6] DEBUG c.e.s.m.SmsHistoryMapper.findAll - <==      Total: 10
2026-05-26 16:29:45.534 [http-nio-8080-exec-6] DEBUG c.e.s.mapper.SmsHistoryMapper.count - ==>  Preparing: SELECT COUNT(*) FROM sms_history WHERE sent_at >= ?::date AND sent_at < (?::date + INTERVAL '1 day')
2026-05-26 16:29:45.534 [http-nio-8080-exec-6] DEBUG c.e.s.mapper.SmsHistoryMapper.count - ==> Parameters: 2026-05-01(String), 2026-05-26(String)
2026-05-26 16:29:45.534 [http-nio-8080-exec-6] INFO  jdbc.sqlonly - SELECT COUNT(*)
        FROM sms_history

         WHERE  sent_at >= '2026-05-01'::date

                AND sent_at < ('2026-05-26'::date + INTERVAL '1 day')

2026-05-26 16:29:45.548 [http-nio-8080-exec-6] DEBUG c.e.s.mapper.SmsHistoryMapper.count - <==      Total: 1
2026-05-26 16:29:45.884 [http-nio-8080-exec-5] DEBUG c.e.s.c.SmsHistoryApiController - SMS API 목록 요청 request=SmsSearchRequestDTO(startDate=2026-05-01, endDate=2026-05-26, receiverNo=, sendType=)
2026-05-26 16:29:45.884 [http-nio-8080-exec-5] DEBUG c.e.s.service.SmsHistoryServiceImpl - SMS 목록 조회 request=SmsSearchRequestDTO(startDate=2026-05-01, endDate=2026-05-26, receiverNo=, sendType=)
2026-05-26 16:29:45.884 [http-nio-8080-exec-5] DEBUG c.e.s.m.SmsHistoryMapper.findAll - ==>  Preparing: SELECT id, campaign_name, send_type, sender_no, receiver_no, LEFT(message, 50) AS message, send_status, resend_yn, result_code, result_message, sent_at, created_at, updated_at FROM sms_history WHERE sent_at >= ?::date AND sent_at < (?::date + INTERVAL '1 day') ORDER BY id DESC LIMIT ? OFFSET ?
2026-05-26 16:29:45.886 [http-nio-8080-exec-5] DEBUG c.e.s.m.SmsHistoryMapper.findAll - ==> Parameters: 2026-05-01(String), 2026-05-26(String), 10(Integer), 19940(Integer)
2026-05-26 16:29:45.886 [http-nio-8080-exec-5] INFO  jdbc.sqlonly - SELECT
            id,
            campaign_name,
            send_type,
            sender_no,
            receiver_no,
            LEFT(message, 50) AS message,
            send_status,
            resend_yn,
            result_code,
            result_message,
            sent_at,
            created_at,
            updated_at
        FROM sms_history

         WHERE  sent_at >= '2026-05-01'::date

                AND sent_at < ('2026-05-26'::date + INTERVAL '1 day') 

        ORDER BY id DESC
        LIMIT 10 OFFSET 19940

2026-05-26 16:29:45.911 [http-nio-8080-exec-5] DEBUG c.e.s.m.SmsHistoryMapper.findAll - <==      Total: 10
2026-05-26 16:29:45.912 [http-nio-8080-exec-5] DEBUG c.e.s.mapper.SmsHistoryMapper.count - ==>  Preparing: SELECT COUNT(*) FROM sms_history WHERE sent_at >= ?::date AND sent_at < (?::date + INTERVAL '1 day')
2026-05-26 16:29:45.913 [http-nio-8080-exec-5] DEBUG c.e.s.mapper.SmsHistoryMapper.count - ==> Parameters: 2026-05-01(String), 2026-05-26(String)
2026-05-26 16:29:45.913 [http-nio-8080-exec-5] INFO  jdbc.sqlonly - SELECT COUNT(*)
        FROM sms_history

         WHERE  sent_at >= '2026-05-01'::date

                AND sent_at < ('2026-05-26'::date + INTERVAL '1 day')

2026-05-26 16:29:45.930 [http-nio-8080-exec-5] DEBUG c.e.s.mapper.SmsHistoryMapper.count - <==      Total: 1
2026-05-26 16:29:46.259 [http-nio-8080-exec-10] DEBUG c.e.s.c.SmsHistoryApiController - SMS API 목록 요청 request=SmsSearchRequestDTO(startDate=2026-05-01, endDate=2026-05-26, receiverNo=, sendType=)
2026-05-26 16:29:46.259 [http-nio-8080-exec-10] DEBUG c.e.s.service.SmsHistoryServiceImpl - SMS 목록 조회 request=SmsSearchRequestDTO(startDate=2026-05-01, endDate=2026-05-26, receiverNo=, sendType=)
2026-05-26 16:29:46.259 [http-nio-8080-exec-10] DEBUG c.e.s.m.SmsHistoryMapper.findAll - ==>  Preparing: SELECT id, campaign_name, send_type, sender_no, receiver_no, LEFT(message, 50) AS message, send_status, resend_yn, result_code, result_message, sent_at, created_at, updated_at FROM sms_history WHERE sent_at >= ?::date AND sent_at < (?::date + INTERVAL '1 day') ORDER BY id DESC LIMIT ? OFFSET ?
2026-05-26 16:29:46.259 [http-nio-8080-exec-10] DEBUG c.e.s.m.SmsHistoryMapper.findAll - ==> Parameters: 2026-05-01(String), 2026-05-26(String), 10(Integer), 19920(Integer)
2026-05-26 16:29:46.259 [http-nio-8080-exec-10] INFO  jdbc.sqlonly - SELECT
            id,
            campaign_name,
            send_type,
            sender_no,
            receiver_no,
            LEFT(message, 50) AS message,
            send_status,
            resend_yn,
            result_code,
            result_message,
            sent_at,
            created_at,
            updated_at
        FROM sms_history

         WHERE  sent_at >= '2026-05-01'::date

                AND sent_at < ('2026-05-26'::date + INTERVAL '1 day') 

        ORDER BY id DESC
        LIMIT 10 OFFSET 19920

2026-05-26 16:29:46.283 [http-nio-8080-exec-10] DEBUG c.e.s.m.SmsHistoryMapper.findAll - <==      Total: 10
2026-05-26 16:29:46.283 [http-nio-8080-exec-10] DEBUG c.e.s.mapper.SmsHistoryMapper.count - ==>  Preparing: SELECT COUNT(*) FROM sms_history WHERE sent_at >= ?::date AND sent_at < (?::date + INTERVAL '1 day')
2026-05-26 16:29:46.284 [http-nio-8080-exec-10] DEBUG c.e.s.mapper.SmsHistoryMapper.count - ==> Parameters: 2026-05-01(String), 2026-05-26(String)
2026-05-26 16:29:46.284 [http-nio-8080-exec-10] INFO  jdbc.sqlonly - SELECT COUNT(*)
        FROM sms_history

         WHERE  sent_at >= '2026-05-01'::date

                AND sent_at < ('2026-05-26'::date + INTERVAL '1 day')

2026-05-26 16:29:46.298 [http-nio-8080-exec-10] DEBUG c.e.s.mapper.SmsHistoryMapper.count - <==      Total: 1
2026-05-26 16:29:46.461 [http-nio-8080-exec-4] DEBUG c.e.s.c.SmsHistoryApiController - SMS API 목록 요청 request=SmsSearchRequestDTO(startDate=2026-05-01, endDate=2026-05-26, receiverNo=, sendType=)
2026-05-26 16:29:46.461 [http-nio-8080-exec-4] DEBUG c.e.s.service.SmsHistoryServiceImpl - SMS 목록 조회 request=SmsSearchRequestDTO(startDate=2026-05-01, endDate=2026-05-26, receiverNo=, sendType=)
2026-05-26 16:29:46.461 [http-nio-8080-exec-4] DEBUG c.e.s.m.SmsHistoryMapper.findAll - ==>  Preparing: SELECT id, campaign_name, send_type, sender_no, receiver_no, LEFT(message, 50) AS message, send_status, resend_yn, result_code, result_message, sent_at, created_at, updated_at FROM sms_history WHERE sent_at >= ?::date AND sent_at < (?::date + INTERVAL '1 day') ORDER BY id DESC LIMIT ? OFFSET ?
2026-05-26 16:29:46.461 [http-nio-8080-exec-4] DEBUG c.e.s.m.SmsHistoryMapper.findAll - ==> Parameters: 2026-05-01(String), 2026-05-26(String), 10(Integer), 19900(Integer)
2026-05-26 16:29:46.461 [http-nio-8080-exec-4] INFO  jdbc.sqlonly - SELECT
            id,
            campaign_name,
            send_type,
            sender_no,
            receiver_no,
            LEFT(message, 50) AS message,
            send_status,
            resend_yn,
            result_code,
            result_message,
            sent_at,
            created_at,
            updated_at
        FROM sms_history

         WHERE  sent_at >= '2026-05-01'::date

                AND sent_at < ('2026-05-26'::date + INTERVAL '1 day') 

        ORDER BY id DESC
        LIMIT 10 OFFSET 19900

2026-05-26 16:29:46.485 [http-nio-8080-exec-4] DEBUG c.e.s.m.SmsHistoryMapper.findAll - <==      Total: 10
2026-05-26 16:29:46.485 [http-nio-8080-exec-4] DEBUG c.e.s.mapper.SmsHistoryMapper.count - ==>  Preparing: SELECT COUNT(*) FROM sms_history WHERE sent_at >= ?::date AND sent_at < (?::date + INTERVAL '1 day')
2026-05-26 16:29:46.485 [http-nio-8080-exec-4] DEBUG c.e.s.mapper.SmsHistoryMapper.count - ==> Parameters: 2026-05-01(String), 2026-05-26(String)
2026-05-26 16:29:46.485 [http-nio-8080-exec-4] INFO  jdbc.sqlonly - SELECT COUNT(*)
        FROM sms_history

         WHERE  sent_at >= '2026-05-01'::date

                AND sent_at < ('2026-05-26'::date + INTERVAL '1 day')

2026-05-26 16:29:46.498 [http-nio-8080-exec-4] DEBUG c.e.s.mapper.SmsHistoryMapper.count - <==      Total: 1
2026-05-26 16:29:46.933 [http-nio-8080-exec-7] DEBUG c.e.s.c.SmsHistoryApiController - SMS API 목록 요청 request=SmsSearchRequestDTO(startDate=2026-05-01, endDate=2026-05-26, receiverNo=, sendType=)
2026-05-26 16:29:46.933 [http-nio-8080-exec-7] DEBUG c.e.s.service.SmsHistoryServiceImpl - SMS 목록 조회 request=SmsSearchRequestDTO(startDate=2026-05-01, endDate=2026-05-26, receiverNo=, sendType=)
2026-05-26 16:29:46.934 [http-nio-8080-exec-7] DEBUG c.e.s.m.SmsHistoryMapper.findAll - ==>  Preparing: SELECT id, campaign_name, send_type, sender_no, receiver_no, LEFT(message, 50) AS message, send_status, resend_yn, result_code, result_message, sent_at, created_at, updated_at FROM sms_history WHERE sent_at >= ?::date AND sent_at < (?::date + INTERVAL '1 day') ORDER BY id DESC LIMIT ? OFFSET ?
2026-05-26 16:29:46.934 [http-nio-8080-exec-7] DEBUG c.e.s.m.SmsHistoryMapper.findAll - ==> Parameters: 2026-05-01(String), 2026-05-26(String), 10(Integer), 19930(Integer)
2026-05-26 16:29:46.934 [http-nio-8080-exec-7] INFO  jdbc.sqlonly - SELECT
            id,
            campaign_name,
            send_type,
            sender_no,
            receiver_no,
            LEFT(message, 50) AS message,
            send_status,
            resend_yn,
            result_code,
            result_message,
            sent_at,
            created_at,
            updated_at
        FROM sms_history

         WHERE  sent_at >= '2026-05-01'::date

                AND sent_at < ('2026-05-26'::date + INTERVAL '1 day') 

        ORDER BY id DESC
        LIMIT 10 OFFSET 19930

2026-05-26 16:29:46.962 [http-nio-8080-exec-7] DEBUG c.e.s.m.SmsHistoryMapper.findAll - <==      Total: 10
2026-05-26 16:29:46.962 [http-nio-8080-exec-7] DEBUG c.e.s.mapper.SmsHistoryMapper.count - ==>  Preparing: SELECT COUNT(*) FROM sms_history WHERE sent_at >= ?::date AND sent_at < (?::date + INTERVAL '1 day')
2026-05-26 16:29:46.962 [http-nio-8080-exec-7] DEBUG c.e.s.mapper.SmsHistoryMapper.count - ==> Parameters: 2026-05-01(String), 2026-05-26(String)
2026-05-26 16:29:46.962 [http-nio-8080-exec-7] INFO  jdbc.sqlonly - SELECT COUNT(*)
        FROM sms_history

         WHERE  sent_at >= '2026-05-01'::date

                AND sent_at < ('2026-05-26'::date + INTERVAL '1 day')

2026-05-26 16:29:46.978 [http-nio-8080-exec-7] DEBUG c.e.s.mapper.SmsHistoryMapper.count - <==      Total: 1
