2026-06-04 09:24:33.320 [HikariPool-1 housekeeper] WARN  com.zaxxer.hikari.pool.HikariPool - HikariPool-1 - Thread starvation or clock leap detected (housekeeper delta=11h26m26s947ms907µs800ns).
2026-06-04 09:25:13.319 [http-nio-8080-exec-4] DEBUG c.e.s.mapper.EmployeeMapper.findById - ==>  Preparing: SELECT e.EMP_ID, e.EMP_NAME, e.DEPT_ID, d.DEPT_NM, e.USE_YN, e.USER_ROLE, e.AUTH_READ, e.AUTH_APPROVE, e.AUTH_CAMPAIGN, e.LAST_LOGIN_IP, e.LAST_LOGIN_TIME, e.CREATED_AT, e.UPDATED_AT FROM EMPLOYEE e LEFT JOIN TB_DEPT d ON e.DEPT_ID = d.DEPT_ID WHERE e.EMP_ID = ?
2026-06-04 09:25:13.320 [http-nio-8080-exec-4] DEBUG c.e.s.mapper.EmployeeMapper.findById - ==> Parameters: admin(String)
2026-06-04 09:25:13.321 [http-nio-8080-exec-4] INFO  jdbc.sqlonly - SELECT
            e.EMP_ID, e.EMP_NAME, e.DEPT_ID, d.DEPT_NM, e.USE_YN, e.USER_ROLE,
            e.AUTH_READ, e.AUTH_APPROVE, e.AUTH_CAMPAIGN,
            e.LAST_LOGIN_IP, e.LAST_LOGIN_TIME, e.CREATED_AT, e.UPDATED_AT
        FROM EMPLOYEE e
        LEFT JOIN TB_DEPT d ON e.DEPT_ID = d.DEPT_ID
        WHERE e.EMP_ID = 'admin'

2026-06-04 09:25:13.342 [http-nio-8080-exec-4] DEBUG c.e.s.mapper.EmployeeMapper.findById - <==      Total: 1
2026-06-04 09:25:13.342 [http-nio-8080-exec-4] DEBUG c.e.s.m.M.selectMenusByAuthCode - ==>  Preparing: SELECT A.MENU_CD, A.MENU_NM, A.MENU_URL, A.UP_MENU_CD, A.SORT_ORD, A.USE_YN FROM TB_MENU A INNER JOIN TB_MENU_AUTH B ON A.MENU_CD = B.MENU_CD WHERE A.USE_YN = 'Y' AND B.AUTH_CD = ? ORDER BY A.UP_MENU_CD ASC NULLS FIRST, A.SORT_ORD ASC
2026-06-04 09:25:13.343 [http-nio-8080-exec-4] DEBUG c.e.s.m.M.selectMenusByAuthCode - ==> Parameters: ROLE_ADMIN(String)
2026-06-04 09:25:13.343 [http-nio-8080-exec-4] INFO  jdbc.sqlonly - SELECT 
            A.MENU_CD,
            A.MENU_NM,
            A.MENU_URL,
            A.UP_MENU_CD,
            A.SORT_ORD,
            A.USE_YN
        FROM TB_MENU A
        INNER JOIN TB_MENU_AUTH B ON A.MENU_CD = B.MENU_CD
        WHERE A.USE_YN = 'Y'
          AND B.AUTH_CD = 'ROLE_ADMIN'
        ORDER BY A.UP_MENU_CD ASC NULLS FIRST, A.SORT_ORD ASC

2026-06-04 09:25:13.389 [http-nio-8080-exec-4] DEBUG c.e.s.m.M.selectMenusByAuthCode - <==      Total: 43
2026-06-04 09:25:13.390 [http-nio-8080-exec-4] DEBUG c.e.s.m.E.updateLastLogin - ==>  Preparing: UPDATE EMPLOYEE SET LAST_LOGIN_TIME = CURRENT_TIMESTAMP, LAST_LOGIN_IP = ?, UPDATED_AT = CURRENT_TIMESTAMP WHERE EMP_ID = ?
2026-06-04 09:25:13.391 [http-nio-8080-exec-4] DEBUG c.e.s.m.E.updateLastLogin - ==> Parameters: 0:0:0:0:0:0:0:1(String), admin(String)
2026-06-04 09:25:13.391 [http-nio-8080-exec-4] INFO  jdbc.sqlonly - UPDATE EMPLOYEE
        SET LAST_LOGIN_TIME = CURRENT_TIMESTAMP,
            LAST_LOGIN_IP   = '0:0:0:0:0:0:0:1',
            UPDATED_AT      = CURRENT_TIMESTAMP
        WHERE EMP_ID = 'admin'

2026-06-04 09:25:13.401 [http-nio-8080-exec-4] DEBUG c.e.s.m.E.updateLastLogin - <==    Updates: 1
2026-06-04 09:25:13.587 [http-nio-8080-exec-10] DEBUG c.e.s.m.D.selectKpiSummary - ==>  Preparing: SELECT 1204500 AS totalSendCount, 98.5 AS successRate, 12400 AS failCount, 3500000 AS estimatedCost FROM DUAL
2026-06-04 09:25:13.587 [http-nio-8080-exec-10] DEBUG c.e.s.m.D.selectKpiSummary - ==> Parameters: 
2026-06-04 09:25:13.587 [http-nio-8080-exec-10] INFO  jdbc.sqlonly - SELECT 
            1204500 AS totalSendCount,
            98.5 AS successRate,
            12400 AS failCount,
            3500000 AS estimatedCost
        FROM DUAL

2026-06-04 09:25:13.759 [http-nio-8080-exec-10] DEBUG c.e.s.m.D.selectKpiSummary - <==      Total: 1
2026-06-04 09:25:13.759 [http-nio-8080-exec-10] DEBUG c.e.s.m.D.selectWeeklyTrend - ==>  Preparing: SELECT '월요일' AS dayOfWeek, 240000 AS sendCount, 80 AS percentage FROM DUAL UNION ALL SELECT '화요일' AS dayOfWeek, 180500 AS sendCount, 60 AS percentage FROM DUAL UNION ALL SELECT '수요일' AS dayOfWeek, 310200 AS sendCount, 95 AS percentage FROM DUAL UNION ALL SELECT '목요일' AS dayOfWeek, 150000 AS sendCount, 50 AS percentage FROM DUAL UNION ALL SELECT '금요일' AS dayOfWeek, 290000 AS sendCount, 85 AS percentage FROM DUAL
2026-06-04 09:25:13.760 [http-nio-8080-exec-10] DEBUG c.e.s.m.D.selectWeeklyTrend - ==> Parameters: 
2026-06-04 09:25:13.760 [http-nio-8080-exec-10] INFO  jdbc.sqlonly - SELECT '월요일' AS dayOfWeek, 240000 AS sendCount, 80 AS percentage FROM DUAL UNION ALL
        SELECT '화요일' AS dayOfWeek, 180500 AS sendCount, 60 AS percentage FROM DUAL UNION ALL
        SELECT '수요일' AS dayOfWeek, 310200 AS sendCount, 95 AS percentage FROM DUAL UNION ALL
        SELECT '목요일' AS dayOfWeek, 150000 AS sendCount, 50 AS percentage FROM DUAL UNION ALL
        SELECT '금요일' AS dayOfWeek, 290000 AS sendCount, 85 AS percentage FROM DUAL

2026-06-04 09:25:13.763 [http-nio-8080-exec-10] DEBUG c.e.s.m.D.selectWeeklyTrend - <==      Total: 5
2026-06-04 09:25:13.764 [http-nio-8080-exec-10] DEBUG c.e.s.m.D.selectChannelRatio - ==>  Preparing: SELECT '단문 (SMS)' AS channelName, 65.0 AS ratio, 'bg-primary' AS colorClass FROM DUAL UNION ALL SELECT '장문 (LMS)' AS channelName, 20.5 AS ratio, 'bg-success' AS colorClass FROM DUAL UNION ALL SELECT '알림톡' AS channelName, 10.0 AS ratio, 'bg-warning' AS colorClass FROM DUAL UNION ALL SELECT 'MMS (이미지)' AS channelName, 4.5 AS ratio, 'bg-danger' AS colorClass FROM DUAL
2026-06-04 09:25:13.764 [http-nio-8080-exec-10] DEBUG c.e.s.m.D.selectChannelRatio - ==> Parameters: 
2026-06-04 09:25:13.764 [http-nio-8080-exec-10] INFO  jdbc.sqlonly - SELECT '단문 (SMS)' AS channelName, 65.0 AS ratio, 'bg-primary' AS colorClass FROM DUAL UNION ALL
        SELECT '장문 (LMS)' AS channelName, 20.5 AS ratio, 'bg-success' AS colorClass FROM DUAL UNION ALL
        SELECT '알림톡' AS channelName, 10.0 AS ratio, 'bg-warning' AS colorClass FROM DUAL UNION ALL
        SELECT 'MMS (이미지)' AS channelName, 4.5 AS ratio, 'bg-danger' AS colorClass FROM DUAL

2026-06-04 09:25:13.767 [http-nio-8080-exec-10] DEBUG c.e.s.m.D.selectChannelRatio - <==      Total: 4
2026-06-04 09:25:13.768 [http-nio-8080-exec-10] DEBUG c.e.s.m.D.selectRecentFailLogs - ==>  Preparing: SELECT '2026-06-01 13:42:11' AS failDate, 'SMS' AS sendType, '010-****-1234' AS receiverNo, 'ERR_001' AS errorCode, '결번 / 없는 번호 (통신사 반환)' AS failReason FROM DUAL UNION ALL SELECT '2026-06-01 13:10:05' AS failDate, 'LMS' AS sendType, '010-****-5678' AS receiverNo, 'ERR_042' AS errorCode, '수신자 단말기 전원 꺼짐 (TimeOut)' AS failReason FROM DUAL UNION ALL SELECT '2026-06-01 12:55:30' AS failDate, 'ALIMTALK' AS sendType, '010-****-9999' AS receiverNo, 'ERR_K01' AS errorCode, '카카오톡 채널 차단 고객' AS failReason FROM DUAL UNION ALL SELECT '2026-06-01 11:20:44' AS failDate, 'SMS' AS sendType, '010-****-1111' AS receiverNo, 'ERR_003' AS errorCode, '통신사 스팸 필터링 차단' AS failReason FROM DUAL UNION ALL SELECT '2026-06-01 09:05:12' AS failDate, 'MMS' AS sendType, '010-****-2222' AS receiverNo, 'ERR_099' AS errorCode, '첨부 이미지 용량 초과 (300KB 제한)' AS failReason FROM DUAL
2026-06-04 09:25:13.768 [http-nio-8080-exec-10] DEBUG c.e.s.m.D.selectRecentFailLogs - ==> Parameters: 
2026-06-04 09:25:13.768 [http-nio-8080-exec-10] INFO  jdbc.sqlonly - SELECT '2026-06-01 13:42:11' AS failDate, 'SMS' AS sendType, '010-****-1234' AS receiverNo, 'ERR_001' AS errorCode, '결번 / 없는 번호 (통신사 반환)' AS failReason FROM DUAL UNION ALL
        SELECT '2026-06-01 13:10:05' AS failDate, 'LMS' AS sendType, '010-****-5678' AS receiverNo, 'ERR_042' AS errorCode, '수신자 단말기 전원 꺼짐 (TimeOut)' AS failReason FROM DUAL UNION ALL
        SELECT '2026-06-01 12:55:30' AS failDate, 'ALIMTALK' AS sendType, '010-****-9999' AS receiverNo, 'ERR_K01' AS errorCode, '카카오톡 채널 차단 고객' AS failReason FROM DUAL UNION ALL
        SELECT '2026-06-01 11:20:44' AS failDate, 'SMS' AS sendType, '010-****-1111' AS receiverNo, 'ERR_003' AS errorCode, '통신사 스팸 필터링 차단' AS failReason FROM DUAL UNION ALL
        SELECT '2026-06-01 09:05:12' AS failDate, 'MMS' AS sendType, '010-****-2222' AS receiverNo, 'ERR_099' AS errorCode, '첨부 이미지 용량 초과 (300KB 제한)' AS failReason FROM DUAL

2026-06-04 09:25:13.772 [http-nio-8080-exec-10] DEBUG c.e.s.m.D.selectRecentFailLogs - <==      Total: 5
2026-06-04 09:30:13.599 [http-nio-8080-exec-3] DEBUG c.e.s.m.D.selectKpiSummary - ==>  Preparing: SELECT 1204500 AS totalSendCount, 98.5 AS successRate, 12400 AS failCount, 3500000 AS estimatedCost FROM DUAL
2026-06-04 09:30:13.600 [http-nio-8080-exec-3] DEBUG c.e.s.m.D.selectKpiSummary - ==> Parameters: 
2026-06-04 09:30:13.600 [http-nio-8080-exec-3] INFO  jdbc.sqlonly - SELECT 
            1204500 AS totalSendCount,
            98.5 AS successRate,
            12400 AS failCount,
            3500000 AS estimatedCost
        FROM DUAL

2026-06-04 09:30:13.605 [http-nio-8080-exec-3] DEBUG c.e.s.m.D.selectKpiSummary - <==      Total: 1
2026-06-04 09:30:13.606 [http-nio-8080-exec-3] DEBUG c.e.s.m.D.selectWeeklyTrend - ==>  Preparing: SELECT '월요일' AS dayOfWeek, 240000 AS sendCount, 80 AS percentage FROM DUAL UNION ALL SELECT '화요일' AS dayOfWeek, 180500 AS sendCount, 60 AS percentage FROM DUAL UNION ALL SELECT '수요일' AS dayOfWeek, 310200 AS sendCount, 95 AS percentage FROM DUAL UNION ALL SELECT '목요일' AS dayOfWeek, 150000 AS sendCount, 50 AS percentage FROM DUAL UNION ALL SELECT '금요일' AS dayOfWeek, 290000 AS sendCount, 85 AS percentage FROM DUAL
2026-06-04 09:30:13.606 [http-nio-8080-exec-3] DEBUG c.e.s.m.D.selectWeeklyTrend - ==> Parameters: 
2026-06-04 09:30:13.606 [http-nio-8080-exec-3] INFO  jdbc.sqlonly - SELECT '월요일' AS dayOfWeek, 240000 AS sendCount, 80 AS percentage FROM DUAL UNION ALL
        SELECT '화요일' AS dayOfWeek, 180500 AS sendCount, 60 AS percentage FROM DUAL UNION ALL
        SELECT '수요일' AS dayOfWeek, 310200 AS sendCount, 95 AS percentage FROM DUAL UNION ALL
        SELECT '목요일' AS dayOfWeek, 150000 AS sendCount, 50 AS percentage FROM DUAL UNION ALL
        SELECT '금요일' AS dayOfWeek, 290000 AS sendCount, 85 AS percentage FROM DUAL

2026-06-04 09:30:13.609 [http-nio-8080-exec-3] DEBUG c.e.s.m.D.selectWeeklyTrend - <==      Total: 5
2026-06-04 09:30:13.610 [http-nio-8080-exec-3] DEBUG c.e.s.m.D.selectChannelRatio - ==>  Preparing: SELECT '단문 (SMS)' AS channelName, 65.0 AS ratio, 'bg-primary' AS colorClass FROM DUAL UNION ALL SELECT '장문 (LMS)' AS channelName, 20.5 AS ratio, 'bg-success' AS colorClass FROM DUAL UNION ALL SELECT '알림톡' AS channelName, 10.0 AS ratio, 'bg-warning' AS colorClass FROM DUAL UNION ALL SELECT 'MMS (이미지)' AS channelName, 4.5 AS ratio, 'bg-danger' AS colorClass FROM DUAL
2026-06-04 09:30:13.610 [http-nio-8080-exec-3] DEBUG c.e.s.m.D.selectChannelRatio - ==> Parameters: 
2026-06-04 09:30:13.610 [http-nio-8080-exec-3] INFO  jdbc.sqlonly - SELECT '단문 (SMS)' AS channelName, 65.0 AS ratio, 'bg-primary' AS colorClass FROM DUAL UNION ALL
        SELECT '장문 (LMS)' AS channelName, 20.5 AS ratio, 'bg-success' AS colorClass FROM DUAL UNION ALL
        SELECT '알림톡' AS channelName, 10.0 AS ratio, 'bg-warning' AS colorClass FROM DUAL UNION ALL
        SELECT 'MMS (이미지)' AS channelName, 4.5 AS ratio, 'bg-danger' AS colorClass FROM DUAL

2026-06-04 09:30:13.613 [http-nio-8080-exec-3] DEBUG c.e.s.m.D.selectChannelRatio - <==      Total: 4
2026-06-04 09:30:13.614 [http-nio-8080-exec-3] DEBUG c.e.s.m.D.selectRecentFailLogs - ==>  Preparing: SELECT '2026-06-01 13:42:11' AS failDate, 'SMS' AS sendType, '010-****-1234' AS receiverNo, 'ERR_001' AS errorCode, '결번 / 없는 번호 (통신사 반환)' AS failReason FROM DUAL UNION ALL SELECT '2026-06-01 13:10:05' AS failDate, 'LMS' AS sendType, '010-****-5678' AS receiverNo, 'ERR_042' AS errorCode, '수신자 단말기 전원 꺼짐 (TimeOut)' AS failReason FROM DUAL UNION ALL SELECT '2026-06-01 12:55:30' AS failDate, 'ALIMTALK' AS sendType, '010-****-9999' AS receiverNo, 'ERR_K01' AS errorCode, '카카오톡 채널 차단 고객' AS failReason FROM DUAL UNION ALL SELECT '2026-06-01 11:20:44' AS failDate, 'SMS' AS sendType, '010-****-1111' AS receiverNo, 'ERR_003' AS errorCode, '통신사 스팸 필터링 차단' AS failReason FROM DUAL UNION ALL SELECT '2026-06-01 09:05:12' AS failDate, 'MMS' AS sendType, '010-****-2222' AS receiverNo, 'ERR_099' AS errorCode, '첨부 이미지 용량 초과 (300KB 제한)' AS failReason FROM DUAL
2026-06-04 09:30:13.614 [http-nio-8080-exec-3] DEBUG c.e.s.m.D.selectRecentFailLogs - ==> Parameters: 
2026-06-04 09:30:13.614 [http-nio-8080-exec-3] INFO  jdbc.sqlonly - SELECT '2026-06-01 13:42:11' AS failDate, 'SMS' AS sendType, '010-****-1234' AS receiverNo, 'ERR_001' AS errorCode, '결번 / 없는 번호 (통신사 반환)' AS failReason FROM DUAL UNION ALL
        SELECT '2026-06-01 13:10:05' AS failDate, 'LMS' AS sendType, '010-****-5678' AS receiverNo, 'ERR_042' AS errorCode, '수신자 단말기 전원 꺼짐 (TimeOut)' AS failReason FROM DUAL UNION ALL
        SELECT '2026-06-01 12:55:30' AS failDate, 'ALIMTALK' AS sendType, '010-****-9999' AS receiverNo, 'ERR_K01' AS errorCode, '카카오톡 채널 차단 고객' AS failReason FROM DUAL UNION ALL
        SELECT '2026-06-01 11:20:44' AS failDate, 'SMS' AS sendType, '010-****-1111' AS receiverNo, 'ERR_003' AS errorCode, '통신사 스팸 필터링 차단' AS failReason FROM DUAL UNION ALL
        SELECT '2026-06-01 09:05:12' AS failDate, 'MMS' AS sendType, '010-****-2222' AS receiverNo, 'ERR_099' AS errorCode, '첨부 이미지 용량 초과 (300KB 제한)' AS failReason FROM DUAL

2026-06-04 09:30:13.618 [http-nio-8080-exec-3] DEBUG c.e.s.m.D.selectRecentFailLogs - <==      Total: 5
2026-06-04 09:35:13.601 [http-nio-8080-exec-6] DEBUG c.e.s.m.D.selectKpiSummary - ==>  Preparing: SELECT 1204500 AS totalSendCount, 98.5 AS successRate, 12400 AS failCount, 3500000 AS estimatedCost FROM DUAL
2026-06-04 09:35:13.601 [http-nio-8080-exec-6] DEBUG c.e.s.m.D.selectKpiSummary - ==> Parameters: 
2026-06-04 09:35:13.601 [http-nio-8080-exec-6] INFO  jdbc.sqlonly - SELECT 
            1204500 AS totalSendCount,
            98.5 AS successRate,
            12400 AS failCount,
            3500000 AS estimatedCost
        FROM DUAL

2026-06-04 09:35:13.604 [http-nio-8080-exec-6] DEBUG c.e.s.m.D.selectKpiSummary - <==      Total: 1
2026-06-04 09:35:13.605 [http-nio-8080-exec-6] DEBUG c.e.s.m.D.selectWeeklyTrend - ==>  Preparing: SELECT '월요일' AS dayOfWeek, 240000 AS sendCount, 80 AS percentage FROM DUAL UNION ALL SELECT '화요일' AS dayOfWeek, 180500 AS sendCount, 60 AS percentage FROM DUAL UNION ALL SELECT '수요일' AS dayOfWeek, 310200 AS sendCount, 95 AS percentage FROM DUAL UNION ALL SELECT '목요일' AS dayOfWeek, 150000 AS sendCount, 50 AS percentage FROM DUAL UNION ALL SELECT '금요일' AS dayOfWeek, 290000 AS sendCount, 85 AS percentage FROM DUAL
2026-06-04 09:35:13.605 [http-nio-8080-exec-6] DEBUG c.e.s.m.D.selectWeeklyTrend - ==> Parameters: 
2026-06-04 09:35:13.605 [http-nio-8080-exec-6] INFO  jdbc.sqlonly - SELECT '월요일' AS dayOfWeek, 240000 AS sendCount, 80 AS percentage FROM DUAL UNION ALL
        SELECT '화요일' AS dayOfWeek, 180500 AS sendCount, 60 AS percentage FROM DUAL UNION ALL
        SELECT '수요일' AS dayOfWeek, 310200 AS sendCount, 95 AS percentage FROM DUAL UNION ALL
        SELECT '목요일' AS dayOfWeek, 150000 AS sendCount, 50 AS percentage FROM DUAL UNION ALL
        SELECT '금요일' AS dayOfWeek, 290000 AS sendCount, 85 AS percentage FROM DUAL

2026-06-04 09:35:13.608 [http-nio-8080-exec-6] DEBUG c.e.s.m.D.selectWeeklyTrend - <==      Total: 5
2026-06-04 09:35:13.609 [http-nio-8080-exec-6] DEBUG c.e.s.m.D.selectChannelRatio - ==>  Preparing: SELECT '단문 (SMS)' AS channelName, 65.0 AS ratio, 'bg-primary' AS colorClass FROM DUAL UNION ALL SELECT '장문 (LMS)' AS channelName, 20.5 AS ratio, 'bg-success' AS colorClass FROM DUAL UNION ALL SELECT '알림톡' AS channelName, 10.0 AS ratio, 'bg-warning' AS colorClass FROM DUAL UNION ALL SELECT 'MMS (이미지)' AS channelName, 4.5 AS ratio, 'bg-danger' AS colorClass FROM DUAL
2026-06-04 09:35:13.610 [http-nio-8080-exec-6] DEBUG c.e.s.m.D.selectChannelRatio - ==> Parameters: 
2026-06-04 09:35:13.610 [http-nio-8080-exec-6] INFO  jdbc.sqlonly - SELECT '단문 (SMS)' AS channelName, 65.0 AS ratio, 'bg-primary' AS colorClass FROM DUAL UNION ALL
        SELECT '장문 (LMS)' AS channelName, 20.5 AS ratio, 'bg-success' AS colorClass FROM DUAL UNION ALL
        SELECT '알림톡' AS channelName, 10.0 AS ratio, 'bg-warning' AS colorClass FROM DUAL UNION ALL
        SELECT 'MMS (이미지)' AS channelName, 4.5 AS ratio, 'bg-danger' AS colorClass FROM DUAL

2026-06-04 09:35:13.613 [http-nio-8080-exec-6] DEBUG c.e.s.m.D.selectChannelRatio - <==      Total: 4
2026-06-04 09:35:13.613 [http-nio-8080-exec-6] DEBUG c.e.s.m.D.selectRecentFailLogs - ==>  Preparing: SELECT '2026-06-01 13:42:11' AS failDate, 'SMS' AS sendType, '010-****-1234' AS receiverNo, 'ERR_001' AS errorCode, '결번 / 없는 번호 (통신사 반환)' AS failReason FROM DUAL UNION ALL SELECT '2026-06-01 13:10:05' AS failDate, 'LMS' AS sendType, '010-****-5678' AS receiverNo, 'ERR_042' AS errorCode, '수신자 단말기 전원 꺼짐 (TimeOut)' AS failReason FROM DUAL UNION ALL SELECT '2026-06-01 12:55:30' AS failDate, 'ALIMTALK' AS sendType, '010-****-9999' AS receiverNo, 'ERR_K01' AS errorCode, '카카오톡 채널 차단 고객' AS failReason FROM DUAL UNION ALL SELECT '2026-06-01 11:20:44' AS failDate, 'SMS' AS sendType, '010-****-1111' AS receiverNo, 'ERR_003' AS errorCode, '통신사 스팸 필터링 차단' AS failReason FROM DUAL UNION ALL SELECT '2026-06-01 09:05:12' AS failDate, 'MMS' AS sendType, '010-****-2222' AS receiverNo, 'ERR_099' AS errorCode, '첨부 이미지 용량 초과 (300KB 제한)' AS failReason FROM DUAL
2026-06-04 09:35:13.614 [http-nio-8080-exec-6] DEBUG c.e.s.m.D.selectRecentFailLogs - ==> Parameters: 
2026-06-04 09:35:13.614 [http-nio-8080-exec-6] INFO  jdbc.sqlonly - SELECT '2026-06-01 13:42:11' AS failDate, 'SMS' AS sendType, '010-****-1234' AS receiverNo, 'ERR_001' AS errorCode, '결번 / 없는 번호 (통신사 반환)' AS failReason FROM DUAL UNION ALL
        SELECT '2026-06-01 13:10:05' AS failDate, 'LMS' AS sendType, '010-****-5678' AS receiverNo, 'ERR_042' AS errorCode, '수신자 단말기 전원 꺼짐 (TimeOut)' AS failReason FROM DUAL UNION ALL
        SELECT '2026-06-01 12:55:30' AS failDate, 'ALIMTALK' AS sendType, '010-****-9999' AS receiverNo, 'ERR_K01' AS errorCode, '카카오톡 채널 차단 고객' AS failReason FROM DUAL UNION ALL
        SELECT '2026-06-01 11:20:44' AS failDate, 'SMS' AS sendType, '010-****-1111' AS receiverNo, 'ERR_003' AS errorCode, '통신사 스팸 필터링 차단' AS failReason FROM DUAL UNION ALL
        SELECT '2026-06-01 09:05:12' AS failDate, 'MMS' AS sendType, '010-****-2222' AS receiverNo, 'ERR_099' AS errorCode, '첨부 이미지 용량 초과 (300KB 제한)' AS failReason FROM DUAL

2026-06-04 09:35:13.617 [http-nio-8080-exec-6] DEBUG c.e.s.m.D.selectRecentFailLogs - <==      Total: 5
2026-06-04 09:40:13.600 [http-nio-8080-exec-8] DEBUG c.e.s.m.D.selectKpiSummary - ==>  Preparing: SELECT 1204500 AS totalSendCount, 98.5 AS successRate, 12400 AS failCount, 3500000 AS estimatedCost FROM DUAL
2026-06-04 09:40:13.600 [http-nio-8080-exec-8] DEBUG c.e.s.m.D.selectKpiSummary - ==> Parameters: 
2026-06-04 09:40:13.601 [http-nio-8080-exec-8] INFO  jdbc.sqlonly - SELECT 
            1204500 AS totalSendCount,
            98.5 AS successRate,
            12400 AS failCount,
            3500000 AS estimatedCost
        FROM DUAL

2026-06-04 09:40:13.603 [http-nio-8080-exec-8] DEBUG c.e.s.m.D.selectKpiSummary - <==      Total: 1
2026-06-04 09:40:13.603 [http-nio-8080-exec-8] DEBUG c.e.s.m.D.selectWeeklyTrend - ==>  Preparing: SELECT '월요일' AS dayOfWeek, 240000 AS sendCount, 80 AS percentage FROM DUAL UNION ALL SELECT '화요일' AS dayOfWeek, 180500 AS sendCount, 60 AS percentage FROM DUAL UNION ALL SELECT '수요일' AS dayOfWeek, 310200 AS sendCount, 95 AS percentage FROM DUAL UNION ALL SELECT '목요일' AS dayOfWeek, 150000 AS sendCount, 50 AS percentage FROM DUAL UNION ALL SELECT '금요일' AS dayOfWeek, 290000 AS sendCount, 85 AS percentage FROM DUAL
2026-06-04 09:40:13.603 [http-nio-8080-exec-8] DEBUG c.e.s.m.D.selectWeeklyTrend - ==> Parameters: 
2026-06-04 09:40:13.603 [http-nio-8080-exec-8] INFO  jdbc.sqlonly - SELECT '월요일' AS dayOfWeek, 240000 AS sendCount, 80 AS percentage FROM DUAL UNION ALL
        SELECT '화요일' AS dayOfWeek, 180500 AS sendCount, 60 AS percentage FROM DUAL UNION ALL
        SELECT '수요일' AS dayOfWeek, 310200 AS sendCount, 95 AS percentage FROM DUAL UNION ALL
        SELECT '목요일' AS dayOfWeek, 150000 AS sendCount, 50 AS percentage FROM DUAL UNION ALL
        SELECT '금요일' AS dayOfWeek, 290000 AS sendCount, 85 AS percentage FROM DUAL

2026-06-04 09:40:13.605 [http-nio-8080-exec-8] DEBUG c.e.s.m.D.selectWeeklyTrend - <==      Total: 5
2026-06-04 09:40:13.605 [http-nio-8080-exec-8] DEBUG c.e.s.m.D.selectChannelRatio - ==>  Preparing: SELECT '단문 (SMS)' AS channelName, 65.0 AS ratio, 'bg-primary' AS colorClass FROM DUAL UNION ALL SELECT '장문 (LMS)' AS channelName, 20.5 AS ratio, 'bg-success' AS colorClass FROM DUAL UNION ALL SELECT '알림톡' AS channelName, 10.0 AS ratio, 'bg-warning' AS colorClass FROM DUAL UNION ALL SELECT 'MMS (이미지)' AS channelName, 4.5 AS ratio, 'bg-danger' AS colorClass FROM DUAL
2026-06-04 09:40:13.605 [http-nio-8080-exec-8] DEBUG c.e.s.m.D.selectChannelRatio - ==> Parameters: 
2026-06-04 09:40:13.605 [http-nio-8080-exec-8] INFO  jdbc.sqlonly - SELECT '단문 (SMS)' AS channelName, 65.0 AS ratio, 'bg-primary' AS colorClass FROM DUAL UNION ALL
        SELECT '장문 (LMS)' AS channelName, 20.5 AS ratio, 'bg-success' AS colorClass FROM DUAL UNION ALL
        SELECT '알림톡' AS channelName, 10.0 AS ratio, 'bg-warning' AS colorClass FROM DUAL UNION ALL
        SELECT 'MMS (이미지)' AS channelName, 4.5 AS ratio, 'bg-danger' AS colorClass FROM DUAL

2026-06-04 09:40:13.606 [http-nio-8080-exec-8] DEBUG c.e.s.m.D.selectChannelRatio - <==      Total: 4
2026-06-04 09:40:13.608 [http-nio-8080-exec-8] DEBUG c.e.s.m.D.selectRecentFailLogs - ==>  Preparing: SELECT '2026-06-01 13:42:11' AS failDate, 'SMS' AS sendType, '010-****-1234' AS receiverNo, 'ERR_001' AS errorCode, '결번 / 없는 번호 (통신사 반환)' AS failReason FROM DUAL UNION ALL SELECT '2026-06-01 13:10:05' AS failDate, 'LMS' AS sendType, '010-****-5678' AS receiverNo, 'ERR_042' AS errorCode, '수신자 단말기 전원 꺼짐 (TimeOut)' AS failReason FROM DUAL UNION ALL SELECT '2026-06-01 12:55:30' AS failDate, 'ALIMTALK' AS sendType, '010-****-9999' AS receiverNo, 'ERR_K01' AS errorCode, '카카오톡 채널 차단 고객' AS failReason FROM DUAL UNION ALL SELECT '2026-06-01 11:20:44' AS failDate, 'SMS' AS sendType, '010-****-1111' AS receiverNo, 'ERR_003' AS errorCode, '통신사 스팸 필터링 차단' AS failReason FROM DUAL UNION ALL SELECT '2026-06-01 09:05:12' AS failDate, 'MMS' AS sendType, '010-****-2222' AS receiverNo, 'ERR_099' AS errorCode, '첨부 이미지 용량 초과 (300KB 제한)' AS failReason FROM DUAL
2026-06-04 09:40:13.609 [http-nio-8080-exec-8] DEBUG c.e.s.m.D.selectRecentFailLogs - ==> Parameters: 
2026-06-04 09:40:13.609 [http-nio-8080-exec-8] INFO  jdbc.sqlonly - SELECT '2026-06-01 13:42:11' AS failDate, 'SMS' AS sendType, '010-****-1234' AS receiverNo, 'ERR_001' AS errorCode, '결번 / 없는 번호 (통신사 반환)' AS failReason FROM DUAL UNION ALL
        SELECT '2026-06-01 13:10:05' AS failDate, 'LMS' AS sendType, '010-****-5678' AS receiverNo, 'ERR_042' AS errorCode, '수신자 단말기 전원 꺼짐 (TimeOut)' AS failReason FROM DUAL UNION ALL
        SELECT '2026-06-01 12:55:30' AS failDate, 'ALIMTALK' AS sendType, '010-****-9999' AS receiverNo, 'ERR_K01' AS errorCode, '카카오톡 채널 차단 고객' AS failReason FROM DUAL UNION ALL
        SELECT '2026-06-01 11:20:44' AS failDate, 'SMS' AS sendType, '010-****-1111' AS receiverNo, 'ERR_003' AS errorCode, '통신사 스팸 필터링 차단' AS failReason FROM DUAL UNION ALL
        SELECT '2026-06-01 09:05:12' AS failDate, 'MMS' AS sendType, '010-****-2222' AS receiverNo, 'ERR_099' AS errorCode, '첨부 이미지 용량 초과 (300KB 제한)' AS failReason FROM DUAL

2026-06-04 09:40:13.612 [http-nio-8080-exec-8] DEBUG c.e.s.m.D.selectRecentFailLogs - <==      Total: 5
2026-06-04 09:44:20.123 [http-nio-8080-exec-8] DEBUG c.e.s.m.D.selectKpiSummary - ==>  Preparing: SELECT 1204500 AS totalSendCount, 98.5 AS successRate, 12400 AS failCount, 3500000 AS estimatedCost FROM DUAL
2026-06-04 09:44:20.123 [http-nio-8080-exec-8] DEBUG c.e.s.m.D.selectKpiSummary - ==> Parameters: 
2026-06-04 09:44:20.123 [http-nio-8080-exec-8] INFO  jdbc.sqlonly - SELECT 
            1204500 AS totalSendCount,
            98.5 AS successRate,
            12400 AS failCount,
            3500000 AS estimatedCost
        FROM DUAL

2026-06-04 09:44:20.125 [http-nio-8080-exec-8] DEBUG c.e.s.m.D.selectKpiSummary - <==      Total: 1
2026-06-04 09:44:20.126 [http-nio-8080-exec-8] DEBUG c.e.s.m.D.selectWeeklyTrend - ==>  Preparing: SELECT '월요일' AS dayOfWeek, 240000 AS sendCount, 80 AS percentage FROM DUAL UNION ALL SELECT '화요일' AS dayOfWeek, 180500 AS sendCount, 60 AS percentage FROM DUAL UNION ALL SELECT '수요일' AS dayOfWeek, 310200 AS sendCount, 95 AS percentage FROM DUAL UNION ALL SELECT '목요일' AS dayOfWeek, 150000 AS sendCount, 50 AS percentage FROM DUAL UNION ALL SELECT '금요일' AS dayOfWeek, 290000 AS sendCount, 85 AS percentage FROM DUAL
2026-06-04 09:44:20.127 [http-nio-8080-exec-8] DEBUG c.e.s.m.D.selectWeeklyTrend - ==> Parameters: 
2026-06-04 09:44:20.127 [http-nio-8080-exec-8] INFO  jdbc.sqlonly - SELECT '월요일' AS dayOfWeek, 240000 AS sendCount, 80 AS percentage FROM DUAL UNION ALL
        SELECT '화요일' AS dayOfWeek, 180500 AS sendCount, 60 AS percentage FROM DUAL UNION ALL
        SELECT '수요일' AS dayOfWeek, 310200 AS sendCount, 95 AS percentage FROM DUAL UNION ALL
        SELECT '목요일' AS dayOfWeek, 150000 AS sendCount, 50 AS percentage FROM DUAL UNION ALL
        SELECT '금요일' AS dayOfWeek, 290000 AS sendCount, 85 AS percentage FROM DUAL

2026-06-04 09:44:20.130 [http-nio-8080-exec-8] DEBUG c.e.s.m.D.selectWeeklyTrend - <==      Total: 5
2026-06-04 09:44:20.130 [http-nio-8080-exec-8] DEBUG c.e.s.m.D.selectChannelRatio - ==>  Preparing: SELECT '단문 (SMS)' AS channelName, 65.0 AS ratio, 'bg-primary' AS colorClass FROM DUAL UNION ALL SELECT '장문 (LMS)' AS channelName, 20.5 AS ratio, 'bg-success' AS colorClass FROM DUAL UNION ALL SELECT '알림톡' AS channelName, 10.0 AS ratio, 'bg-warning' AS colorClass FROM DUAL UNION ALL SELECT 'MMS (이미지)' AS channelName, 4.5 AS ratio, 'bg-danger' AS colorClass FROM DUAL
2026-06-04 09:44:20.131 [http-nio-8080-exec-8] DEBUG c.e.s.m.D.selectChannelRatio - ==> Parameters: 
2026-06-04 09:44:20.132 [http-nio-8080-exec-8] INFO  jdbc.sqlonly - SELECT '단문 (SMS)' AS channelName, 65.0 AS ratio, 'bg-primary' AS colorClass FROM DUAL UNION ALL
        SELECT '장문 (LMS)' AS channelName, 20.5 AS ratio, 'bg-success' AS colorClass FROM DUAL UNION ALL
        SELECT '알림톡' AS channelName, 10.0 AS ratio, 'bg-warning' AS colorClass FROM DUAL UNION ALL
        SELECT 'MMS (이미지)' AS channelName, 4.5 AS ratio, 'bg-danger' AS colorClass FROM DUAL

2026-06-04 09:44:20.135 [http-nio-8080-exec-8] DEBUG c.e.s.m.D.selectChannelRatio - <==      Total: 4
2026-06-04 09:44:20.136 [http-nio-8080-exec-8] DEBUG c.e.s.m.D.selectRecentFailLogs - ==>  Preparing: SELECT '2026-06-01 13:42:11' AS failDate, 'SMS' AS sendType, '010-****-1234' AS receiverNo, 'ERR_001' AS errorCode, '결번 / 없는 번호 (통신사 반환)' AS failReason FROM DUAL UNION ALL SELECT '2026-06-01 13:10:05' AS failDate, 'LMS' AS sendType, '010-****-5678' AS receiverNo, 'ERR_042' AS errorCode, '수신자 단말기 전원 꺼짐 (TimeOut)' AS failReason FROM DUAL UNION ALL SELECT '2026-06-01 12:55:30' AS failDate, 'ALIMTALK' AS sendType, '010-****-9999' AS receiverNo, 'ERR_K01' AS errorCode, '카카오톡 채널 차단 고객' AS failReason FROM DUAL UNION ALL SELECT '2026-06-01 11:20:44' AS failDate, 'SMS' AS sendType, '010-****-1111' AS receiverNo, 'ERR_003' AS errorCode, '통신사 스팸 필터링 차단' AS failReason FROM DUAL UNION ALL SELECT '2026-06-01 09:05:12' AS failDate, 'MMS' AS sendType, '010-****-2222' AS receiverNo, 'ERR_099' AS errorCode, '첨부 이미지 용량 초과 (300KB 제한)' AS failReason FROM DUAL
2026-06-04 09:44:20.137 [http-nio-8080-exec-8] DEBUG c.e.s.m.D.selectRecentFailLogs - ==> Parameters: 
2026-06-04 09:44:20.137 [http-nio-8080-exec-8] INFO  jdbc.sqlonly - SELECT '2026-06-01 13:42:11' AS failDate, 'SMS' AS sendType, '010-****-1234' AS receiverNo, 'ERR_001' AS errorCode, '결번 / 없는 번호 (통신사 반환)' AS failReason FROM DUAL UNION ALL
        SELECT '2026-06-01 13:10:05' AS failDate, 'LMS' AS sendType, '010-****-5678' AS receiverNo, 'ERR_042' AS errorCode, '수신자 단말기 전원 꺼짐 (TimeOut)' AS failReason FROM DUAL UNION ALL
        SELECT '2026-06-01 12:55:30' AS failDate, 'ALIMTALK' AS sendType, '010-****-9999' AS receiverNo, 'ERR_K01' AS errorCode, '카카오톡 채널 차단 고객' AS failReason FROM DUAL UNION ALL
        SELECT '2026-06-01 11:20:44' AS failDate, 'SMS' AS sendType, '010-****-1111' AS receiverNo, 'ERR_003' AS errorCode, '통신사 스팸 필터링 차단' AS failReason FROM DUAL UNION ALL
        SELECT '2026-06-01 09:05:12' AS failDate, 'MMS' AS sendType, '010-****-2222' AS receiverNo, 'ERR_099' AS errorCode, '첨부 이미지 용량 초과 (300KB 제한)' AS failReason FROM DUAL

2026-06-04 09:44:20.140 [http-nio-8080-exec-8] DEBUG c.e.s.m.D.selectRecentFailLogs - <==      Total: 5
2026-06-04 09:44:21.735 [http-nio-8080-exec-3] DEBUG c.e.s.m.MenuMapper.countAuthForUrl - ==>  Preparing: SELECT COUNT(1) FROM TB_MENU A INNER JOIN TB_MENU_AUTH B ON A.MENU_CD = B.MENU_CD WHERE A.USE_YN = 'Y' AND A.MENU_URL = ? AND B.AUTH_CD = ?
2026-06-04 09:44:21.736 [http-nio-8080-exec-3] DEBUG c.e.s.m.MenuMapper.countAuthForUrl - ==> Parameters: /basic/currency(String), ROLE_ADMIN(String)
2026-06-04 09:44:21.736 [http-nio-8080-exec-3] INFO  jdbc.sqlonly - SELECT COUNT(1)
        FROM TB_MENU A
        INNER JOIN TB_MENU_AUTH B ON A.MENU_CD = B.MENU_CD
        WHERE A.USE_YN = 'Y'
          AND A.MENU_URL = '/basic/currency'
          AND B.AUTH_CD = 'ROLE_ADMIN'

2026-06-04 09:44:21.764 [http-nio-8080-exec-3] DEBUG c.e.s.m.MenuMapper.countAuthForUrl - <==      Total: 1
2026-06-04 09:44:21.978 [http-nio-8080-exec-8] DEBUG c.e.s.m.MenuMapper.countAuthForUrl - ==>  Preparing: SELECT COUNT(1) FROM TB_MENU A INNER JOIN TB_MENU_AUTH B ON A.MENU_CD = B.MENU_CD WHERE A.USE_YN = 'Y' AND A.MENU_URL = ? AND B.AUTH_CD = ?
2026-06-04 09:44:21.979 [http-nio-8080-exec-8] DEBUG c.e.s.m.MenuMapper.countAuthForUrl - ==> Parameters: /basic/currency(String), ROLE_ADMIN(String)
2026-06-04 09:44:21.979 [http-nio-8080-exec-8] INFO  jdbc.sqlonly - SELECT COUNT(1)
        FROM TB_MENU A
        INNER JOIN TB_MENU_AUTH B ON A.MENU_CD = B.MENU_CD
        WHERE A.USE_YN = 'Y'
          AND A.MENU_URL = '/basic/currency'
          AND B.AUTH_CD = 'ROLE_ADMIN'

2026-06-04 09:44:21.982 [http-nio-8080-exec-8] DEBUG c.e.s.m.MenuMapper.countAuthForUrl - <==      Total: 1
2026-06-04 09:44:22.145 [http-nio-8080-exec-10] DEBUG c.e.s.m.C.selectBanksByKeyword - ==>  Preparing: SELECT BANK_CD AS code, BANK_NM AS name FROM TB_BANK WHERE USE_YN = 'Y' ORDER BY BANK_CD ASC
2026-06-04 09:44:22.145 [http-nio-8080-exec-8] DEBUG c.e.s.m.basic.CurrencyMapper.count - ==>  Preparing: SELECT COUNT(1) FROM TB_EXCHANGE_RATE R JOIN TB_CURRENCY C ON C.CURRENCY_CD = R.CURRENCY_CD JOIN TB_RATE_PROVIDER P ON P.PROVIDER_CD = R.PROVIDER_CD WHERE R.BASE_DT = ?
2026-06-04 09:44:22.145 [http-nio-8080-exec-10] DEBUG c.e.s.m.C.selectBanksByKeyword - ==> Parameters: 
2026-06-04 09:44:22.145 [http-nio-8080-exec-10] INFO  jdbc.sqlonly - SELECT BANK_CD AS code, BANK_NM AS name
        FROM TB_BANK
        WHERE USE_YN = 'Y'

        ORDER BY BANK_CD ASC

2026-06-04 09:44:22.145 [http-nio-8080-exec-8] DEBUG c.e.s.m.basic.CurrencyMapper.count - ==> Parameters: 20260604(String)
2026-06-04 09:44:22.145 [http-nio-8080-exec-8] INFO  jdbc.sqlonly - SELECT COUNT(1)
        FROM      TB_EXCHANGE_RATE R
        JOIN      TB_CURRENCY      C ON C.CURRENCY_CD = R.CURRENCY_CD
        JOIN      TB_RATE_PROVIDER P ON P.PROVIDER_CD = R.PROVIDER_CD

         WHERE  R.BASE_DT = '20260604'

2026-06-04 09:44:22.152 [http-nio-8080-exec-8] DEBUG c.e.s.m.basic.CurrencyMapper.count - <==      Total: 1
2026-06-04 09:44:22.153 [http-nio-8080-exec-8] DEBUG c.e.s.m.b.CurrencyMapper.selectList - ==>  Preparing: SELECT A.* FROM ( SELECT R.RATE_SEQ, R.BASE_DT, R.CURRENCY_CD, C.CURRENCY_NM, C.COUNTRY_NM, C.UNIT, R.PROVIDER_CD, P.PROVIDER_NM, R.BASE_RATE, R.CASH_BUY_RATE, R.CASH_SELL_RATE, R.SEND_RATE, R.RECV_RATE FROM TB_EXCHANGE_RATE R JOIN TB_CURRENCY C ON C.CURRENCY_CD = R.CURRENCY_CD JOIN TB_RATE_PROVIDER P ON P.PROVIDER_CD = R.PROVIDER_CD WHERE R.BASE_DT = ? ) A ORDER BY A.BASE_DT DESC, A.RATE_SEQ DESC OFFSET ? ROWS FETCH NEXT ? ROWS ONLY
2026-06-04 09:44:22.157 [http-nio-8080-exec-8] DEBUG c.e.s.m.b.CurrencyMapper.selectList - ==> Parameters: 20260604(String), 0(Integer), 10(Integer)
2026-06-04 09:44:22.157 [http-nio-8080-exec-8] INFO  jdbc.sqlonly - SELECT A.*
        FROM (
            SELECT  R.RATE_SEQ, R.BASE_DT, R.CURRENCY_CD, C.CURRENCY_NM, C.COUNTRY_NM,
                    C.UNIT, R.PROVIDER_CD, P.PROVIDER_NM,
                    R.BASE_RATE, R.CASH_BUY_RATE, R.CASH_SELL_RATE, R.SEND_RATE, R.RECV_RATE
            FROM      TB_EXCHANGE_RATE R
            JOIN      TB_CURRENCY      C ON C.CURRENCY_CD = R.CURRENCY_CD
            JOIN      TB_RATE_PROVIDER P ON P.PROVIDER_CD = R.PROVIDER_CD

         WHERE  R.BASE_DT = '20260604' 

        ) A
        ORDER BY A.BASE_DT DESC, A.RATE_SEQ DESC
        OFFSET 0 ROWS FETCH NEXT 10 ROWS ONLY

2026-06-04 09:44:22.160 [http-nio-8080-exec-10] DEBUG c.e.s.m.C.selectBanksByKeyword - <==      Total: 14
2026-06-04 09:44:22.167 [http-nio-8080-exec-8] DEBUG c.e.s.m.b.CurrencyMapper.selectList - <==      Total: 0
2026-06-04 09:44:23.151 [HikariPool-1 housekeeper] WARN  com.zaxxer.hikari.pool.HikariPool - HikariPool-1 - Thread starvation or clock leap detected (housekeeper delta=1m19s610ms274µs200ns).
2026-06-04 09:44:26.331 [http-nio-8080-exec-3] DEBUG c.e.s.m.MenuMapper.countAuthForUrl - ==>  Preparing: SELECT COUNT(1) FROM TB_MENU A INNER JOIN TB_MENU_AUTH B ON A.MENU_CD = B.MENU_CD WHERE A.USE_YN = 'Y' AND A.MENU_URL = ? AND B.AUTH_CD = ?
2026-06-04 09:44:26.331 [http-nio-8080-exec-3] DEBUG c.e.s.m.MenuMapper.countAuthForUrl - ==> Parameters: /basic/notice(String), ROLE_ADMIN(String)
2026-06-04 09:44:26.332 [http-nio-8080-exec-3] INFO  jdbc.sqlonly - SELECT COUNT(1)
        FROM TB_MENU A
        INNER JOIN TB_MENU_AUTH B ON A.MENU_CD = B.MENU_CD
        WHERE A.USE_YN = 'Y'
          AND A.MENU_URL = '/basic/notice'
          AND B.AUTH_CD = 'ROLE_ADMIN'

2026-06-04 09:44:26.334 [http-nio-8080-exec-3] DEBUG c.e.s.m.MenuMapper.countAuthForUrl - <==      Total: 1
2026-06-04 09:44:29.790 [http-nio-8080-exec-4] DEBUG c.e.s.m.MenuMapper.countAuthForUrl - ==>  Preparing: SELECT COUNT(1) FROM TB_MENU A INNER JOIN TB_MENU_AUTH B ON A.MENU_CD = B.MENU_CD WHERE A.USE_YN = 'Y' AND A.MENU_URL = ? AND B.AUTH_CD = ?
2026-06-04 09:44:29.790 [http-nio-8080-exec-4] DEBUG c.e.s.m.MenuMapper.countAuthForUrl - ==> Parameters: /basic/currency(String), ROLE_ADMIN(String)
2026-06-04 09:44:29.791 [http-nio-8080-exec-4] INFO  jdbc.sqlonly - SELECT COUNT(1)
        FROM TB_MENU A
        INNER JOIN TB_MENU_AUTH B ON A.MENU_CD = B.MENU_CD
        WHERE A.USE_YN = 'Y'
          AND A.MENU_URL = '/basic/currency'
          AND B.AUTH_CD = 'ROLE_ADMIN'

2026-06-04 09:44:29.794 [http-nio-8080-exec-4] DEBUG c.e.s.m.MenuMapper.countAuthForUrl - <==      Total: 1
2026-06-04 09:44:29.942 [http-nio-8080-exec-9] DEBUG c.e.s.m.C.selectBanksByKeyword - ==>  Preparing: SELECT BANK_CD AS code, BANK_NM AS name FROM TB_BANK WHERE USE_YN = 'Y' ORDER BY BANK_CD ASC
2026-06-04 09:44:29.942 [http-nio-8080-exec-9] DEBUG c.e.s.m.C.selectBanksByKeyword - ==> Parameters: 
2026-06-04 09:44:29.942 [http-nio-8080-exec-9] INFO  jdbc.sqlonly - SELECT BANK_CD AS code, BANK_NM AS name
        FROM TB_BANK
        WHERE USE_YN = 'Y'

        ORDER BY BANK_CD ASC

2026-06-04 09:44:29.947 [http-nio-8080-exec-9] DEBUG c.e.s.m.C.selectBanksByKeyword - <==      Total: 14
2026-06-04 09:44:29.950 [http-nio-8080-exec-5] DEBUG c.e.s.m.MenuMapper.countAuthForUrl - ==>  Preparing: SELECT COUNT(1) FROM TB_MENU A INNER JOIN TB_MENU_AUTH B ON A.MENU_CD = B.MENU_CD WHERE A.USE_YN = 'Y' AND A.MENU_URL = ? AND B.AUTH_CD = ?
2026-06-04 09:44:29.951 [http-nio-8080-exec-5] DEBUG c.e.s.m.MenuMapper.countAuthForUrl - ==> Parameters: /basic/currency(String), ROLE_ADMIN(String)
2026-06-04 09:44:29.951 [http-nio-8080-exec-5] INFO  jdbc.sqlonly - SELECT COUNT(1)
        FROM TB_MENU A
        INNER JOIN TB_MENU_AUTH B ON A.MENU_CD = B.MENU_CD
        WHERE A.USE_YN = 'Y'
          AND A.MENU_URL = '/basic/currency'
          AND B.AUTH_CD = 'ROLE_ADMIN'

2026-06-04 09:44:29.955 [http-nio-8080-exec-5] DEBUG c.e.s.m.MenuMapper.countAuthForUrl - <==      Total: 1
2026-06-04 09:44:29.956 [http-nio-8080-exec-5] DEBUG c.e.s.m.basic.CurrencyMapper.count - ==>  Preparing: SELECT COUNT(1) FROM TB_EXCHANGE_RATE R JOIN TB_CURRENCY C ON C.CURRENCY_CD = R.CURRENCY_CD JOIN TB_RATE_PROVIDER P ON P.PROVIDER_CD = R.PROVIDER_CD WHERE R.BASE_DT = ?
2026-06-04 09:44:29.957 [http-nio-8080-exec-5] DEBUG c.e.s.m.basic.CurrencyMapper.count - ==> Parameters: 20260604(String)
2026-06-04 09:44:29.957 [http-nio-8080-exec-5] INFO  jdbc.sqlonly - SELECT COUNT(1)
        FROM      TB_EXCHANGE_RATE R
        JOIN      TB_CURRENCY      C ON C.CURRENCY_CD = R.CURRENCY_CD
        JOIN      TB_RATE_PROVIDER P ON P.PROVIDER_CD = R.PROVIDER_CD

         WHERE  R.BASE_DT = '20260604'

2026-06-04 09:44:29.960 [http-nio-8080-exec-5] DEBUG c.e.s.m.basic.CurrencyMapper.count - <==      Total: 1
2026-06-04 09:44:29.961 [http-nio-8080-exec-5] DEBUG c.e.s.m.b.CurrencyMapper.selectList - ==>  Preparing: SELECT A.* FROM ( SELECT R.RATE_SEQ, R.BASE_DT, R.CURRENCY_CD, C.CURRENCY_NM, C.COUNTRY_NM, C.UNIT, R.PROVIDER_CD, P.PROVIDER_NM, R.BASE_RATE, R.CASH_BUY_RATE, R.CASH_SELL_RATE, R.SEND_RATE, R.RECV_RATE FROM TB_EXCHANGE_RATE R JOIN TB_CURRENCY C ON C.CURRENCY_CD = R.CURRENCY_CD JOIN TB_RATE_PROVIDER P ON P.PROVIDER_CD = R.PROVIDER_CD WHERE R.BASE_DT = ? ) A ORDER BY A.BASE_DT DESC, A.RATE_SEQ DESC OFFSET ? ROWS FETCH NEXT ? ROWS ONLY
2026-06-04 09:44:29.961 [http-nio-8080-exec-5] DEBUG c.e.s.m.b.CurrencyMapper.selectList - ==> Parameters: 20260604(String), 0(Integer), 10(Integer)
2026-06-04 09:44:29.961 [http-nio-8080-exec-5] INFO  jdbc.sqlonly - SELECT A.*
        FROM (
            SELECT  R.RATE_SEQ, R.BASE_DT, R.CURRENCY_CD, C.CURRENCY_NM, C.COUNTRY_NM,
                    C.UNIT, R.PROVIDER_CD, P.PROVIDER_NM,
                    R.BASE_RATE, R.CASH_BUY_RATE, R.CASH_SELL_RATE, R.SEND_RATE, R.RECV_RATE
            FROM      TB_EXCHANGE_RATE R
            JOIN      TB_CURRENCY      C ON C.CURRENCY_CD = R.CURRENCY_CD
            JOIN      TB_RATE_PROVIDER P ON P.PROVIDER_CD = R.PROVIDER_CD

         WHERE  R.BASE_DT = '20260604' 

        ) A
        ORDER BY A.BASE_DT DESC, A.RATE_SEQ DESC
        OFFSET 0 ROWS FETCH NEXT 10 ROWS ONLY

2026-06-04 09:44:29.965 [http-nio-8080-exec-5] DEBUG c.e.s.m.b.CurrencyMapper.selectList - <==      Total: 0
2026-06-04 09:44:32.409 [http-nio-8080-exec-10] DEBUG c.e.s.m.MenuMapper.countAuthForUrl - ==>  Preparing: SELECT COUNT(1) FROM TB_MENU A INNER JOIN TB_MENU_AUTH B ON A.MENU_CD = B.MENU_CD WHERE A.USE_YN = 'Y' AND A.MENU_URL = ? AND B.AUTH_CD = ?
2026-06-04 09:44:32.410 [http-nio-8080-exec-10] DEBUG c.e.s.m.MenuMapper.countAuthForUrl - ==> Parameters: /sms/history(String), ROLE_ADMIN(String)
2026-06-04 09:44:32.410 [http-nio-8080-exec-10] INFO  jdbc.sqlonly - SELECT COUNT(1)
        FROM TB_MENU A
        INNER JOIN TB_MENU_AUTH B ON A.MENU_CD = B.MENU_CD
        WHERE A.USE_YN = 'Y'
          AND A.MENU_URL = '/sms/history'
          AND B.AUTH_CD = 'ROLE_ADMIN'

2026-06-04 09:44:32.412 [http-nio-8080-exec-10] DEBUG c.e.s.m.MenuMapper.countAuthForUrl - <==      Total: 1
2026-06-04 09:44:32.579 [http-nio-8080-exec-2] DEBUG c.e.s.m.C.selectActiveDepartments - ==>  Preparing: SELECT DEPT_ID AS code, DEPT_NM AS name FROM TB_DEPT ORDER BY DEPT_NM ASC
2026-06-04 09:44:32.579 [http-nio-8080-exec-2] DEBUG c.e.s.m.C.selectActiveDepartments - ==> Parameters: 
2026-06-04 09:44:32.579 [http-nio-8080-exec-2] INFO  jdbc.sqlonly - SELECT DEPT_ID AS code, DEPT_NM AS name
        FROM TB_DEPT
        ORDER BY DEPT_NM ASC

2026-06-04 09:44:32.584 [http-nio-8080-exec-2] DEBUG c.e.s.m.C.selectActiveDepartments - <==      Total: 3
2026-06-04 09:44:32.585 [http-nio-8080-exec-6] DEBUG c.e.s.m.MenuMapper.countAuthForUrl - ==>  Preparing: SELECT COUNT(1) FROM TB_MENU A INNER JOIN TB_MENU_AUTH B ON A.MENU_CD = B.MENU_CD WHERE A.USE_YN = 'Y' AND A.MENU_URL = ? AND B.AUTH_CD = ?
2026-06-04 09:44:32.585 [http-nio-8080-exec-6] DEBUG c.e.s.m.MenuMapper.countAuthForUrl - ==> Parameters: /sms/history(String), ROLE_ADMIN(String)
2026-06-04 09:44:32.585 [http-nio-8080-exec-6] INFO  jdbc.sqlonly - SELECT COUNT(1)
        FROM TB_MENU A
        INNER JOIN TB_MENU_AUTH B ON A.MENU_CD = B.MENU_CD
        WHERE A.USE_YN = 'Y'
          AND A.MENU_URL = '/sms/history'
          AND B.AUTH_CD = 'ROLE_ADMIN'

2026-06-04 09:44:32.587 [http-nio-8080-exec-6] DEBUG c.e.s.m.MenuMapper.countAuthForUrl - <==      Total: 1
2026-06-04 09:44:32.624 [http-nio-8080-exec-6] DEBUG c.e.s.m.P.insertAuditLog - ==>  Preparing: INSERT INTO TB_PRIVACY_AUDIT_LOG ( executor_id, executor_ip, request_url, action_type, target_data ) VALUES ( ?, ?, ?, ?, ? )
2026-06-04 09:44:32.625 [http-nio-8080-exec-6] DEBUG c.e.s.m.P.insertAuditLog - ==> Parameters: admin(String), 0:0:0:0:0:0:0:1(String), /sms/history/data(String), SMS 발송내역 조회 (수신번호·메세지 포함)(String), [{"page":1,"size":10,"keyword":null,"searchType":null,"startDateTime":"","endDateTime":"","sendStatus":"","receiverNo":"","sendType":"","offset":0}](String)
2026-06-04 09:44:32.625 [http-nio-8080-exec-6] INFO  jdbc.sqlonly - INSERT INTO TB_PRIVACY_AUDIT_LOG (
            executor_id,
            executor_ip,
            request_url,
            action_type,
            target_data
        ) VALUES (
            'admin',
            '0:0:0:0:0:0:0:1',
            '/sms/history/data',
            'SMS 발송내역 조회 (수신번호·메세지 포함)',
            '[{"page":1,"size":10,"keyword":null,"searchType":null,"startDateTime":"","endDateTime":"","sendStatus":"","receiverNo":"","sendType":"","offset":0}]'
        )

2026-06-04 09:44:32.642 [http-nio-8080-exec-6] DEBUG c.e.s.m.P.insertAuditLog - <==    Updates: 1
2026-06-04 09:44:32.644 [http-nio-8080-exec-6] DEBUG c.e.s.m.sms.SmsHistoryMapper.count - ==>  Preparing: SELECT COUNT(1) FROM SMS_HISTORY
2026-06-04 09:44:32.644 [http-nio-8080-exec-6] DEBUG c.e.s.m.sms.SmsHistoryMapper.count - ==> Parameters: 
2026-06-04 09:44:32.644 [http-nio-8080-exec-6] INFO  jdbc.sqlonly - SELECT COUNT(1) FROM SMS_HISTORY

2026-06-04 09:44:32.655 [http-nio-8080-exec-6] DEBUG c.e.s.m.sms.SmsHistoryMapper.count - <==      Total: 1
2026-06-04 09:44:32.655 [http-nio-8080-exec-6] DEBUG c.e.s.m.s.S.selectList - ==>  Preparing: SELECT h.ID, h.CAMPAIGN_NAME, h.SEND_TYPE, h.SENDER_NO, h.RECEIVER_NO, h.MESSAGE, h.SEND_STATUS, h.RESEND_YN, h.RESULT_CODE, h.RESULT_MESSAGE, (SELECT sl.TELECOM FROM SMS_SEND_LOG sl WHERE sl.RECEIVER_NO = h.RECEIVER_NO AND ROWNUM = 1) AS telecom, h.RESERVED_AT, h.SENT_AT, h.CREATED_AT, h.UPDATED_AT FROM SMS_HISTORY h ORDER BY h.SENT_AT DESC, h.ID DESC OFFSET ? ROWS FETCH NEXT ? ROWS ONLY
2026-06-04 09:44:32.656 [http-nio-8080-exec-6] DEBUG c.e.s.m.s.S.selectList - ==> Parameters: 0(Integer), 10(Integer)
2026-06-04 09:44:32.656 [http-nio-8080-exec-6] INFO  jdbc.sqlonly - SELECT
            h.ID, h.CAMPAIGN_NAME, h.SEND_TYPE, h.SENDER_NO, h.RECEIVER_NO,
            h.MESSAGE, h.SEND_STATUS, h.RESEND_YN, h.RESULT_CODE, h.RESULT_MESSAGE,
            (SELECT sl.TELECOM FROM SMS_SEND_LOG sl
             WHERE sl.RECEIVER_NO = h.RECEIVER_NO AND ROWNUM = 1) AS telecom,
            h.RESERVED_AT, h.SENT_AT, h.CREATED_AT, h.UPDATED_AT
        FROM SMS_HISTORY h

        ORDER BY h.SENT_AT DESC, h.ID DESC
        OFFSET 0 ROWS FETCH NEXT 10 ROWS ONLY

2026-06-04 09:44:32.711 [http-nio-8080-exec-6] DEBUG c.e.s.m.s.S.selectList - <==      Total: 10
2026-06-04 10:01:11.380 [http-nio-8080-exec-8] DEBUG c.e.s.m.MenuMapper.countAuthForUrl - ==>  Preparing: SELECT COUNT(1) FROM TB_MENU A INNER JOIN TB_MENU_AUTH B ON A.MENU_CD = B.MENU_CD WHERE A.USE_YN = 'Y' AND A.MENU_URL = ? AND B.AUTH_CD = ?
2026-06-04 10:01:11.382 [http-nio-8080-exec-8] DEBUG c.e.s.m.MenuMapper.countAuthForUrl - ==> Parameters: /approval(String), ROLE_ADMIN(String)
2026-06-04 10:01:11.382 [http-nio-8080-exec-8] INFO  jdbc.sqlonly - SELECT COUNT(1)
        FROM TB_MENU A
        INNER JOIN TB_MENU_AUTH B ON A.MENU_CD = B.MENU_CD
        WHERE A.USE_YN = 'Y'
          AND A.MENU_URL = '/approval'
          AND B.AUTH_CD = 'ROLE_ADMIN'

2026-06-04 10:01:11.387 [http-nio-8080-exec-8] DEBUG c.e.s.m.MenuMapper.countAuthForUrl - <==      Total: 1
2026-06-04 10:01:12.458 [http-nio-8080-exec-7] DEBUG c.e.s.m.MenuMapper.countAuthForUrl - ==>  Preparing: SELECT COUNT(1) FROM TB_MENU A INNER JOIN TB_MENU_AUTH B ON A.MENU_CD = B.MENU_CD WHERE A.USE_YN = 'Y' AND A.MENU_URL = ? AND B.AUTH_CD = ?
2026-06-04 10:01:12.459 [http-nio-8080-exec-7] DEBUG c.e.s.m.MenuMapper.countAuthForUrl - ==> Parameters: /approval(String), ROLE_ADMIN(String)
2026-06-04 10:01:12.459 [http-nio-8080-exec-7] INFO  jdbc.sqlonly - SELECT COUNT(1)
        FROM TB_MENU A
        INNER JOIN TB_MENU_AUTH B ON A.MENU_CD = B.MENU_CD
        WHERE A.USE_YN = 'Y'
          AND A.MENU_URL = '/approval'
          AND B.AUTH_CD = 'ROLE_ADMIN'

2026-06-04 10:01:12.463 [http-nio-8080-exec-7] DEBUG c.e.s.m.MenuMapper.countAuthForUrl - <==      Total: 1
2026-06-04 10:01:12.481 [http-nio-8080-exec-7] DEBUG c.e.s.m.A.selectApprovalListCount - ==>  Preparing: SELECT COUNT(1) FROM TB_APPROVAL A WHERE A.REQ_DT >= TO_DATE(? || ' 00:00:00', 'YYYY-MM-DD HH24:MI:SS') AND A.REQ_DT <= TO_DATE(? || ' 23:59:59', 'YYYY-MM-DD HH24:MI:SS')
2026-06-04 10:01:12.482 [http-nio-8080-exec-7] DEBUG c.e.s.m.A.selectApprovalListCount - ==> Parameters: 20260604(String), 20260604(String)
2026-06-04 10:01:12.482 [http-nio-8080-exec-7] INFO  jdbc.sqlonly - SELECT COUNT(1)
        FROM TB_APPROVAL A

         WHERE  A.REQ_DT >= TO_DATE('20260604' || ' 00:00:00', 'YYYY-MM-DD HH24:MI:SS')

                AND A.REQ_DT <= TO_DATE('20260604' || ' 23:59:59', 'YYYY-MM-DD HH24:MI:SS')

2026-06-04 10:01:12.527 [http-nio-8080-exec-7] DEBUG c.e.s.m.A.selectApprovalListCount - <==      Total: 1
2026-06-04 10:01:31.846 [http-nio-8080-exec-1] DEBUG c.e.s.m.MenuMapper.countAuthForUrl - ==>  Preparing: SELECT COUNT(1) FROM TB_MENU A INNER JOIN TB_MENU_AUTH B ON A.MENU_CD = B.MENU_CD WHERE A.USE_YN = 'Y' AND A.MENU_URL = ? AND B.AUTH_CD = ?
2026-06-04 10:01:31.846 [http-nio-8080-exec-1] DEBUG c.e.s.m.MenuMapper.countAuthForUrl - ==> Parameters: /approval(String), ROLE_ADMIN(String)
2026-06-04 10:01:31.846 [http-nio-8080-exec-1] INFO  jdbc.sqlonly - SELECT COUNT(1)
        FROM TB_MENU A
        INNER JOIN TB_MENU_AUTH B ON A.MENU_CD = B.MENU_CD
        WHERE A.USE_YN = 'Y'
          AND A.MENU_URL = '/approval'
          AND B.AUTH_CD = 'ROLE_ADMIN'

2026-06-04 10:01:31.849 [http-nio-8080-exec-1] DEBUG c.e.s.m.MenuMapper.countAuthForUrl - <==      Total: 1
2026-06-04 10:01:31.850 [http-nio-8080-exec-1] DEBUG c.e.s.m.A.selectApprovalListCount - ==>  Preparing: SELECT COUNT(1) FROM TB_APPROVAL A WHERE A.REQ_DT >= TO_DATE(? || ' 00:00:00', 'YYYY-MM-DD HH24:MI:SS') AND A.REQ_DT <= TO_DATE(? || ' 23:59:59', 'YYYY-MM-DD HH24:MI:SS')
2026-06-04 10:01:31.850 [http-nio-8080-exec-1] DEBUG c.e.s.m.A.selectApprovalListCount - ==> Parameters: 20260501(String), 20260604(String)
2026-06-04 10:01:31.850 [http-nio-8080-exec-1] INFO  jdbc.sqlonly - SELECT COUNT(1)
        FROM TB_APPROVAL A

         WHERE  A.REQ_DT >= TO_DATE('20260501' || ' 00:00:00', 'YYYY-MM-DD HH24:MI:SS')

                AND A.REQ_DT <= TO_DATE('20260604' || ' 23:59:59', 'YYYY-MM-DD HH24:MI:SS')

2026-06-04 10:01:31.853 [http-nio-8080-exec-1] DEBUG c.e.s.m.A.selectApprovalListCount - <==      Total: 1
2026-06-04 10:01:31.854 [http-nio-8080-exec-1] DEBUG c.e.s.m.A.selectApprovalList - ==>  Preparing: SELECT A.APRV_ID, A.APRV_TYPE, A.APRV_STATUS, A.REF_TABLE, A.REF_PK, A.REQ_TITLE, A.REQ_USER_ID, A.REQ_DT, A.APRV_USER_ID, A.APRV_DT FROM TB_APPROVAL A WHERE A.REQ_DT >= TO_DATE(? || ' 00:00:00', 'YYYY-MM-DD HH24:MI:SS') AND A.REQ_DT <= TO_DATE(? || ' 23:59:59', 'YYYY-MM-DD HH24:MI:SS') ORDER BY A.REQ_DT DESC OFFSET ? ROWS FETCH NEXT ? ROWS ONLY
2026-06-04 10:01:31.854 [http-nio-8080-exec-1] DEBUG c.e.s.m.A.selectApprovalList - ==> Parameters: 20260501(String), 20260604(String), 0(Integer), 10(Integer)
2026-06-04 10:01:31.855 [http-nio-8080-exec-1] INFO  jdbc.sqlonly - SELECT 
            A.APRV_ID,
            A.APRV_TYPE,
            A.APRV_STATUS,
            A.REF_TABLE,
            A.REF_PK,
            A.REQ_TITLE,
            A.REQ_USER_ID,
            A.REQ_DT,
            A.APRV_USER_ID,
            A.APRV_DT
        FROM TB_APPROVAL A

         WHERE  A.REQ_DT >= TO_DATE('20260501' || ' 00:00:00', 'YYYY-MM-DD HH24:MI:SS')

                AND A.REQ_DT <= TO_DATE('20260604' || ' 23:59:59', 'YYYY-MM-DD HH24:MI:SS') 

        ORDER BY A.REQ_DT DESC
        OFFSET 0 ROWS FETCH NEXT 10 ROWS ONLY

2026-06-04 10:01:31.872 [http-nio-8080-exec-1] DEBUG c.e.s.m.A.selectApprovalList - <==      Total: 10
2026-06-04 10:02:30.621 [http-nio-8080-exec-6] DEBUG c.e.s.m.MenuMapper.countAuthForUrl - ==>  Preparing: SELECT COUNT(1) FROM TB_MENU A INNER JOIN TB_MENU_AUTH B ON A.MENU_CD = B.MENU_CD WHERE A.USE_YN = 'Y' AND A.MENU_URL = ? AND B.AUTH_CD = ?
2026-06-04 10:02:30.621 [http-nio-8080-exec-6] DEBUG c.e.s.m.MenuMapper.countAuthForUrl - ==> Parameters: /campaign/target-manage(String), ROLE_ADMIN(String)
2026-06-04 10:02:30.621 [http-nio-8080-exec-6] INFO  jdbc.sqlonly - SELECT COUNT(1)
        FROM TB_MENU A
        INNER JOIN TB_MENU_AUTH B ON A.MENU_CD = B.MENU_CD
        WHERE A.USE_YN = 'Y'
          AND A.MENU_URL = '/campaign/target-manage'
          AND B.AUTH_CD = 'ROLE_ADMIN'

2026-06-04 10:02:30.624 [http-nio-8080-exec-6] DEBUG c.e.s.m.MenuMapper.countAuthForUrl - <==      Total: 1
2026-06-04 10:02:30.935 [http-nio-8080-exec-1] DEBUG c.e.s.m.MenuMapper.countAuthForUrl - ==>  Preparing: SELECT COUNT(1) FROM TB_MENU A INNER JOIN TB_MENU_AUTH B ON A.MENU_CD = B.MENU_CD WHERE A.USE_YN = 'Y' AND A.MENU_URL = ? AND B.AUTH_CD = ?
2026-06-04 10:02:30.936 [http-nio-8080-exec-1] DEBUG c.e.s.m.MenuMapper.countAuthForUrl - ==> Parameters: /campaign/target-manage(String), ROLE_ADMIN(String)
2026-06-04 10:02:30.936 [http-nio-8080-exec-1] INFO  jdbc.sqlonly - SELECT COUNT(1)
        FROM TB_MENU A
        INNER JOIN TB_MENU_AUTH B ON A.MENU_CD = B.MENU_CD
        WHERE A.USE_YN = 'Y'
          AND A.MENU_URL = '/campaign/target-manage'
          AND B.AUTH_CD = 'ROLE_ADMIN'

2026-06-04 10:02:30.939 [http-nio-8080-exec-1] DEBUG c.e.s.m.MenuMapper.countAuthForUrl - <==      Total: 1
2026-06-04 10:02:30.943 [http-nio-8080-exec-1] DEBUG c.e.s.m.s.C.selectList - ==>  Preparing: SELECT CAMPAIGN_ID AS campaignId, CAMPAIGN_NAME AS campaignName, REG_DT AS regDt, REG_ID AS regId, TARGET_COUNT AS targetCount, (SELECT COUNT(1) FROM SMS_HISTORY h WHERE h.CAMPAIGN_NAME = c.CAMPAIGN_NAME) AS sendCount, STATUS AS status, APRV_USER AS aprvUser FROM CAMPAIGN c ORDER BY REG_DT DESC, CAMPAIGN_ID DESC OFFSET ? ROWS FETCH NEXT ? ROWS ONLY
2026-06-04 10:02:30.943 [http-nio-8080-exec-1] DEBUG c.e.s.m.s.C.selectList - ==> Parameters: 0(Integer), 10(Integer)
2026-06-04 10:02:30.943 [http-nio-8080-exec-1] INFO  jdbc.sqlonly - SELECT
            CAMPAIGN_ID   AS campaignId,
            CAMPAIGN_NAME AS campaignName,
            REG_DT        AS regDt,
            REG_ID        AS regId,
            TARGET_COUNT  AS targetCount,
            (SELECT COUNT(1) FROM SMS_HISTORY h WHERE h.CAMPAIGN_NAME = c.CAMPAIGN_NAME) AS sendCount,
            STATUS        AS status,
            APRV_USER     AS aprvUser
        FROM CAMPAIGN c
        ORDER BY REG_DT DESC, CAMPAIGN_ID DESC
        OFFSET 0 ROWS FETCH NEXT 10 ROWS ONLY

2026-06-04 10:02:31.019 [http-nio-8080-exec-1] DEBUG c.e.s.m.s.C.selectList - <==      Total: 10
2026-06-04 10:02:31.019 [http-nio-8080-exec-1] DEBUG c.e.s.m.s.CampaignTargetMapper.count - ==>  Preparing: SELECT COUNT(1) FROM CAMPAIGN
2026-06-04 10:02:31.020 [http-nio-8080-exec-1] DEBUG c.e.s.m.s.CampaignTargetMapper.count - ==> Parameters: 
2026-06-04 10:02:31.020 [http-nio-8080-exec-1] INFO  jdbc.sqlonly - SELECT COUNT(1) FROM CAMPAIGN

2026-06-04 10:02:31.024 [http-nio-8080-exec-1] DEBUG c.e.s.m.s.CampaignTargetMapper.count - <==      Total: 1
2026-06-04 10:02:31.154 [http-nio-8080-exec-5] DEBUG c.e.s.m.MenuMapper.countAuthForUrl - ==>  Preparing: SELECT COUNT(1) FROM TB_MENU A INNER JOIN TB_MENU_AUTH B ON A.MENU_CD = B.MENU_CD WHERE A.USE_YN = 'Y' AND A.MENU_URL = ? AND B.AUTH_CD = ?
2026-06-04 10:02:31.154 [http-nio-8080-exec-5] DEBUG c.e.s.m.MenuMapper.countAuthForUrl - ==> Parameters: /campaign/target-manage(String), ROLE_ADMIN(String)
2026-06-04 10:02:31.154 [http-nio-8080-exec-5] INFO  jdbc.sqlonly - SELECT COUNT(1)
        FROM TB_MENU A
        INNER JOIN TB_MENU_AUTH B ON A.MENU_CD = B.MENU_CD
        WHERE A.USE_YN = 'Y'
          AND A.MENU_URL = '/campaign/target-manage'
          AND B.AUTH_CD = 'ROLE_ADMIN'

2026-06-04 10:02:31.157 [http-nio-8080-exec-5] DEBUG c.e.s.m.MenuMapper.countAuthForUrl - <==      Total: 1
2026-06-04 10:02:31.300 [http-nio-8080-exec-9] DEBUG c.e.s.m.MenuMapper.countAuthForUrl - ==>  Preparing: SELECT COUNT(1) FROM TB_MENU A INNER JOIN TB_MENU_AUTH B ON A.MENU_CD = B.MENU_CD WHERE A.USE_YN = 'Y' AND A.MENU_URL = ? AND B.AUTH_CD = ?
2026-06-04 10:02:31.300 [http-nio-8080-exec-9] DEBUG c.e.s.m.MenuMapper.countAuthForUrl - ==> Parameters: /campaign/target-manage(String), ROLE_ADMIN(String)
2026-06-04 10:02:31.300 [http-nio-8080-exec-9] INFO  jdbc.sqlonly - SELECT COUNT(1)
        FROM TB_MENU A
        INNER JOIN TB_MENU_AUTH B ON A.MENU_CD = B.MENU_CD
        WHERE A.USE_YN = 'Y'
          AND A.MENU_URL = '/campaign/target-manage'
          AND B.AUTH_CD = 'ROLE_ADMIN'

2026-06-04 10:02:31.303 [http-nio-8080-exec-9] DEBUG c.e.s.m.MenuMapper.countAuthForUrl - <==      Total: 1
2026-06-04 10:02:31.304 [http-nio-8080-exec-9] DEBUG c.e.s.m.s.C.selectList - ==>  Preparing: SELECT CAMPAIGN_ID AS campaignId, CAMPAIGN_NAME AS campaignName, REG_DT AS regDt, REG_ID AS regId, TARGET_COUNT AS targetCount, (SELECT COUNT(1) FROM SMS_HISTORY h WHERE h.CAMPAIGN_NAME = c.CAMPAIGN_NAME) AS sendCount, STATUS AS status, APRV_USER AS aprvUser FROM CAMPAIGN c ORDER BY REG_DT DESC, CAMPAIGN_ID DESC OFFSET ? ROWS FETCH NEXT ? ROWS ONLY
2026-06-04 10:02:31.305 [http-nio-8080-exec-9] DEBUG c.e.s.m.s.C.selectList - ==> Parameters: 0(Integer), 10(Integer)
2026-06-04 10:02:31.305 [http-nio-8080-exec-9] INFO  jdbc.sqlonly - SELECT
            CAMPAIGN_ID   AS campaignId,
            CAMPAIGN_NAME AS campaignName,
            REG_DT        AS regDt,
            REG_ID        AS regId,
            TARGET_COUNT  AS targetCount,
            (SELECT COUNT(1) FROM SMS_HISTORY h WHERE h.CAMPAIGN_NAME = c.CAMPAIGN_NAME) AS sendCount,
            STATUS        AS status,
            APRV_USER     AS aprvUser
        FROM CAMPAIGN c
        ORDER BY REG_DT DESC, CAMPAIGN_ID DESC
        OFFSET 0 ROWS FETCH NEXT 10 ROWS ONLY

2026-06-04 10:02:31.316 [http-nio-8080-exec-9] DEBUG c.e.s.m.s.C.selectList - <==      Total: 10
2026-06-04 10:02:31.316 [http-nio-8080-exec-9] DEBUG c.e.s.m.s.CampaignTargetMapper.count - ==>  Preparing: SELECT COUNT(1) FROM CAMPAIGN
2026-06-04 10:02:31.316 [http-nio-8080-exec-9] DEBUG c.e.s.m.s.CampaignTargetMapper.count - ==> Parameters: 
2026-06-04 10:02:31.316 [http-nio-8080-exec-9] INFO  jdbc.sqlonly - SELECT COUNT(1) FROM CAMPAIGN

2026-06-04 10:02:31.318 [http-nio-8080-exec-9] DEBUG c.e.s.m.s.CampaignTargetMapper.count - <==      Total: 1
2026-06-04 10:02:32.489 [http-nio-8080-exec-7] DEBUG c.e.s.m.MenuMapper.countAuthForUrl - ==>  Preparing: SELECT COUNT(1) FROM TB_MENU A INNER JOIN TB_MENU_AUTH B ON A.MENU_CD = B.MENU_CD WHERE A.USE_YN = 'Y' AND A.MENU_URL = ? AND B.AUTH_CD = ?
2026-06-04 10:02:32.490 [http-nio-8080-exec-7] DEBUG c.e.s.m.MenuMapper.countAuthForUrl - ==> Parameters: /approval(String), ROLE_ADMIN(String)
2026-06-04 10:02:32.490 [http-nio-8080-exec-7] INFO  jdbc.sqlonly - SELECT COUNT(1)
        FROM TB_MENU A
        INNER JOIN TB_MENU_AUTH B ON A.MENU_CD = B.MENU_CD
        WHERE A.USE_YN = 'Y'
          AND A.MENU_URL = '/approval'
          AND B.AUTH_CD = 'ROLE_ADMIN'

2026-06-04 10:02:32.493 [http-nio-8080-exec-7] DEBUG c.e.s.m.MenuMapper.countAuthForUrl - <==      Total: 1
2026-06-04 10:02:32.628 [http-nio-8080-exec-10] DEBUG c.e.s.m.MenuMapper.countAuthForUrl - ==>  Preparing: SELECT COUNT(1) FROM TB_MENU A INNER JOIN TB_MENU_AUTH B ON A.MENU_CD = B.MENU_CD WHERE A.USE_YN = 'Y' AND A.MENU_URL = ? AND B.AUTH_CD = ?
2026-06-04 10:02:32.628 [http-nio-8080-exec-10] DEBUG c.e.s.m.MenuMapper.countAuthForUrl - ==> Parameters: /approval(String), ROLE_ADMIN(String)
2026-06-04 10:02:32.628 [http-nio-8080-exec-10] INFO  jdbc.sqlonly - SELECT COUNT(1)
        FROM TB_MENU A
        INNER JOIN TB_MENU_AUTH B ON A.MENU_CD = B.MENU_CD
        WHERE A.USE_YN = 'Y'
          AND A.MENU_URL = '/approval'
          AND B.AUTH_CD = 'ROLE_ADMIN'

2026-06-04 10:02:32.631 [http-nio-8080-exec-10] DEBUG c.e.s.m.MenuMapper.countAuthForUrl - <==      Total: 1
2026-06-04 10:02:32.633 [http-nio-8080-exec-10] DEBUG c.e.s.m.A.selectApprovalListCount - ==>  Preparing: SELECT COUNT(1) FROM TB_APPROVAL A WHERE A.REQ_DT >= TO_DATE(? || ' 00:00:00', 'YYYY-MM-DD HH24:MI:SS') AND A.REQ_DT <= TO_DATE(? || ' 23:59:59', 'YYYY-MM-DD HH24:MI:SS')
2026-06-04 10:02:32.633 [http-nio-8080-exec-10] DEBUG c.e.s.m.A.selectApprovalListCount - ==> Parameters: 20260604(String), 20260604(String)
2026-06-04 10:02:32.633 [http-nio-8080-exec-10] INFO  jdbc.sqlonly - SELECT COUNT(1)
        FROM TB_APPROVAL A

         WHERE  A.REQ_DT >= TO_DATE('20260604' || ' 00:00:00', 'YYYY-MM-DD HH24:MI:SS')

                AND A.REQ_DT <= TO_DATE('20260604' || ' 23:59:59', 'YYYY-MM-DD HH24:MI:SS')

2026-06-04 10:02:32.636 [http-nio-8080-exec-10] DEBUG c.e.s.m.A.selectApprovalListCount - <==      Total: 1
2026-06-04 10:02:37.123 [http-nio-8080-exec-7] DEBUG c.e.s.m.MenuMapper.countAuthForUrl - ==>  Preparing: SELECT COUNT(1) FROM TB_MENU A INNER JOIN TB_MENU_AUTH B ON A.MENU_CD = B.MENU_CD WHERE A.USE_YN = 'Y' AND A.MENU_URL = ? AND B.AUTH_CD = ?
2026-06-04 10:02:37.124 [http-nio-8080-exec-7] DEBUG c.e.s.m.MenuMapper.countAuthForUrl - ==> Parameters: /campaign/target-manage(String), ROLE_ADMIN(String)
2026-06-04 10:02:37.124 [http-nio-8080-exec-7] INFO  jdbc.sqlonly - SELECT COUNT(1)
        FROM TB_MENU A
        INNER JOIN TB_MENU_AUTH B ON A.MENU_CD = B.MENU_CD
        WHERE A.USE_YN = 'Y'
          AND A.MENU_URL = '/campaign/target-manage'
          AND B.AUTH_CD = 'ROLE_ADMIN'

2026-06-04 10:02:37.141 [http-nio-8080-exec-7] DEBUG c.e.s.m.MenuMapper.countAuthForUrl - <==      Total: 1
2026-06-04 10:02:37.416 [http-nio-8080-exec-8] DEBUG c.e.s.m.MenuMapper.countAuthForUrl - ==>  Preparing: SELECT COUNT(1) FROM TB_MENU A INNER JOIN TB_MENU_AUTH B ON A.MENU_CD = B.MENU_CD WHERE A.USE_YN = 'Y' AND A.MENU_URL = ? AND B.AUTH_CD = ?
2026-06-04 10:02:37.417 [http-nio-8080-exec-8] DEBUG c.e.s.m.MenuMapper.countAuthForUrl - ==> Parameters: /campaign/target-manage(String), ROLE_ADMIN(String)
2026-06-04 10:02:37.418 [http-nio-8080-exec-8] INFO  jdbc.sqlonly - SELECT COUNT(1)
        FROM TB_MENU A
        INNER JOIN TB_MENU_AUTH B ON A.MENU_CD = B.MENU_CD
        WHERE A.USE_YN = 'Y'
          AND A.MENU_URL = '/campaign/target-manage'
          AND B.AUTH_CD = 'ROLE_ADMIN'

2026-06-04 10:02:37.421 [http-nio-8080-exec-8] DEBUG c.e.s.m.MenuMapper.countAuthForUrl - <==      Total: 1
2026-06-04 10:02:37.424 [http-nio-8080-exec-8] DEBUG c.e.s.m.s.C.selectList - ==>  Preparing: SELECT CAMPAIGN_ID AS campaignId, CAMPAIGN_NAME AS campaignName, REG_DT AS regDt, REG_ID AS regId, TARGET_COUNT AS targetCount, (SELECT COUNT(1) FROM SMS_HISTORY h WHERE h.CAMPAIGN_NAME = c.CAMPAIGN_NAME) AS sendCount, STATUS AS status, APRV_USER AS aprvUser FROM CAMPAIGN c ORDER BY REG_DT DESC, CAMPAIGN_ID DESC OFFSET ? ROWS FETCH NEXT ? ROWS ONLY
2026-06-04 10:02:37.424 [http-nio-8080-exec-8] DEBUG c.e.s.m.s.C.selectList - ==> Parameters: 0(Integer), 10(Integer)
2026-06-04 10:02:37.424 [http-nio-8080-exec-8] INFO  jdbc.sqlonly - SELECT
            CAMPAIGN_ID   AS campaignId,
            CAMPAIGN_NAME AS campaignName,
            REG_DT        AS regDt,
            REG_ID        AS regId,
            TARGET_COUNT  AS targetCount,
            (SELECT COUNT(1) FROM SMS_HISTORY h WHERE h.CAMPAIGN_NAME = c.CAMPAIGN_NAME) AS sendCount,
            STATUS        AS status,
            APRV_USER     AS aprvUser
        FROM CAMPAIGN c
        ORDER BY REG_DT DESC, CAMPAIGN_ID DESC
        OFFSET 0 ROWS FETCH NEXT 10 ROWS ONLY

2026-06-04 10:02:37.447 [http-nio-8080-exec-8] DEBUG c.e.s.m.s.C.selectList - <==      Total: 10
2026-06-04 10:02:37.448 [http-nio-8080-exec-8] DEBUG c.e.s.m.s.CampaignTargetMapper.count - ==>  Preparing: SELECT COUNT(1) FROM CAMPAIGN
2026-06-04 10:02:37.448 [http-nio-8080-exec-8] DEBUG c.e.s.m.s.CampaignTargetMapper.count - ==> Parameters: 
2026-06-04 10:02:37.448 [http-nio-8080-exec-8] INFO  jdbc.sqlonly - SELECT COUNT(1) FROM CAMPAIGN

2026-06-04 10:02:37.450 [http-nio-8080-exec-8] DEBUG c.e.s.m.s.CampaignTargetMapper.count - <==      Total: 1
2026-06-04 10:02:38.728 [http-nio-8080-exec-10] DEBUG c.e.s.m.MenuMapper.countAuthForUrl - ==>  Preparing: SELECT COUNT(1) FROM TB_MENU A INNER JOIN TB_MENU_AUTH B ON A.MENU_CD = B.MENU_CD WHERE A.USE_YN = 'Y' AND A.MENU_URL = ? AND B.AUTH_CD = ?
2026-06-04 10:02:38.729 [http-nio-8080-exec-10] DEBUG c.e.s.m.MenuMapper.countAuthForUrl - ==> Parameters: /campaign/sms/register(String), ROLE_ADMIN(String)
2026-06-04 10:02:38.729 [http-nio-8080-exec-10] INFO  jdbc.sqlonly - SELECT COUNT(1)
        FROM TB_MENU A
        INNER JOIN TB_MENU_AUTH B ON A.MENU_CD = B.MENU_CD
        WHERE A.USE_YN = 'Y'
          AND A.MENU_URL = '/campaign/sms/register'
          AND B.AUTH_CD = 'ROLE_ADMIN'

2026-06-04 10:02:38.731 [http-nio-8080-exec-10] DEBUG c.e.s.m.MenuMapper.countAuthForUrl - <==      Total: 1
2026-06-04 10:02:39.614 [http-nio-8080-exec-8] DEBUG c.e.s.m.MenuMapper.countAuthForUrl - ==>  Preparing: SELECT COUNT(1) FROM TB_MENU A INNER JOIN TB_MENU_AUTH B ON A.MENU_CD = B.MENU_CD WHERE A.USE_YN = 'Y' AND A.MENU_URL = ? AND B.AUTH_CD = ?
2026-06-04 10:02:39.615 [http-nio-8080-exec-8] DEBUG c.e.s.m.MenuMapper.countAuthForUrl - ==> Parameters: /campaign/lms/register(String), ROLE_ADMIN(String)
2026-06-04 10:02:39.615 [http-nio-8080-exec-8] INFO  jdbc.sqlonly - SELECT COUNT(1)
        FROM TB_MENU A
        INNER JOIN TB_MENU_AUTH B ON A.MENU_CD = B.MENU_CD
        WHERE A.USE_YN = 'Y'
          AND A.MENU_URL = '/campaign/lms/register'
          AND B.AUTH_CD = 'ROLE_ADMIN'

2026-06-04 10:02:39.617 [http-nio-8080-exec-8] DEBUG c.e.s.m.MenuMapper.countAuthForUrl - <==      Total: 1
2026-06-04 10:02:40.753 [http-nio-8080-exec-5] DEBUG c.e.s.m.MenuMapper.countAuthForUrl - ==>  Preparing: SELECT COUNT(1) FROM TB_MENU A INNER JOIN TB_MENU_AUTH B ON A.MENU_CD = B.MENU_CD WHERE A.USE_YN = 'Y' AND A.MENU_URL = ? AND B.AUTH_CD = ?
2026-06-04 10:02:40.754 [http-nio-8080-exec-5] DEBUG c.e.s.m.MenuMapper.countAuthForUrl - ==> Parameters: /campaign/alimtalk/approve(String), ROLE_ADMIN(String)
2026-06-04 10:02:40.754 [http-nio-8080-exec-5] INFO  jdbc.sqlonly - SELECT COUNT(1)
        FROM TB_MENU A
        INNER JOIN TB_MENU_AUTH B ON A.MENU_CD = B.MENU_CD
        WHERE A.USE_YN = 'Y'
          AND A.MENU_URL = '/campaign/alimtalk/approve'
          AND B.AUTH_CD = 'ROLE_ADMIN'

2026-06-04 10:02:40.756 [http-nio-8080-exec-5] DEBUG c.e.s.m.MenuMapper.countAuthForUrl - <==      Total: 1
2026-06-04 10:02:40.895 [http-nio-8080-exec-2] DEBUG c.e.s.m.MenuMapper.countAuthForUrl - ==>  Preparing: SELECT COUNT(1) FROM TB_MENU A INNER JOIN TB_MENU_AUTH B ON A.MENU_CD = B.MENU_CD WHERE A.USE_YN = 'Y' AND A.MENU_URL = ? AND B.AUTH_CD = ?
2026-06-04 10:02:40.895 [http-nio-8080-exec-2] DEBUG c.e.s.m.MenuMapper.countAuthForUrl - ==> Parameters: /campaign/alimtalk/pending(String), ROLE_ADMIN(String)
2026-06-04 10:02:40.897 [http-nio-8080-exec-2] INFO  jdbc.sqlonly - SELECT COUNT(1)
        FROM TB_MENU A
        INNER JOIN TB_MENU_AUTH B ON A.MENU_CD = B.MENU_CD
        WHERE A.USE_YN = 'Y'
          AND A.MENU_URL = '/campaign/alimtalk/pending'
          AND B.AUTH_CD = 'ROLE_ADMIN'

2026-06-04 10:02:40.899 [http-nio-8080-exec-2] DEBUG c.e.s.m.MenuMapper.countAuthForUrl - <==      Total: 1
2026-06-04 10:02:40.900 [http-nio-8080-exec-2] DEBUG c.e.s.m.MenuMapper.countAuthForUrl - ==>  Preparing: SELECT COUNT(1) FROM TB_MENU A INNER JOIN TB_MENU_AUTH B ON A.MENU_CD = B.MENU_CD WHERE A.USE_YN = 'Y' AND A.MENU_URL = ? AND B.AUTH_CD = ?
2026-06-04 10:02:40.900 [http-nio-8080-exec-2] DEBUG c.e.s.m.MenuMapper.countAuthForUrl - ==> Parameters: /campaign/alimtalk/approve(String), ROLE_ADMIN(String)
2026-06-04 10:02:40.900 [http-nio-8080-exec-2] INFO  jdbc.sqlonly - SELECT COUNT(1)
        FROM TB_MENU A
        INNER JOIN TB_MENU_AUTH B ON A.MENU_CD = B.MENU_CD
        WHERE A.USE_YN = 'Y'
          AND A.MENU_URL = '/campaign/alimtalk/approve'
          AND B.AUTH_CD = 'ROLE_ADMIN'

2026-06-04 10:02:40.902 [http-nio-8080-exec-2] DEBUG c.e.s.m.MenuMapper.countAuthForUrl - <==      Total: 1
2026-06-04 10:02:40.902 [http-nio-8080-exec-2] DEBUG c.e.sms.config.MenuAuthInterceptor - [보안 허용] 인가된 부모 화면(/campaign/alimtalk/approve)에서의 API 호출로 승인됨: /campaign/alimtalk/pending
2026-06-04 10:02:40.904 [http-nio-8080-exec-2] DEBUG c.e.s.m.s.C.selectPending - ==>  Preparing: SELECT CAMPAIGN_ID AS campaignId, CAMPAIGN_NAME AS campaignName, REG_DT AS regDt, REG_ID AS regId, TARGET_COUNT AS targetCount, STATUS AS status, APRV_USER AS aprvUser FROM CAMPAIGN WHERE STATUS = 'WAIT' AND SEND_TYPE = ? ORDER BY REG_DT DESC
2026-06-04 10:02:40.904 [http-nio-8080-exec-2] DEBUG c.e.s.m.s.C.selectPending - ==> Parameters: ALIMTALK(String)
2026-06-04 10:02:40.904 [http-nio-8080-exec-2] INFO  jdbc.sqlonly - SELECT
            CAMPAIGN_ID   AS campaignId,
            CAMPAIGN_NAME AS campaignName,
            REG_DT        AS regDt,
            REG_ID        AS regId,
            TARGET_COUNT  AS targetCount,
            STATUS        AS status,
            APRV_USER     AS aprvUser
        FROM CAMPAIGN
        WHERE STATUS    = 'WAIT'
        AND   SEND_TYPE = 'ALIMTALK'
        ORDER BY REG_DT DESC

2026-06-04 10:02:40.909 [http-nio-8080-exec-2] DEBUG c.e.s.m.s.C.selectPending - <==      Total: 0
2026-06-04 10:02:41.646 [http-nio-8080-exec-3] DEBUG c.e.s.m.MenuMapper.countAuthForUrl - ==>  Preparing: SELECT COUNT(1) FROM TB_MENU A INNER JOIN TB_MENU_AUTH B ON A.MENU_CD = B.MENU_CD WHERE A.USE_YN = 'Y' AND A.MENU_URL = ? AND B.AUTH_CD = ?
2026-06-04 10:02:41.646 [http-nio-8080-exec-3] DEBUG c.e.s.m.MenuMapper.countAuthForUrl - ==> Parameters: /sms/campaign(String), ROLE_ADMIN(String)
2026-06-04 10:02:41.646 [http-nio-8080-exec-3] INFO  jdbc.sqlonly - SELECT COUNT(1)
        FROM TB_MENU A
        INNER JOIN TB_MENU_AUTH B ON A.MENU_CD = B.MENU_CD
        WHERE A.USE_YN = 'Y'
          AND A.MENU_URL = '/sms/campaign'
          AND B.AUTH_CD = 'ROLE_ADMIN'

2026-06-04 10:02:41.649 [http-nio-8080-exec-3] DEBUG c.e.s.m.MenuMapper.countAuthForUrl - <==      Total: 1
2026-06-04 10:02:41.794 [http-nio-8080-exec-10] DEBUG c.e.s.m.MenuMapper.countAuthForUrl - ==>  Preparing: SELECT COUNT(1) FROM TB_MENU A INNER JOIN TB_MENU_AUTH B ON A.MENU_CD = B.MENU_CD WHERE A.USE_YN = 'Y' AND A.MENU_URL = ? AND B.AUTH_CD = ?
2026-06-04 10:02:41.794 [http-nio-8080-exec-10] DEBUG c.e.s.m.MenuMapper.countAuthForUrl - ==> Parameters: /sms/campaign(String), ROLE_ADMIN(String)
2026-06-04 10:02:41.794 [http-nio-8080-exec-10] INFO  jdbc.sqlonly - SELECT COUNT(1)
        FROM TB_MENU A
        INNER JOIN TB_MENU_AUTH B ON A.MENU_CD = B.MENU_CD
        WHERE A.USE_YN = 'Y'
          AND A.MENU_URL = '/sms/campaign'
          AND B.AUTH_CD = 'ROLE_ADMIN'

2026-06-04 10:02:41.796 [http-nio-8080-exec-10] DEBUG c.e.s.m.MenuMapper.countAuthForUrl - <==      Total: 1
2026-06-04 10:02:41.802 [http-nio-8080-exec-10] DEBUG c.e.s.m.s.C.count - ==>  Preparing: SELECT COUNT(1) FROM CAMPAIGN c WHERE c.SEND_TYPE = ? AND c.REG_DT >= TO_DATE(?, 'YYYY-MM-DD') AND c.REG_DT < TO_DATE(?, 'YYYY-MM-DD') + 1
2026-06-04 10:02:41.802 [http-nio-8080-exec-10] DEBUG c.e.s.m.s.C.count - ==> Parameters: SMS(String), 20260604(String), 20260604(String)
2026-06-04 10:02:41.802 [http-nio-8080-exec-10] INFO  jdbc.sqlonly - SELECT COUNT(1)
        FROM CAMPAIGN c

         WHERE  c.SEND_TYPE = 'SMS'

                AND c.REG_DT >= TO_DATE('20260604', 'YYYY-MM-DD')

                AND c.REG_DT < TO_DATE('20260604', 'YYYY-MM-DD') + 1

2026-06-04 10:02:41.816 [http-nio-8080-exec-10] DEBUG c.e.s.m.s.C.count - <==      Total: 1
2026-06-04 10:02:41.816 [http-nio-8080-exec-10] DEBUG c.e.s.m.s.C.selectList - ==>  Preparing: SELECT c.CAMPAIGN_ID AS campaignId, c.CAMPAIGN_NAME AS campaignName, NULL AS regId, c.REG_DT AS sentAt, NULL AS message, (SELECT COUNT(1) FROM SMS_HISTORY h WHERE h.CAMPAIGN_NAME = c.CAMPAIGN_NAME) AS sendCount, c.SEND_TYPE AS sendType, c.STATUS AS status FROM CAMPAIGN c WHERE c.SEND_TYPE = ? AND c.REG_DT >= TO_DATE(?, 'YYYY-MM-DD') AND c.REG_DT < TO_DATE(?, 'YYYY-MM-DD') + 1 ORDER BY c.REG_DT DESC, c.CAMPAIGN_ID DESC OFFSET ? ROWS FETCH NEXT ? ROWS ONLY
2026-06-04 10:02:41.817 [http-nio-8080-exec-10] DEBUG c.e.s.m.s.C.selectList - ==> Parameters: SMS(String), 20260604(String), 20260604(String), 0(Integer), 10(Integer)
2026-06-04 10:02:41.817 [http-nio-8080-exec-10] INFO  jdbc.sqlonly - SELECT
            c.CAMPAIGN_ID   AS campaignId,
            c.CAMPAIGN_NAME AS campaignName,
            NULL            AS regId,
            c.REG_DT        AS sentAt,
            NULL            AS message,
            (SELECT COUNT(1) FROM SMS_HISTORY h WHERE h.CAMPAIGN_NAME = c.CAMPAIGN_NAME) AS sendCount,
            c.SEND_TYPE     AS sendType,
            c.STATUS        AS status
        FROM CAMPAIGN c

         WHERE  c.SEND_TYPE = 'SMS'

                AND c.REG_DT >= TO_DATE('20260604', 'YYYY-MM-DD')

                AND c.REG_DT < TO_DATE('20260604', 'YYYY-MM-DD') + 1 

        ORDER BY c.REG_DT DESC, c.CAMPAIGN_ID DESC
        OFFSET 0 ROWS FETCH NEXT 10 ROWS ONLY

2026-06-04 10:02:41.827 [http-nio-8080-exec-10] DEBUG c.e.s.m.s.C.selectList - <==      Total: 0
2026-06-04 10:02:50.775 [http-nio-8080-exec-4] DEBUG c.e.s.m.MenuMapper.countAuthForUrl - ==>  Preparing: SELECT COUNT(1) FROM TB_MENU A INNER JOIN TB_MENU_AUTH B ON A.MENU_CD = B.MENU_CD WHERE A.USE_YN = 'Y' AND A.MENU_URL = ? AND B.AUTH_CD = ?
2026-06-04 10:02:50.776 [http-nio-8080-exec-4] DEBUG c.e.s.m.MenuMapper.countAuthForUrl - ==> Parameters: /sms/history(String), ROLE_ADMIN(String)
2026-06-04 10:02:50.776 [http-nio-8080-exec-4] INFO  jdbc.sqlonly - SELECT COUNT(1)
        FROM TB_MENU A
        INNER JOIN TB_MENU_AUTH B ON A.MENU_CD = B.MENU_CD
        WHERE A.USE_YN = 'Y'
          AND A.MENU_URL = '/sms/history'
          AND B.AUTH_CD = 'ROLE_ADMIN'

2026-06-04 10:02:50.778 [http-nio-8080-exec-4] DEBUG c.e.s.m.MenuMapper.countAuthForUrl - <==      Total: 1
2026-06-04 10:02:50.910 [http-nio-8080-exec-6] DEBUG c.e.s.m.C.selectActiveDepartments - ==>  Preparing: SELECT DEPT_ID AS code, DEPT_NM AS name FROM TB_DEPT ORDER BY DEPT_NM ASC
2026-06-04 10:02:50.910 [http-nio-8080-exec-6] DEBUG c.e.s.m.C.selectActiveDepartments - ==> Parameters: 
2026-06-04 10:02:50.910 [http-nio-8080-exec-6] INFO  jdbc.sqlonly - SELECT DEPT_ID AS code, DEPT_NM AS name
        FROM TB_DEPT
        ORDER BY DEPT_NM ASC

2026-06-04 10:02:50.913 [http-nio-8080-exec-6] DEBUG c.e.s.m.C.selectActiveDepartments - <==      Total: 3
2026-06-04 10:02:50.916 [http-nio-8080-exec-8] DEBUG c.e.s.m.MenuMapper.countAuthForUrl - ==>  Preparing: SELECT COUNT(1) FROM TB_MENU A INNER JOIN TB_MENU_AUTH B ON A.MENU_CD = B.MENU_CD WHERE A.USE_YN = 'Y' AND A.MENU_URL = ? AND B.AUTH_CD = ?
2026-06-04 10:02:50.917 [http-nio-8080-exec-8] DEBUG c.e.s.m.MenuMapper.countAuthForUrl - ==> Parameters: /sms/history(String), ROLE_ADMIN(String)
2026-06-04 10:02:50.917 [http-nio-8080-exec-8] INFO  jdbc.sqlonly - SELECT COUNT(1)
        FROM TB_MENU A
        INNER JOIN TB_MENU_AUTH B ON A.MENU_CD = B.MENU_CD
        WHERE A.USE_YN = 'Y'
          AND A.MENU_URL = '/sms/history'
          AND B.AUTH_CD = 'ROLE_ADMIN'

2026-06-04 10:02:50.919 [http-nio-8080-exec-8] DEBUG c.e.s.m.MenuMapper.countAuthForUrl - <==      Total: 1
2026-06-04 10:02:50.922 [http-nio-8080-exec-8] DEBUG c.e.s.m.P.insertAuditLog - ==>  Preparing: INSERT INTO TB_PRIVACY_AUDIT_LOG ( executor_id, executor_ip, request_url, action_type, target_data ) VALUES ( ?, ?, ?, ?, ? )
2026-06-04 10:02:50.922 [http-nio-8080-exec-8] DEBUG c.e.s.m.P.insertAuditLog - ==> Parameters: admin(String), 0:0:0:0:0:0:0:1(String), /sms/history/data(String), SMS 발송내역 조회 (수신번호·메세지 포함)(String), [{"page":1,"size":10,"keyword":null,"searchType":null,"startDateTime":"","endDateTime":"","sendStatus":"","receiverNo":"","sendType":"","offset":0}](String)
2026-06-04 10:02:50.922 [http-nio-8080-exec-8] INFO  jdbc.sqlonly - INSERT INTO TB_PRIVACY_AUDIT_LOG (
            executor_id,
            executor_ip,
            request_url,
            action_type,
            target_data
        ) VALUES (
            'admin',
            '0:0:0:0:0:0:0:1',
            '/sms/history/data',
            'SMS 발송내역 조회 (수신번호·메세지 포함)',
            '[{"page":1,"size":10,"keyword":null,"searchType":null,"startDateTime":"","endDateTime":"","sendStatus":"","receiverNo":"","sendType":"","offset":0}]'
        )

2026-06-04 10:02:50.927 [http-nio-8080-exec-8] DEBUG c.e.s.m.P.insertAuditLog - <==    Updates: 1
2026-06-04 10:02:50.927 [http-nio-8080-exec-8] DEBUG c.e.s.m.sms.SmsHistoryMapper.count - ==>  Preparing: SELECT COUNT(1) FROM SMS_HISTORY
2026-06-04 10:02:50.928 [http-nio-8080-exec-8] DEBUG c.e.s.m.sms.SmsHistoryMapper.count - ==> Parameters: 
2026-06-04 10:02:50.928 [http-nio-8080-exec-8] INFO  jdbc.sqlonly - SELECT COUNT(1) FROM SMS_HISTORY

2026-06-04 10:02:50.932 [http-nio-8080-exec-8] DEBUG c.e.s.m.sms.SmsHistoryMapper.count - <==      Total: 1
2026-06-04 10:02:50.932 [http-nio-8080-exec-8] DEBUG c.e.s.m.s.S.selectList - ==>  Preparing: SELECT h.ID, h.CAMPAIGN_NAME, h.SEND_TYPE, h.SENDER_NO, h.RECEIVER_NO, h.MESSAGE, h.SEND_STATUS, h.RESEND_YN, h.RESULT_CODE, h.RESULT_MESSAGE, (SELECT sl.TELECOM FROM SMS_SEND_LOG sl WHERE sl.RECEIVER_NO = h.RECEIVER_NO AND ROWNUM = 1) AS telecom, h.RESERVED_AT, h.SENT_AT, h.CREATED_AT, h.UPDATED_AT FROM SMS_HISTORY h ORDER BY h.SENT_AT DESC, h.ID DESC OFFSET ? ROWS FETCH NEXT ? ROWS ONLY
2026-06-04 10:02:50.933 [http-nio-8080-exec-8] DEBUG c.e.s.m.s.S.selectList - ==> Parameters: 0(Integer), 10(Integer)
2026-06-04 10:02:50.933 [http-nio-8080-exec-8] INFO  jdbc.sqlonly - SELECT
            h.ID, h.CAMPAIGN_NAME, h.SEND_TYPE, h.SENDER_NO, h.RECEIVER_NO,
            h.MESSAGE, h.SEND_STATUS, h.RESEND_YN, h.RESULT_CODE, h.RESULT_MESSAGE,
            (SELECT sl.TELECOM FROM SMS_SEND_LOG sl
             WHERE sl.RECEIVER_NO = h.RECEIVER_NO AND ROWNUM = 1) AS telecom,
            h.RESERVED_AT, h.SENT_AT, h.CREATED_AT, h.UPDATED_AT
        FROM SMS_HISTORY h

        ORDER BY h.SENT_AT DESC, h.ID DESC
        OFFSET 0 ROWS FETCH NEXT 10 ROWS ONLY

2026-06-04 10:02:50.950 [http-nio-8080-exec-8] DEBUG c.e.s.m.s.S.selectList - <==      Total: 10
2026-06-04 10:02:51.578 [http-nio-8080-exec-9] DEBUG c.e.s.m.MenuMapper.countAuthForUrl - ==>  Preparing: SELECT COUNT(1) FROM TB_MENU A INNER JOIN TB_MENU_AUTH B ON A.MENU_CD = B.MENU_CD WHERE A.USE_YN = 'Y' AND A.MENU_URL = ? AND B.AUTH_CD = ?
2026-06-04 10:02:51.579 [http-nio-8080-exec-9] DEBUG c.e.s.m.MenuMapper.countAuthForUrl - ==> Parameters: /sms/customer(String), ROLE_ADMIN(String)
2026-06-04 10:02:51.579 [http-nio-8080-exec-9] INFO  jdbc.sqlonly - SELECT COUNT(1)
        FROM TB_MENU A
        INNER JOIN TB_MENU_AUTH B ON A.MENU_CD = B.MENU_CD
        WHERE A.USE_YN = 'Y'
          AND A.MENU_URL = '/sms/customer'
          AND B.AUTH_CD = 'ROLE_ADMIN'

2026-06-04 10:02:51.581 [http-nio-8080-exec-9] DEBUG c.e.s.m.MenuMapper.countAuthForUrl - <==      Total: 1
2026-06-04 10:02:51.728 [http-nio-8080-exec-6] DEBUG c.e.s.m.MenuMapper.countAuthForUrl - ==>  Preparing: SELECT COUNT(1) FROM TB_MENU A INNER JOIN TB_MENU_AUTH B ON A.MENU_CD = B.MENU_CD WHERE A.USE_YN = 'Y' AND A.MENU_URL = ? AND B.AUTH_CD = ?
2026-06-04 10:02:51.728 [http-nio-8080-exec-6] DEBUG c.e.s.m.MenuMapper.countAuthForUrl - ==> Parameters: /sms/customer(String), ROLE_ADMIN(String)
2026-06-04 10:02:51.728 [http-nio-8080-exec-6] INFO  jdbc.sqlonly - SELECT COUNT(1)
        FROM TB_MENU A
        INNER JOIN TB_MENU_AUTH B ON A.MENU_CD = B.MENU_CD
        WHERE A.USE_YN = 'Y'
          AND A.MENU_URL = '/sms/customer'
          AND B.AUTH_CD = 'ROLE_ADMIN'

2026-06-04 10:02:51.731 [http-nio-8080-exec-6] DEBUG c.e.s.m.MenuMapper.countAuthForUrl - <==      Total: 1
2026-06-04 10:02:51.734 [http-nio-8080-exec-6] DEBUG c.e.s.m.P.insertAuditLog - ==>  Preparing: INSERT INTO TB_PRIVACY_AUDIT_LOG ( executor_id, executor_ip, request_url, action_type, target_data ) VALUES ( ?, ?, ?, ?, ? )
2026-06-04 10:02:51.736 [http-nio-8080-exec-6] DEBUG c.e.s.m.P.insertAuditLog - ==> Parameters: admin(String), 0:0:0:0:0:0:0:1(String), /sms/customer/data(String), 고객별 SMS 조회 (수신번호·메세지 포함)(String), [{"page":1,"size":10,"keyword":null,"searchType":null,"msgType":null,"receiverNo":"","searchDate":"","offset":0}](String)
2026-06-04 10:02:51.736 [http-nio-8080-exec-6] INFO  jdbc.sqlonly - INSERT INTO TB_PRIVACY_AUDIT_LOG (
            executor_id,
            executor_ip,
            request_url,
            action_type,
            target_data
        ) VALUES (
            'admin',
            '0:0:0:0:0:0:0:1',
            '/sms/customer/data',
            '고객별 SMS 조회 (수신번호·메세지 포함)',
            '[{"page":1,"size":10,"keyword":null,"searchType":null,"msgType":null,"receiverNo":"","searchDate":"","offset":0}]'
        )

2026-06-04 10:02:51.740 [http-nio-8080-exec-6] DEBUG c.e.s.m.P.insertAuditLog - <==    Updates: 1
2026-06-04 10:02:51.743 [http-nio-8080-exec-6] DEBUG c.e.s.m.s.S.selectList - ==>  Preparing: SELECT h.SENT_AT AS sentAt, NULL AS receivedAt, c.HOLDER_NAME AS holderName, h.RECEIVER_NO AS receiverNo, h.SENDER_NO AS senderNo, h.MESSAGE AS message, c.INTERMEDIARY AS intermediary, h.SEND_STATUS AS sendStatus, c.DEPT_NM AS deptNm FROM SMS_HISTORY h LEFT JOIN TB_CUSTOMER_SSN c ON c.PHONE_NO = h.RECEIVER_NO ORDER BY h.SENT_AT DESC, h.ID DESC OFFSET ? ROWS FETCH NEXT ? ROWS ONLY
2026-06-04 10:02:51.743 [http-nio-8080-exec-6] DEBUG c.e.s.m.s.S.selectList - ==> Parameters: 0(Integer), 10(Integer)
2026-06-04 10:02:51.744 [http-nio-8080-exec-6] INFO  jdbc.sqlonly - SELECT h.SENT_AT AS sentAt, NULL AS receivedAt,
               c.HOLDER_NAME AS holderName, h.RECEIVER_NO AS receiverNo,
               h.SENDER_NO AS senderNo, h.MESSAGE AS message,
               c.INTERMEDIARY AS intermediary, h.SEND_STATUS AS sendStatus,
               c.DEPT_NM AS deptNm
        FROM SMS_HISTORY h
        LEFT JOIN TB_CUSTOMER_SSN c ON c.PHONE_NO = h.RECEIVER_NO

        ORDER BY h.SENT_AT DESC, h.ID DESC
        OFFSET 0 ROWS FETCH NEXT 10 ROWS ONLY

2026-06-04 10:02:51.768 [http-nio-8080-exec-6] DEBUG c.e.s.m.s.S.selectList - <==      Total: 10
2026-06-04 10:02:51.769 [http-nio-8080-exec-6] DEBUG c.e.s.m.s.S.count - ==>  Preparing: SELECT COUNT(1) FROM SMS_HISTORY h
2026-06-04 10:02:51.769 [http-nio-8080-exec-6] DEBUG c.e.s.m.s.S.count - ==> Parameters: 
2026-06-04 10:02:51.769 [http-nio-8080-exec-6] INFO  jdbc.sqlonly - SELECT COUNT(1) FROM SMS_HISTORY h

2026-06-04 10:02:51.773 [http-nio-8080-exec-6] DEBUG c.e.s.m.s.S.count - <==      Total: 1
2026-06-04 10:02:55.059 [http-nio-8080-exec-1] DEBUG c.e.s.m.MenuMapper.countAuthForUrl - ==>  Preparing: SELECT COUNT(1) FROM TB_MENU A INNER JOIN TB_MENU_AUTH B ON A.MENU_CD = B.MENU_CD WHERE A.USE_YN = 'Y' AND A.MENU_URL = ? AND B.AUTH_CD = ?
2026-06-04 10:02:55.060 [http-nio-8080-exec-1] DEBUG c.e.s.m.MenuMapper.countAuthForUrl - ==> Parameters: /sms/ssn(String), ROLE_ADMIN(String)
2026-06-04 10:02:55.060 [http-nio-8080-exec-1] INFO  jdbc.sqlonly - SELECT COUNT(1)
        FROM TB_MENU A
        INNER JOIN TB_MENU_AUTH B ON A.MENU_CD = B.MENU_CD
        WHERE A.USE_YN = 'Y'
          AND A.MENU_URL = '/sms/ssn'
          AND B.AUTH_CD = 'ROLE_ADMIN'

2026-06-04 10:02:55.061 [http-nio-8080-exec-1] DEBUG c.e.s.m.MenuMapper.countAuthForUrl - <==      Total: 1
2026-06-04 10:02:55.219 [http-nio-8080-exec-4] DEBUG c.e.s.m.MenuMapper.countAuthForUrl - ==>  Preparing: SELECT COUNT(1) FROM TB_MENU A INNER JOIN TB_MENU_AUTH B ON A.MENU_CD = B.MENU_CD WHERE A.USE_YN = 'Y' AND A.MENU_URL = ? AND B.AUTH_CD = ?
2026-06-04 10:02:55.219 [http-nio-8080-exec-4] DEBUG c.e.s.m.MenuMapper.countAuthForUrl - ==> Parameters: /sms/ssn(String), ROLE_ADMIN(String)
2026-06-04 10:02:55.219 [http-nio-8080-exec-4] INFO  jdbc.sqlonly - SELECT COUNT(1)
        FROM TB_MENU A
        INNER JOIN TB_MENU_AUTH B ON A.MENU_CD = B.MENU_CD
        WHERE A.USE_YN = 'Y'
          AND A.MENU_URL = '/sms/ssn'
          AND B.AUTH_CD = 'ROLE_ADMIN'

2026-06-04 10:02:55.221 [http-nio-8080-exec-4] DEBUG c.e.s.m.MenuMapper.countAuthForUrl - <==      Total: 1
2026-06-04 10:02:55.225 [http-nio-8080-exec-4] DEBUG c.e.s.m.P.insertAuditLog - ==>  Preparing: INSERT INTO TB_PRIVACY_AUDIT_LOG ( executor_id, executor_ip, request_url, action_type, target_data ) VALUES ( ?, ?, ?, ?, ? )
2026-06-04 10:02:55.225 [http-nio-8080-exec-4] DEBUG c.e.s.m.P.insertAuditLog - ==> Parameters: admin(String), 0:0:0:0:0:0:0:1(String), /sms/ssn/data(String), 주민번호 조회 (식별자 포함)(String), [""](String)
2026-06-04 10:02:55.225 [http-nio-8080-exec-4] INFO  jdbc.sqlonly - INSERT INTO TB_PRIVACY_AUDIT_LOG (
            executor_id,
            executor_ip,
            request_url,
            action_type,
            target_data
        ) VALUES (
            'admin',
            '0:0:0:0:0:0:0:1',
            '/sms/ssn/data',
            '주민번호 조회 (식별자 포함)',
            '[""]'
        )

2026-06-04 10:02:55.229 [http-nio-8080-exec-4] DEBUG c.e.s.m.P.insertAuditLog - <==    Updates: 1
2026-06-04 10:02:55.231 [http-nio-8080-exec-4] DEBUG c.e.s.m.s.S.selectList - ==>  Preparing: SELECT PHONE_NO AS phoneNo, SSN_MASKED AS ssnMasked, HOLDER_NAME AS holderName, DEPT_NM AS deptNm, INTERMEDIARY AS intermediary FROM TB_CUSTOMER_SSN ORDER BY PHONE_NO
2026-06-04 10:02:55.231 [http-nio-8080-exec-4] DEBUG c.e.s.m.s.S.selectList - ==> Parameters: 
2026-06-04 10:02:55.231 [http-nio-8080-exec-4] INFO  jdbc.sqlonly - SELECT PHONE_NO AS phoneNo, SSN_MASKED AS ssnMasked,
               HOLDER_NAME AS holderName, DEPT_NM AS deptNm, INTERMEDIARY AS intermediary
        FROM TB_CUSTOMER_SSN

        ORDER BY PHONE_NO

2026-06-04 10:02:55.236 [http-nio-8080-exec-4] DEBUG c.e.s.m.s.S.selectList - <==      Total: 0
2026-06-04 10:02:56.206 [http-nio-8080-exec-1] DEBUG c.e.s.m.MenuMapper.countAuthForUrl - ==>  Preparing: SELECT COUNT(1) FROM TB_MENU A INNER JOIN TB_MENU_AUTH B ON A.MENU_CD = B.MENU_CD WHERE A.USE_YN = 'Y' AND A.MENU_URL = ? AND B.AUTH_CD = ?
2026-06-04 10:02:56.206 [http-nio-8080-exec-1] DEBUG c.e.s.m.MenuMapper.countAuthForUrl - ==> Parameters: /sms/history(String), ROLE_ADMIN(String)
2026-06-04 10:02:56.206 [http-nio-8080-exec-1] INFO  jdbc.sqlonly - SELECT COUNT(1)
        FROM TB_MENU A
        INNER JOIN TB_MENU_AUTH B ON A.MENU_CD = B.MENU_CD
        WHERE A.USE_YN = 'Y'
          AND A.MENU_URL = '/sms/history'
          AND B.AUTH_CD = 'ROLE_ADMIN'

2026-06-04 10:02:56.208 [http-nio-8080-exec-1] DEBUG c.e.s.m.MenuMapper.countAuthForUrl - <==      Total: 1
2026-06-04 10:02:56.331 [http-nio-8080-exec-2] DEBUG c.e.s.m.C.selectActiveDepartments - ==>  Preparing: SELECT DEPT_ID AS code, DEPT_NM AS name FROM TB_DEPT ORDER BY DEPT_NM ASC
2026-06-04 10:02:56.331 [http-nio-8080-exec-2] DEBUG c.e.s.m.C.selectActiveDepartments - ==> Parameters: 
2026-06-04 10:02:56.331 [http-nio-8080-exec-2] INFO  jdbc.sqlonly - SELECT DEPT_ID AS code, DEPT_NM AS name
        FROM TB_DEPT
        ORDER BY DEPT_NM ASC

2026-06-04 10:02:56.335 [http-nio-8080-exec-2] DEBUG c.e.s.m.C.selectActiveDepartments - <==      Total: 3
2026-06-04 10:02:56.337 [http-nio-8080-exec-8] DEBUG c.e.s.m.MenuMapper.countAuthForUrl - ==>  Preparing: SELECT COUNT(1) FROM TB_MENU A INNER JOIN TB_MENU_AUTH B ON A.MENU_CD = B.MENU_CD WHERE A.USE_YN = 'Y' AND A.MENU_URL = ? AND B.AUTH_CD = ?
2026-06-04 10:02:56.337 [http-nio-8080-exec-8] DEBUG c.e.s.m.MenuMapper.countAuthForUrl - ==> Parameters: /sms/history(String), ROLE_ADMIN(String)
2026-06-04 10:02:56.338 [http-nio-8080-exec-8] INFO  jdbc.sqlonly - SELECT COUNT(1)
        FROM TB_MENU A
        INNER JOIN TB_MENU_AUTH B ON A.MENU_CD = B.MENU_CD
        WHERE A.USE_YN = 'Y'
          AND A.MENU_URL = '/sms/history'
          AND B.AUTH_CD = 'ROLE_ADMIN'

2026-06-04 10:02:56.340 [http-nio-8080-exec-8] DEBUG c.e.s.m.MenuMapper.countAuthForUrl - <==      Total: 1
2026-06-04 10:02:56.343 [http-nio-8080-exec-8] DEBUG c.e.s.m.P.insertAuditLog - ==>  Preparing: INSERT INTO TB_PRIVACY_AUDIT_LOG ( executor_id, executor_ip, request_url, action_type, target_data ) VALUES ( ?, ?, ?, ?, ? )
2026-06-04 10:02:56.343 [http-nio-8080-exec-8] DEBUG c.e.s.m.P.insertAuditLog - ==> Parameters: admin(String), 0:0:0:0:0:0:0:1(String), /sms/history/data(String), SMS 발송내역 조회 (수신번호·메세지 포함)(String), [{"page":1,"size":10,"keyword":null,"searchType":null,"startDateTime":"","endDateTime":"","sendStatus":"","receiverNo":"","sendType":"","offset":0}](String)
2026-06-04 10:02:56.343 [http-nio-8080-exec-8] INFO  jdbc.sqlonly - INSERT INTO TB_PRIVACY_AUDIT_LOG (
            executor_id,
            executor_ip,
            request_url,
            action_type,
            target_data
        ) VALUES (
            'admin',
            '0:0:0:0:0:0:0:1',
            '/sms/history/data',
            'SMS 발송내역 조회 (수신번호·메세지 포함)',
            '[{"page":1,"size":10,"keyword":null,"searchType":null,"startDateTime":"","endDateTime":"","sendStatus":"","receiverNo":"","sendType":"","offset":0}]'
        )

2026-06-04 10:02:56.347 [http-nio-8080-exec-8] DEBUG c.e.s.m.P.insertAuditLog - <==    Updates: 1
2026-06-04 10:02:56.348 [http-nio-8080-exec-8] DEBUG c.e.s.m.sms.SmsHistoryMapper.count - ==>  Preparing: SELECT COUNT(1) FROM SMS_HISTORY
2026-06-04 10:02:56.348 [http-nio-8080-exec-8] DEBUG c.e.s.m.sms.SmsHistoryMapper.count - ==> Parameters: 
2026-06-04 10:02:56.348 [http-nio-8080-exec-8] INFO  jdbc.sqlonly - SELECT COUNT(1) FROM SMS_HISTORY

2026-06-04 10:02:56.350 [http-nio-8080-exec-8] DEBUG c.e.s.m.sms.SmsHistoryMapper.count - <==      Total: 1
2026-06-04 10:02:56.351 [http-nio-8080-exec-8] DEBUG c.e.s.m.s.S.selectList - ==>  Preparing: SELECT h.ID, h.CAMPAIGN_NAME, h.SEND_TYPE, h.SENDER_NO, h.RECEIVER_NO, h.MESSAGE, h.SEND_STATUS, h.RESEND_YN, h.RESULT_CODE, h.RESULT_MESSAGE, (SELECT sl.TELECOM FROM SMS_SEND_LOG sl WHERE sl.RECEIVER_NO = h.RECEIVER_NO AND ROWNUM = 1) AS telecom, h.RESERVED_AT, h.SENT_AT, h.CREATED_AT, h.UPDATED_AT FROM SMS_HISTORY h ORDER BY h.SENT_AT DESC, h.ID DESC OFFSET ? ROWS FETCH NEXT ? ROWS ONLY
2026-06-04 10:02:56.351 [http-nio-8080-exec-8] DEBUG c.e.s.m.s.S.selectList - ==> Parameters: 0(Integer), 10(Integer)
2026-06-04 10:02:56.351 [http-nio-8080-exec-8] INFO  jdbc.sqlonly - SELECT
            h.ID, h.CAMPAIGN_NAME, h.SEND_TYPE, h.SENDER_NO, h.RECEIVER_NO,
            h.MESSAGE, h.SEND_STATUS, h.RESEND_YN, h.RESULT_CODE, h.RESULT_MESSAGE,
            (SELECT sl.TELECOM FROM SMS_SEND_LOG sl
             WHERE sl.RECEIVER_NO = h.RECEIVER_NO AND ROWNUM = 1) AS telecom,
            h.RESERVED_AT, h.SENT_AT, h.CREATED_AT, h.UPDATED_AT
        FROM SMS_HISTORY h

        ORDER BY h.SENT_AT DESC, h.ID DESC
        OFFSET 0 ROWS FETCH NEXT 10 ROWS ONLY

2026-06-04 10:02:56.366 [http-nio-8080-exec-8] DEBUG c.e.s.m.s.S.selectList - <==      Total: 10
2026-06-04 10:03:31.850 [http-nio-8080-exec-5] DEBUG c.e.s.m.MenuMapper.countAuthForUrl - ==>  Preparing: SELECT COUNT(1) FROM TB_MENU A INNER JOIN TB_MENU_AUTH B ON A.MENU_CD = B.MENU_CD WHERE A.USE_YN = 'Y' AND A.MENU_URL = ? AND B.AUTH_CD = ?
2026-06-04 10:03:31.850 [http-nio-8080-exec-5] DEBUG c.e.s.m.MenuMapper.countAuthForUrl - ==> Parameters: /sms/customer(String), ROLE_ADMIN(String)
2026-06-04 10:03:31.850 [http-nio-8080-exec-5] INFO  jdbc.sqlonly - SELECT COUNT(1)
        FROM TB_MENU A
        INNER JOIN TB_MENU_AUTH B ON A.MENU_CD = B.MENU_CD
        WHERE A.USE_YN = 'Y'
          AND A.MENU_URL = '/sms/customer'
          AND B.AUTH_CD = 'ROLE_ADMIN'

2026-06-04 10:03:31.853 [http-nio-8080-exec-5] DEBUG c.e.s.m.MenuMapper.countAuthForUrl - <==      Total: 1
2026-06-04 10:03:32.087 [http-nio-8080-exec-2] DEBUG c.e.s.m.MenuMapper.countAuthForUrl - ==>  Preparing: SELECT COUNT(1) FROM TB_MENU A INNER JOIN TB_MENU_AUTH B ON A.MENU_CD = B.MENU_CD WHERE A.USE_YN = 'Y' AND A.MENU_URL = ? AND B.AUTH_CD = ?
2026-06-04 10:03:32.087 [http-nio-8080-exec-2] DEBUG c.e.s.m.MenuMapper.countAuthForUrl - ==> Parameters: /sms/customer(String), ROLE_ADMIN(String)
2026-06-04 10:03:32.089 [http-nio-8080-exec-2] INFO  jdbc.sqlonly - SELECT COUNT(1)
        FROM TB_MENU A
        INNER JOIN TB_MENU_AUTH B ON A.MENU_CD = B.MENU_CD
        WHERE A.USE_YN = 'Y'
          AND A.MENU_URL = '/sms/customer'
          AND B.AUTH_CD = 'ROLE_ADMIN'

2026-06-04 10:03:32.091 [http-nio-8080-exec-2] DEBUG c.e.s.m.MenuMapper.countAuthForUrl - <==      Total: 1
2026-06-04 10:03:32.093 [http-nio-8080-exec-2] DEBUG c.e.s.m.P.insertAuditLog - ==>  Preparing: INSERT INTO TB_PRIVACY_AUDIT_LOG ( executor_id, executor_ip, request_url, action_type, target_data ) VALUES ( ?, ?, ?, ?, ? )
2026-06-04 10:03:32.094 [http-nio-8080-exec-2] DEBUG c.e.s.m.P.insertAuditLog - ==> Parameters: admin(String), 0:0:0:0:0:0:0:1(String), /sms/customer/data(String), 고객별 SMS 조회 (수신번호·메세지 포함)(String), [{"page":1,"size":10,"keyword":null,"searchType":null,"msgType":null,"receiverNo":"","searchDate":"","offset":0}](String)
2026-06-04 10:03:32.094 [http-nio-8080-exec-2] INFO  jdbc.sqlonly - INSERT INTO TB_PRIVACY_AUDIT_LOG (
            executor_id,
            executor_ip,
            request_url,
            action_type,
            target_data
        ) VALUES (
            'admin',
            '0:0:0:0:0:0:0:1',
            '/sms/customer/data',
            '고객별 SMS 조회 (수신번호·메세지 포함)',
            '[{"page":1,"size":10,"keyword":null,"searchType":null,"msgType":null,"receiverNo":"","searchDate":"","offset":0}]'
        )

2026-06-04 10:03:32.099 [http-nio-8080-exec-2] DEBUG c.e.s.m.P.insertAuditLog - <==    Updates: 1
2026-06-04 10:03:32.100 [http-nio-8080-exec-2] DEBUG c.e.s.m.s.S.selectList - ==>  Preparing: SELECT h.SENT_AT AS sentAt, NULL AS receivedAt, c.HOLDER_NAME AS holderName, h.RECEIVER_NO AS receiverNo, h.SENDER_NO AS senderNo, h.MESSAGE AS message, c.INTERMEDIARY AS intermediary, h.SEND_STATUS AS sendStatus, c.DEPT_NM AS deptNm FROM SMS_HISTORY h LEFT JOIN TB_CUSTOMER_SSN c ON c.PHONE_NO = h.RECEIVER_NO ORDER BY h.SENT_AT DESC, h.ID DESC OFFSET ? ROWS FETCH NEXT ? ROWS ONLY
2026-06-04 10:03:32.100 [http-nio-8080-exec-2] DEBUG c.e.s.m.s.S.selectList - ==> Parameters: 0(Integer), 10(Integer)
2026-06-04 10:03:32.100 [http-nio-8080-exec-2] INFO  jdbc.sqlonly - SELECT h.SENT_AT AS sentAt, NULL AS receivedAt,
               c.HOLDER_NAME AS holderName, h.RECEIVER_NO AS receiverNo,
               h.SENDER_NO AS senderNo, h.MESSAGE AS message,
               c.INTERMEDIARY AS intermediary, h.SEND_STATUS AS sendStatus,
               c.DEPT_NM AS deptNm
        FROM SMS_HISTORY h
        LEFT JOIN TB_CUSTOMER_SSN c ON c.PHONE_NO = h.RECEIVER_NO

        ORDER BY h.SENT_AT DESC, h.ID DESC
        OFFSET 0 ROWS FETCH NEXT 10 ROWS ONLY

2026-06-04 10:03:32.123 [http-nio-8080-exec-2] DEBUG c.e.s.m.s.S.selectList - <==      Total: 10
2026-06-04 10:03:32.124 [http-nio-8080-exec-2] DEBUG c.e.s.m.s.S.count - ==>  Preparing: SELECT COUNT(1) FROM SMS_HISTORY h
2026-06-04 10:03:32.124 [http-nio-8080-exec-2] DEBUG c.e.s.m.s.S.count - ==> Parameters: 
2026-06-04 10:03:32.124 [http-nio-8080-exec-2] INFO  jdbc.sqlonly - SELECT COUNT(1) FROM SMS_HISTORY h

2026-06-04 10:03:32.127 [http-nio-8080-exec-2] DEBUG c.e.s.m.s.S.count - <==      Total: 1
2026-06-04 10:03:36.082 [http-nio-8080-exec-4] DEBUG c.e.s.m.MenuMapper.countAuthForUrl - ==>  Preparing: SELECT COUNT(1) FROM TB_MENU A INNER JOIN TB_MENU_AUTH B ON A.MENU_CD = B.MENU_CD WHERE A.USE_YN = 'Y' AND A.MENU_URL = ? AND B.AUTH_CD = ?
2026-06-04 10:03:36.082 [http-nio-8080-exec-4] DEBUG c.e.s.m.MenuMapper.countAuthForUrl - ==> Parameters: /sms/ssn(String), ROLE_ADMIN(String)
2026-06-04 10:03:36.082 [http-nio-8080-exec-4] INFO  jdbc.sqlonly - SELECT COUNT(1)
        FROM TB_MENU A
        INNER JOIN TB_MENU_AUTH B ON A.MENU_CD = B.MENU_CD
        WHERE A.USE_YN = 'Y'
          AND A.MENU_URL = '/sms/ssn'
          AND B.AUTH_CD = 'ROLE_ADMIN'

2026-06-04 10:03:36.085 [http-nio-8080-exec-4] DEBUG c.e.s.m.MenuMapper.countAuthForUrl - <==      Total: 1
2026-06-04 10:03:36.224 [http-nio-8080-exec-7] DEBUG c.e.s.m.MenuMapper.countAuthForUrl - ==>  Preparing: SELECT COUNT(1) FROM TB_MENU A INNER JOIN TB_MENU_AUTH B ON A.MENU_CD = B.MENU_CD WHERE A.USE_YN = 'Y' AND A.MENU_URL = ? AND B.AUTH_CD = ?
2026-06-04 10:03:36.224 [http-nio-8080-exec-7] DEBUG c.e.s.m.MenuMapper.countAuthForUrl - ==> Parameters: /sms/ssn(String), ROLE_ADMIN(String)
2026-06-04 10:03:36.224 [http-nio-8080-exec-7] INFO  jdbc.sqlonly - SELECT COUNT(1)
        FROM TB_MENU A
        INNER JOIN TB_MENU_AUTH B ON A.MENU_CD = B.MENU_CD
        WHERE A.USE_YN = 'Y'
          AND A.MENU_URL = '/sms/ssn'
          AND B.AUTH_CD = 'ROLE_ADMIN'

2026-06-04 10:03:36.226 [http-nio-8080-exec-7] DEBUG c.e.s.m.MenuMapper.countAuthForUrl - <==      Total: 1
2026-06-04 10:03:36.228 [http-nio-8080-exec-7] DEBUG c.e.s.m.P.insertAuditLog - ==>  Preparing: INSERT INTO TB_PRIVACY_AUDIT_LOG ( executor_id, executor_ip, request_url, action_type, target_data ) VALUES ( ?, ?, ?, ?, ? )
2026-06-04 10:03:36.228 [http-nio-8080-exec-7] DEBUG c.e.s.m.P.insertAuditLog - ==> Parameters: admin(String), 0:0:0:0:0:0:0:1(String), /sms/ssn/data(String), 주민번호 조회 (식별자 포함)(String), [""](String)
2026-06-04 10:03:36.228 [http-nio-8080-exec-7] INFO  jdbc.sqlonly - INSERT INTO TB_PRIVACY_AUDIT_LOG (
            executor_id,
            executor_ip,
            request_url,
            action_type,
            target_data
        ) VALUES (
            'admin',
            '0:0:0:0:0:0:0:1',
            '/sms/ssn/data',
            '주민번호 조회 (식별자 포함)',
            '[""]'
        )

2026-06-04 10:03:36.232 [http-nio-8080-exec-7] DEBUG c.e.s.m.P.insertAuditLog - <==    Updates: 1
2026-06-04 10:03:36.232 [http-nio-8080-exec-7] DEBUG c.e.s.m.s.S.selectList - ==>  Preparing: SELECT PHONE_NO AS phoneNo, SSN_MASKED AS ssnMasked, HOLDER_NAME AS holderName, DEPT_NM AS deptNm, INTERMEDIARY AS intermediary FROM TB_CUSTOMER_SSN ORDER BY PHONE_NO
2026-06-04 10:03:36.232 [http-nio-8080-exec-7] DEBUG c.e.s.m.s.S.selectList - ==> Parameters: 
2026-06-04 10:03:36.233 [http-nio-8080-exec-7] INFO  jdbc.sqlonly - SELECT PHONE_NO AS phoneNo, SSN_MASKED AS ssnMasked,
               HOLDER_NAME AS holderName, DEPT_NM AS deptNm, INTERMEDIARY AS intermediary
        FROM TB_CUSTOMER_SSN

        ORDER BY PHONE_NO

2026-06-04 10:03:36.235 [http-nio-8080-exec-7] DEBUG c.e.s.m.s.S.selectList - <==      Total: 0
2026-06-04 10:03:39.419 [http-nio-8080-exec-6] DEBUG c.e.s.m.MenuMapper.countAuthForUrl - ==>  Preparing: SELECT COUNT(1) FROM TB_MENU A INNER JOIN TB_MENU_AUTH B ON A.MENU_CD = B.MENU_CD WHERE A.USE_YN = 'Y' AND A.MENU_URL = ? AND B.AUTH_CD = ?
2026-06-04 10:03:39.420 [http-nio-8080-exec-6] DEBUG c.e.s.m.MenuMapper.countAuthForUrl - ==> Parameters: /sms/campaign(String), ROLE_ADMIN(String)
2026-06-04 10:03:39.420 [http-nio-8080-exec-6] INFO  jdbc.sqlonly - SELECT COUNT(1)
        FROM TB_MENU A
        INNER JOIN TB_MENU_AUTH B ON A.MENU_CD = B.MENU_CD
        WHERE A.USE_YN = 'Y'
          AND A.MENU_URL = '/sms/campaign'
          AND B.AUTH_CD = 'ROLE_ADMIN'

2026-06-04 10:03:39.421 [http-nio-8080-exec-6] DEBUG c.e.s.m.MenuMapper.countAuthForUrl - <==      Total: 1
2026-06-04 10:03:39.545 [http-nio-8080-exec-10] DEBUG c.e.s.m.MenuMapper.countAuthForUrl - ==>  Preparing: SELECT COUNT(1) FROM TB_MENU A INNER JOIN TB_MENU_AUTH B ON A.MENU_CD = B.MENU_CD WHERE A.USE_YN = 'Y' AND A.MENU_URL = ? AND B.AUTH_CD = ?
2026-06-04 10:03:39.545 [http-nio-8080-exec-10] DEBUG c.e.s.m.MenuMapper.countAuthForUrl - ==> Parameters: /sms/campaign(String), ROLE_ADMIN(String)
2026-06-04 10:03:39.545 [http-nio-8080-exec-10] INFO  jdbc.sqlonly - SELECT COUNT(1)
        FROM TB_MENU A
        INNER JOIN TB_MENU_AUTH B ON A.MENU_CD = B.MENU_CD
        WHERE A.USE_YN = 'Y'
          AND A.MENU_URL = '/sms/campaign'
          AND B.AUTH_CD = 'ROLE_ADMIN'

2026-06-04 10:03:39.547 [http-nio-8080-exec-10] DEBUG c.e.s.m.MenuMapper.countAuthForUrl - <==      Total: 1
2026-06-04 10:03:39.549 [http-nio-8080-exec-10] DEBUG c.e.s.m.s.C.count - ==>  Preparing: SELECT COUNT(1) FROM CAMPAIGN c WHERE c.SEND_TYPE = ? AND c.REG_DT >= TO_DATE(?, 'YYYY-MM-DD') AND c.REG_DT < TO_DATE(?, 'YYYY-MM-DD') + 1
2026-06-04 10:03:39.549 [http-nio-8080-exec-10] DEBUG c.e.s.m.s.C.count - ==> Parameters: SMS(String), 20260604(String), 20260604(String)
2026-06-04 10:03:39.549 [http-nio-8080-exec-10] INFO  jdbc.sqlonly - SELECT COUNT(1)
        FROM CAMPAIGN c

         WHERE  c.SEND_TYPE = 'SMS'

                AND c.REG_DT >= TO_DATE('20260604', 'YYYY-MM-DD')

                AND c.REG_DT < TO_DATE('20260604', 'YYYY-MM-DD') + 1

2026-06-04 10:03:39.552 [http-nio-8080-exec-10] DEBUG c.e.s.m.s.C.count - <==      Total: 1
2026-06-04 10:03:39.553 [http-nio-8080-exec-10] DEBUG c.e.s.m.s.C.selectList - ==>  Preparing: SELECT c.CAMPAIGN_ID AS campaignId, c.CAMPAIGN_NAME AS campaignName, NULL AS regId, c.REG_DT AS sentAt, NULL AS message, (SELECT COUNT(1) FROM SMS_HISTORY h WHERE h.CAMPAIGN_NAME = c.CAMPAIGN_NAME) AS sendCount, c.SEND_TYPE AS sendType, c.STATUS AS status FROM CAMPAIGN c WHERE c.SEND_TYPE = ? AND c.REG_DT >= TO_DATE(?, 'YYYY-MM-DD') AND c.REG_DT < TO_DATE(?, 'YYYY-MM-DD') + 1 ORDER BY c.REG_DT DESC, c.CAMPAIGN_ID DESC OFFSET ? ROWS FETCH NEXT ? ROWS ONLY
2026-06-04 10:03:39.553 [http-nio-8080-exec-10] DEBUG c.e.s.m.s.C.selectList - ==> Parameters: SMS(String), 20260604(String), 20260604(String), 0(Integer), 10(Integer)
2026-06-04 10:03:39.553 [http-nio-8080-exec-10] INFO  jdbc.sqlonly - SELECT
            c.CAMPAIGN_ID   AS campaignId,
            c.CAMPAIGN_NAME AS campaignName,
            NULL            AS regId,
            c.REG_DT        AS sentAt,
            NULL            AS message,
            (SELECT COUNT(1) FROM SMS_HISTORY h WHERE h.CAMPAIGN_NAME = c.CAMPAIGN_NAME) AS sendCount,
            c.SEND_TYPE     AS sendType,
            c.STATUS        AS status
        FROM CAMPAIGN c

         WHERE  c.SEND_TYPE = 'SMS'

                AND c.REG_DT >= TO_DATE('20260604', 'YYYY-MM-DD')

                AND c.REG_DT < TO_DATE('20260604', 'YYYY-MM-DD') + 1 

        ORDER BY c.REG_DT DESC, c.CAMPAIGN_ID DESC
        OFFSET 0 ROWS FETCH NEXT 10 ROWS ONLY

2026-06-04 10:03:39.555 [http-nio-8080-exec-10] DEBUG c.e.s.m.s.C.selectList - <==      Total: 0
2026-06-04 10:03:54.733 [http-nio-8080-exec-9] DEBUG c.e.s.m.MenuMapper.countAuthForUrl - ==>  Preparing: SELECT COUNT(1) FROM TB_MENU A INNER JOIN TB_MENU_AUTH B ON A.MENU_CD = B.MENU_CD WHERE A.USE_YN = 'Y' AND A.MENU_URL = ? AND B.AUTH_CD = ?
2026-06-04 10:03:54.734 [http-nio-8080-exec-9] DEBUG c.e.s.m.MenuMapper.countAuthForUrl - ==> Parameters: /sms/campaign(String), ROLE_ADMIN(String)
2026-06-04 10:03:54.734 [http-nio-8080-exec-9] INFO  jdbc.sqlonly - SELECT COUNT(1)
        FROM TB_MENU A
        INNER JOIN TB_MENU_AUTH B ON A.MENU_CD = B.MENU_CD
        WHERE A.USE_YN = 'Y'
          AND A.MENU_URL = '/sms/campaign'
          AND B.AUTH_CD = 'ROLE_ADMIN'

2026-06-04 10:03:54.735 [http-nio-8080-exec-9] DEBUG c.e.s.m.MenuMapper.countAuthForUrl - <==      Total: 1
2026-06-04 10:03:54.737 [http-nio-8080-exec-9] DEBUG c.e.s.m.s.C.count - ==>  Preparing: SELECT COUNT(1) FROM CAMPAIGN c WHERE c.SEND_TYPE = ? AND c.REG_DT >= TO_DATE(?, 'YYYY-MM-DD') AND c.REG_DT < TO_DATE(?, 'YYYY-MM-DD') + 1
2026-06-04 10:03:54.737 [http-nio-8080-exec-9] DEBUG c.e.s.m.s.C.count - ==> Parameters: SMS(String), 20260604(String), 20260604(String)
2026-06-04 10:03:54.737 [http-nio-8080-exec-9] INFO  jdbc.sqlonly - SELECT COUNT(1)
        FROM CAMPAIGN c

         WHERE  c.SEND_TYPE = 'SMS'

                AND c.REG_DT >= TO_DATE('20260604', 'YYYY-MM-DD')

                AND c.REG_DT < TO_DATE('20260604', 'YYYY-MM-DD') + 1

2026-06-04 10:03:54.738 [http-nio-8080-exec-9] DEBUG c.e.s.m.s.C.count - <==      Total: 1
2026-06-04 10:03:54.739 [http-nio-8080-exec-9] DEBUG c.e.s.m.s.C.selectList - ==>  Preparing: SELECT c.CAMPAIGN_ID AS campaignId, c.CAMPAIGN_NAME AS campaignName, NULL AS regId, c.REG_DT AS sentAt, NULL AS message, (SELECT COUNT(1) FROM SMS_HISTORY h WHERE h.CAMPAIGN_NAME = c.CAMPAIGN_NAME) AS sendCount, c.SEND_TYPE AS sendType, c.STATUS AS status FROM CAMPAIGN c WHERE c.SEND_TYPE = ? AND c.REG_DT >= TO_DATE(?, 'YYYY-MM-DD') AND c.REG_DT < TO_DATE(?, 'YYYY-MM-DD') + 1 ORDER BY c.REG_DT DESC, c.CAMPAIGN_ID DESC OFFSET ? ROWS FETCH NEXT ? ROWS ONLY
2026-06-04 10:03:54.739 [http-nio-8080-exec-9] DEBUG c.e.s.m.s.C.selectList - ==> Parameters: SMS(String), 20260604(String), 20260604(String), 0(Integer), 10(Integer)
2026-06-04 10:03:54.739 [http-nio-8080-exec-9] INFO  jdbc.sqlonly - SELECT
            c.CAMPAIGN_ID   AS campaignId,
            c.CAMPAIGN_NAME AS campaignName,
            NULL            AS regId,
            c.REG_DT        AS sentAt,
            NULL            AS message,
            (SELECT COUNT(1) FROM SMS_HISTORY h WHERE h.CAMPAIGN_NAME = c.CAMPAIGN_NAME) AS sendCount,
            c.SEND_TYPE     AS sendType,
            c.STATUS        AS status
        FROM CAMPAIGN c

         WHERE  c.SEND_TYPE = 'SMS'

                AND c.REG_DT >= TO_DATE('20260604', 'YYYY-MM-DD')

                AND c.REG_DT < TO_DATE('20260604', 'YYYY-MM-DD') + 1 

        ORDER BY c.REG_DT DESC, c.CAMPAIGN_ID DESC
        OFFSET 0 ROWS FETCH NEXT 10 ROWS ONLY

2026-06-04 10:03:54.741 [http-nio-8080-exec-9] DEBUG c.e.s.m.s.C.selectList - <==      Total: 0
2026-06-04 10:11:49.947 [RMI TCP Connection(71)-127.0.0.1] INFO  o.s.b.a.SpringApplicationAdminMXBeanRegistrar$SpringApplicationAdmin - Application shutdown requested.
2026-06-04 10:11:49.955 [RMI TCP Connection(71)-127.0.0.1] INFO  o.a.coyote.http11.Http11NioProtocol - Stopping ProtocolHandler ["http-nio-8080"]
2026-06-04 10:11:49.971 [RMI TCP Connection(71)-127.0.0.1] INFO  com.zaxxer.hikari.HikariDataSource - HikariPool-1 - Shutdown initiated...
2026-06-04 10:11:49.992 [RMI TCP Connection(71)-127.0.0.1] INFO  com.zaxxer.hikari.HikariDataSource - HikariPool-1 - Shutdown completed.
2026-06-04 10:19:50.794 [background-preinit] INFO  o.h.validator.internal.util.Version - HV000001: Hibernate Validator 8.0.1.Final
2026-06-04 10:19:50.826 [main] INFO  com.example.sms.SmsApplication - Starting SmsApplication using Java 21.0.7 with PID 7028 (C:\Work\sms-project-v2\target\classes started by ndk20 in C:\Work\sms-project-v2)
2026-06-04 10:19:50.826 [main] DEBUG com.example.sms.SmsApplication - Running with Spring Boot v3.3.0, Spring v6.1.8
2026-06-04 10:19:50.827 [main] INFO  com.example.sms.SmsApplication - The following 1 profile is active: "dev"
2026-06-04 10:19:53.196 [main] INFO  o.s.d.r.c.RepositoryConfigurationDelegate - Bootstrapping Spring Data LDAP repositories in DEFAULT mode.
2026-06-04 10:19:53.212 [main] INFO  o.s.d.r.c.RepositoryConfigurationDelegate - Finished Spring Data repository scanning in 11 ms. Found 0 LDAP repository interfaces.
2026-06-04 10:19:53.739 [main] INFO  o.s.b.w.e.tomcat.TomcatWebServer - Tomcat initialized with port 8080 (http)
2026-06-04 10:19:53.741 [main] INFO  o.a.c.core.AprLifecycleListener - An older version [1.3.1] of the Apache Tomcat Native library is installed, while Tomcat recommends a minimum version of [2.0.5]
2026-06-04 10:19:53.742 [main] INFO  o.a.c.core.AprLifecycleListener - Loaded Apache Tomcat Native library [1.3.1] using APR version [1.7.4].
2026-06-04 10:19:53.758 [main] INFO  o.a.c.core.AprLifecycleListener - OpenSSL successfully initialized [OpenSSL 3.0.14 4 Jun 2024]
2026-06-04 10:19:53.764 [main] INFO  o.a.coyote.http11.Http11NioProtocol - Initializing ProtocolHandler ["http-nio-8080"]
2026-06-04 10:19:53.766 [main] INFO  o.a.catalina.core.StandardService - Starting service [Tomcat]
2026-06-04 10:19:53.766 [main] INFO  o.a.catalina.core.StandardEngine - Starting Servlet engine: [Apache Tomcat/10.1.24]
2026-06-04 10:19:53.809 [main] INFO  o.a.c.c.C.[Tomcat].[localhost].[/] - Initializing Spring embedded WebApplicationContext
2026-06-04 10:19:53.809 [main] INFO  o.s.b.w.s.c.ServletWebServerApplicationContext - Root WebApplicationContext: initialization completed in 2745 ms
2026-06-04 10:19:54.627 [main] INFO  o.s.s.c.a.a.c.InitializeUserDetailsBeanManagerConfigurer$InitializeUserDetailsManagerConfigurer - Global AuthenticationManager configured with UserDetailsService bean with name devUserDetailsService
2026-06-04 10:19:54.682 [main] INFO  o.s.b.a.w.s.WelcomePageHandlerMapping - Adding welcome page template: index
2026-06-04 10:19:54.848 [main] INFO  o.s.s.web.DefaultSecurityFilterChain - Will secure any request with [org.springframework.security.web.session.DisableEncodeUrlFilter@7ebc5be6, org.springframework.security.web.context.request.async.WebAsyncManagerIntegrationFilter@4627dfda, org.springframework.security.web.context.SecurityContextHolderFilter@2f61de04, org.springframework.security.web.header.HeaderWriterFilter@405603b6, org.springframework.web.filter.CorsFilter@1f3361e9, org.springframework.security.web.authentication.logout.LogoutFilter@5dd3727c, org.springframework.security.web.authentication.UsernamePasswordAuthenticationFilter@174b8d0e, org.springframework.security.web.savedrequest.RequestCacheAwareFilter@5b59c3d, org.springframework.security.web.servletapi.SecurityContextHolderAwareRequestFilter@48d31d25, org.springframework.security.web.authentication.AnonymousAuthenticationFilter@eebc0db, org.springframework.security.web.access.ExceptionTranslationFilter@5c740c5a, org.springframework.security.web.access.intercept.AuthorizationFilter@29bd2796]
2026-06-04 10:19:55.082 [main] INFO  o.s.l.c.s.AbstractContextSource - Property 'userDn' not set - anonymous context will be used for read-only operations
2026-06-04 10:19:55.136 [main] INFO  o.a.coyote.http11.Http11NioProtocol - Starting ProtocolHandler ["http-nio-8080"]
2026-06-04 10:19:55.148 [main] INFO  o.s.b.w.e.tomcat.TomcatWebServer - Tomcat started on port 8080 (http) with context path '/'
2026-06-04 10:19:55.155 [main] INFO  com.example.sms.SmsApplication - Started SmsApplication in 4.751 seconds (process running for 5.356)
2026-06-04 10:19:55.160 [main] INFO  com.zaxxer.hikari.HikariDataSource - HikariPool-1 - Starting...
2026-06-04 10:19:55.415 [main] INFO  com.zaxxer.hikari.pool.HikariPool - HikariPool-1 - Added connection net.sf.log4jdbc.sql.jdbcapi.ConnectionSpy@8e3449e
2026-06-04 10:19:55.416 [main] INFO  com.zaxxer.hikari.HikariDataSource - HikariPool-1 - Start completed.
2026-06-04 10:19:55.471 [main] INFO  jdbc.sqlonly - CREATE USER SMS IDENTIFIED BY 1234

2026-06-04 10:19:55.526 [main] ERROR jdbc.sqlonly - 1. Statement.execute(CREATE USER SMS IDENTIFIED BY 1234) CREATE USER SMS IDENTIFIED BY 1234

java.sql.SQLSyntaxErrorException: ORA-01920: 사용자명 'SMS'(이)가 다른 사용자나 롤 이름과 상충됩니다

	at oracle.jdbc.driver.T4CTTIoer11.processError(T4CTTIoer11.java:629)
	at oracle.jdbc.driver.T4CTTIoer11.processError(T4CTTIoer11.java:563)
	at oracle.jdbc.driver.T4C8Oall.processError(T4C8Oall.java:1230)
	at oracle.jdbc.driver.T4CTTIfun.receive(T4CTTIfun.java:771)
	at oracle.jdbc.driver.T4CTTIfun.doRPC(T4CTTIfun.java:298)
	at oracle.jdbc.driver.T4C8Oall.doOALL(T4C8Oall.java:511)
	at oracle.jdbc.driver.T4CStatement.doOall8(T4CStatement.java:122)
	at oracle.jdbc.driver.T4CStatement.executeForRows(T4CStatement.java:1199)
	at oracle.jdbc.driver.OracleStatement.executeSQLStatement(OracleStatement.java:1819)
	at oracle.jdbc.driver.OracleStatement.doExecuteWithTimeout(OracleStatement.java:1471)
	at oracle.jdbc.driver.OracleStatement.executeInternal(OracleStatement.java:2504)
	at oracle.jdbc.driver.OracleStatement.execute(OracleStatement.java:2459)
	at oracle.jdbc.driver.OracleStatementWrapper.execute(OracleStatementWrapper.java:327)
	at net.sf.log4jdbc.sql.jdbcapi.StatementSpy.execute(StatementSpy.java:923)
	at com.zaxxer.hikari.pool.ProxyStatement.execute(ProxyStatement.java:94)
	at com.zaxxer.hikari.pool.HikariProxyStatement.execute(HikariProxyStatement.java)
	at org.springframework.jdbc.core.JdbcTemplate$1ExecuteStatementCallback.doInStatement(JdbcTemplate.java:435)
	at org.springframework.jdbc.core.JdbcTemplate.execute(JdbcTemplate.java:393)
	at org.springframework.jdbc.core.JdbcTemplate.execute(JdbcTemplate.java:444)
	at com.example.sms.config.TableInitRunner.run(TableInitRunner.java:20)
	at org.springframework.boot.SpringApplication.lambda$callRunner$5(SpringApplication.java:790)
	at org.springframework.util.function.ThrowingConsumer$1.acceptWithException(ThrowingConsumer.java:83)
	at org.springframework.util.function.ThrowingConsumer.accept(ThrowingConsumer.java:60)
	at org.springframework.util.function.ThrowingConsumer$1.accept(ThrowingConsumer.java:88)
	at org.springframework.boot.SpringApplication.callRunner(SpringApplication.java:798)
	at org.springframework.boot.SpringApplication.callRunner(SpringApplication.java:789)
	at org.springframework.boot.SpringApplication.lambda$callRunners$3(SpringApplication.java:774)
	at java.base/java.util.stream.ForEachOps$ForEachOp$OfRef.accept(ForEachOps.java:184)
	at java.base/java.util.stream.SortedOps$SizedRefSortingSink.end(SortedOps.java:357)
	at java.base/java.util.stream.AbstractPipeline.copyInto(AbstractPipeline.java:510)
	at java.base/java.util.stream.AbstractPipeline.wrapAndCopyInto(AbstractPipeline.java:499)
	at java.base/java.util.stream.ForEachOps$ForEachOp.evaluateSequential(ForEachOps.java:151)
	at java.base/java.util.stream.ForEachOps$ForEachOp$OfRef.evaluateSequential(ForEachOps.java:174)
	at java.base/java.util.stream.AbstractPipeline.evaluate(AbstractPipeline.java:234)
	at java.base/java.util.stream.ReferencePipeline.forEach(ReferencePipeline.java:596)
	at org.springframework.boot.SpringApplication.callRunners(SpringApplication.java:774)
	at org.springframework.boot.SpringApplication.run(SpringApplication.java:342)
	at org.springframework.boot.SpringApplication.run(SpringApplication.java:1363)
	at org.springframework.boot.SpringApplication.run(SpringApplication.java:1352)
	at com.example.sms.SmsApplication.main(SmsApplication.java:14)
Caused by: oracle.jdbc.OracleDatabaseException: ORA-01920: 사용자명 'SMS'(이)가 다른 사용자나 롤 이름과 상충됩니다

	at oracle.jdbc.driver.T4CTTIoer11.processError(T4CTTIoer11.java:636)
	... 39 common frames omitted
2026-06-04 10:19:55.540 [main] INFO  jdbc.sqlonly - BEGIN
  EXECUTE IMMEDIATE 'CREATE TABLE TB_DEP (
      DEPT_ID VARCHAR2(12) PRIMARY KEY,
      DEP_NM VARCHAR2(20),
      WRT_DTTM CHAR(14),
      DEL_DTTM CHAR(14),
      ACT_YN CHAR(1)
  )';
EXCEPTION
  WHEN OTHERS THEN
    IF SQLCODE != -955 THEN RAISE; END IF;
END;

2026-06-04 10:19:55.592 [main] INFO  jdbc.sqlonly - BEGIN
  EXECUTE IMMEDIATE 'CREATE TABLE TB_EMP (
      EMP_ID VARCHAR2(12) NOT NULL,
      DEPT_ID VARCHAR2(12) NOT NULL,
      EMP_PASS VARCHAR2(24) NULL,
      EMP_NM VARCHAR2(20) NULL,
      EMP_LEV CHAR(1) NULL,
      REG_DTTM VARCHAR2(14) NULL,
      MAX_SEND_CNT NUMBER NULL,
      PERM_CPN CHAR(1) NULL,
      PERM_SYS CHAR(1) NULL,
      PERM_STA CHAR(1) NULL,
      NOW_SEND_CNT NUMBER NULL,
      LAST_SEND_DT CHAR(8) NULL,
      LOGIN_FAIL_CNT NUMBER NULL,
      EMP_PHONE VARCHAR2(15) NULL,
      PERM_PSN CHAR(1) NULL,
      PERM_AUT CHAR(1) NULL,
      PERM_CPN_AGREE CHAR(1) NULL,
      DEL_DTTM VARCHAR2(14) NULL,
      ACT_YN CHAR(1) NULL,
      LAST_LOGIN_DTTM VARCHAR2(14) NULL,
      PASS_UPDATE_DTTM CHAR(14) NULL,
      PASS_UPDATE_YN CHAR(1) DEFAULT ''N'' NOT NULL,
      PERM_SND_CANCEL CHAR(1) NULL,
      UPDATE_DTTM CHAR(14) NULL,
      PERM_NOM CHAR(1) NULL,
      PERM_NOM_AGREE CHAR(1) NULL,
      PERM_MMS CHAR(1) NULL,
      PERM_MMS_AGREE CHAR(1) NULL,
      OLD_PWD1 VARCHAR2(24) NULL,
      OLD_PWD2 VARCHAR2(24) NULL,
      OLD_PWD3 VARCHAR2(24) NULL,
      OLD_PWD4 VARCHAR2(24) NULL,
      OLD_PWD5 VARCHAR2(24) NULL,
      OLD_PWD6 VARCHAR2(24) NULL,
      OLD_PWD7 VARCHAR2(24) NULL,
      OLD_PWD8 VARCHAR2(24) NULL,
      OLD_PWD9 VARCHAR2(24) NULL,
      OLD_PWD10 VARCHAR2(24) NULL,
      MFA_YN CHAR(1) NULL,
      CONSTRAINT EMP_PK PRIMARY KEY (EMP_ID, DEPT_ID)
  )';
EXCEPTION
  WHEN OTHERS THEN
    IF SQLCODE != -955 THEN RAISE; END IF;
END;

2026-06-04 10:19:55.603 [main] INFO  jdbc.sqlonly - SELECT COUNT(1) FROM EMPLOYEE WHERE EMP_ID = 'admin'

2026-06-04 10:19:55.653 [main] INFO  jdbc.sqlonly - SELECT COUNT(1) FROM TB_DEP

2026-06-04 10:19:55.658 [main] INFO  jdbc.sqlonly - BEGIN
  EXECUTE IMMEDIATE 'CREATE TABLE TB_PRIVACY_AUDIT_LOG (
      log_id NUMBER GENERATED ALWAYS AS IDENTITY PRIMARY KEY,
      executor_id VARCHAR2(50) NOT NULL,
      executor_ip VARCHAR2(50),
      request_url VARCHAR2(200),
      action_type VARCHAR2(100) NOT NULL,
      target_data VARCHAR2(500),
      created_at TIMESTAMP DEFAULT CURRENT_TIMESTAMP
  )';
EXCEPTION
  WHEN OTHERS THEN
    IF SQLCODE != -955 THEN RAISE; END IF;
END;

2026-06-04 10:19:55.666 [main] INFO  jdbc.sqlonly - BEGIN
  EXECUTE IMMEDIATE 'CREATE TABLE TB_ATTACH_FILE (
      file_id NUMBER GENERATED ALWAYS AS IDENTITY PRIMARY KEY,
      original_name VARCHAR2(300) NOT NULL,
      save_name VARCHAR2(300) NOT NULL,
      file_path VARCHAR2(500) NOT NULL,
      file_size NUMBER,
      ext VARCHAR2(10),
      created_at TIMESTAMP DEFAULT CURRENT_TIMESTAMP
  )';
EXCEPTION
  WHEN OTHERS THEN
    IF SQLCODE != -955 THEN RAISE; END IF;
END;

2026-06-04 10:19:55.671 [main] INFO  jdbc.sqlonly - BEGIN
  EXECUTE IMMEDIATE 'CREATE TABLE TB_MESSAGE (
      MSG_ID      NUMBER GENERATED ALWAYS AS IDENTITY PRIMARY KEY,
      DEPT_ID     VARCHAR2(50),
      MSG_CODE    VARCHAR2(50) UNIQUE NOT NULL,
      MSG_TYPE    VARCHAR2(20) DEFAULT ''NORMAL'' NOT NULL,
      MSG_TITLE   VARCHAR2(200) NOT NULL,
      MSG_CONTENT CLOB,
      FORBID_YN   CHAR(1) DEFAULT ''N'',
      SEND_POINT  VARCHAR2(100),
      USE_YN      CHAR(1) DEFAULT ''Y'',
      REG_ID      VARCHAR2(50),
      REG_DT      TIMESTAMP DEFAULT CURRENT_TIMESTAMP,
      UPD_ID      VARCHAR2(50),
      UPD_DT      TIMESTAMP
  )';
EXCEPTION
  WHEN OTHERS THEN
    IF SQLCODE != -955 THEN RAISE; END IF;
END;

2026-06-04 10:19:55.681 [main] INFO  jdbc.sqlonly - BEGIN
  EXECUTE IMMEDIATE 'CREATE TABLE TB_BANK (
      BANK_CD  VARCHAR2(10)  PRIMARY KEY,
      BANK_NM  VARCHAR2(100) NOT NULL,
      SWIFT_CD VARCHAR2(20),
      USE_YN   CHAR(1) DEFAULT ''Y''
  )';
EXCEPTION WHEN OTHERS THEN IF SQLCODE != -955 THEN RAISE; END IF;
END;

2026-06-04 10:19:55.710 [main] INFO  jdbc.sqlonly - SELECT COUNT(1) FROM TB_BANK WHERE BANK_CD = 'KB'

2026-06-04 10:19:55.718 [main] INFO  jdbc.sqlonly - SELECT COUNT(1) FROM TB_BANK WHERE BANK_CD = 'SHIN'

2026-06-04 10:19:55.720 [main] INFO  jdbc.sqlonly - SELECT COUNT(1) FROM TB_BANK WHERE BANK_CD = 'WOORI'

2026-06-04 10:19:55.722 [main] INFO  jdbc.sqlonly - SELECT COUNT(1) FROM TB_BANK WHERE BANK_CD = 'HANA'

2026-06-04 10:19:55.724 [main] INFO  jdbc.sqlonly - SELECT COUNT(1) FROM TB_BANK WHERE BANK_CD = 'IBK'

2026-06-04 10:19:55.726 [main] INFO  jdbc.sqlonly - SELECT COUNT(1) FROM TB_BANK WHERE BANK_CD = 'KEB'

2026-06-04 10:19:55.728 [main] INFO  jdbc.sqlonly - SELECT COUNT(1) FROM TB_BANK WHERE BANK_CD = 'NH'

2026-06-04 10:19:55.729 [main] INFO  jdbc.sqlonly - SELECT COUNT(1) FROM TB_BANK WHERE BANK_CD = 'SC'

2026-06-04 10:19:55.731 [main] INFO  jdbc.sqlonly - SELECT COUNT(1) FROM TB_BANK WHERE BANK_CD = 'CITI'

2026-06-04 10:19:55.732 [main] INFO  jdbc.sqlonly - SELECT COUNT(1) FROM TB_BANK WHERE BANK_CD = 'DGB'

2026-06-04 10:19:55.733 [main] INFO  jdbc.sqlonly - SELECT COUNT(1) FROM TB_BANK WHERE BANK_CD = 'BNK'

2026-06-04 10:19:55.735 [main] INFO  jdbc.sqlonly - SELECT COUNT(1) FROM TB_BANK WHERE BANK_CD = 'JB'

2026-06-04 10:19:55.736 [main] INFO  jdbc.sqlonly - SELECT COUNT(1) FROM TB_BANK WHERE BANK_CD = 'KDB'

2026-06-04 10:19:55.738 [main] INFO  jdbc.sqlonly - SELECT COUNT(1) FROM TB_BANK WHERE BANK_CD = 'KIBO'

2026-06-04 10:19:55.739 [main] INFO  jdbc.sqlonly - BEGIN
  EXECUTE IMMEDIATE 'CREATE TABLE TB_CUSTOMER_SSN (
      PHONE_NO     VARCHAR2(20) PRIMARY KEY,
      SSN_MASKED   VARCHAR2(14),
      HOLDER_NAME  VARCHAR2(100),
      DEPT_NM      VARCHAR2(100),
      INTERMEDIARY VARCHAR2(100),
      REG_DT       TIMESTAMP DEFAULT CURRENT_TIMESTAMP
  )';
EXCEPTION WHEN OTHERS THEN IF SQLCODE != -955 THEN RAISE; END IF;
END;

2026-06-04 10:19:55.745 [main] INFO  jdbc.sqlonly - SELECT COUNT(1) FROM USER_TAB_COLUMNS WHERE TABLE_NAME = 'EMPLOYEE' AND COLUMN_NAME = 'MFA_YN'

2026-06-04 10:19:55.887 [main] INFO  jdbc.sqlonly - SELECT COUNT(1) FROM USER_TAB_COLUMNS WHERE TABLE_NAME = 'CAMPAIGN' AND COLUMN_NAME = 'REG_ID'

2026-06-04 10:19:55.891 [main] INFO  jdbc.sqlonly - SELECT COUNT(1) FROM USER_TAB_COLUMNS WHERE TABLE_NAME = 'CAMPAIGN' AND COLUMN_NAME = 'TARGET_COUNT'

2026-06-04 10:19:56.002 [main] INFO  jdbc.sqlonly - SELECT COUNT(1) FROM USER_TAB_COLUMNS WHERE TABLE_NAME = 'CAMPAIGN' AND COLUMN_NAME = 'APRV_USER'

2026-06-04 10:19:56.005 [main] INFO  jdbc.sqlonly - SELECT COUNT(1) FROM USER_TAB_COLUMNS WHERE TABLE_NAME = 'CAMPAIGN' AND COLUMN_NAME = 'APRV_DT'

2026-06-04 10:19:56.006 [main] INFO  jdbc.sqlonly - SELECT COUNT(1) FROM TB_SMS_HISTORY

2026-06-04 10:19:56.011 [main] INFO  jdbc.sqlonly - DELETE FROM TB_GROUP_CONTACT_MAP

2026-06-04 10:19:56.025 [main] INFO  jdbc.sqlonly - DELETE FROM TB_CONTACT

2026-06-04 10:19:56.035 [main] INFO  jdbc.sqlonly - SELECT GROUP_ID FROM (SELECT GROUP_ID FROM TB_CONTACT_GROUP ORDER BY GROUP_ID DESC) WHERE ROWNUM <= 5

2026-06-04 10:19:56.043 [main] INFO  jdbc.sqlonly - INSERT INTO TB_CONTACT (CONTACT_NM, PHONE_NO, COMPANY_NM, REG_DT, REG_ID) VALUES ('테스트고객1', '010-0001-0001', '(주)테스트기업2', SYSDATE, 'SYSTEM')

2026-06-04 10:19:56.051 [main] INFO  jdbc.sqlonly - INSERT INTO TB_CONTACT (CONTACT_NM, PHONE_NO, COMPANY_NM, REG_DT, REG_ID) VALUES ('테스트고객2', '010-0002-0002', '(주)테스트기업3', SYSDATE, 'SYSTEM')

2026-06-04 10:19:56.055 [main] INFO  jdbc.sqlonly - INSERT INTO TB_CONTACT (CONTACT_NM, PHONE_NO, COMPANY_NM, REG_DT, REG_ID) VALUES ('테스트고객3', '010-0003-0003', '(주)테스트기업1', SYSDATE, 'SYSTEM')

2026-06-04 10:19:56.058 [main] INFO  jdbc.sqlonly - INSERT INTO TB_CONTACT (CONTACT_NM, PHONE_NO, COMPANY_NM, REG_DT, REG_ID) VALUES ('테스트고객4', '010-0004-0004', '(주)테스트기업2', SYSDATE, 'SYSTEM')

2026-06-04 10:19:56.061 [main] INFO  jdbc.sqlonly - INSERT INTO TB_CONTACT (CONTACT_NM, PHONE_NO, COMPANY_NM, REG_DT, REG_ID) VALUES ('테스트고객5', '010-0005-0005', '(주)테스트기업3', SYSDATE, 'SYSTEM')

2026-06-04 10:19:56.066 [main] INFO  jdbc.sqlonly - INSERT INTO TB_CONTACT (CONTACT_NM, PHONE_NO, COMPANY_NM, REG_DT, REG_ID) VALUES ('테스트고객6', '010-0006-0006', '(주)테스트기업1', SYSDATE, 'SYSTEM')

2026-06-04 10:19:56.069 [main] INFO  jdbc.sqlonly - INSERT INTO TB_CONTACT (CONTACT_NM, PHONE_NO, COMPANY_NM, REG_DT, REG_ID) VALUES ('테스트고객7', '010-0007-0007', '(주)테스트기업2', SYSDATE, 'SYSTEM')

2026-06-04 10:19:56.072 [main] INFO  jdbc.sqlonly - INSERT INTO TB_CONTACT (CONTACT_NM, PHONE_NO, COMPANY_NM, REG_DT, REG_ID) VALUES ('테스트고객8', '010-0008-0008', '(주)테스트기업3', SYSDATE, 'SYSTEM')

2026-06-04 10:19:56.077 [main] INFO  jdbc.sqlonly - INSERT INTO TB_CONTACT (CONTACT_NM, PHONE_NO, COMPANY_NM, REG_DT, REG_ID) VALUES ('테스트고객9', '010-0009-0009', '(주)테스트기업1', SYSDATE, 'SYSTEM')

2026-06-04 10:19:56.081 [main] INFO  jdbc.sqlonly - INSERT INTO TB_CONTACT (CONTACT_NM, PHONE_NO, COMPANY_NM, REG_DT, REG_ID) VALUES ('테스트고객10', '010-0010-0010', '(주)테스트기업2', SYSDATE, 'SYSTEM')

2026-06-04 10:19:56.085 [main] INFO  jdbc.sqlonly - INSERT INTO TB_CONTACT (CONTACT_NM, PHONE_NO, COMPANY_NM, REG_DT, REG_ID) VALUES ('테스트고객11', '010-0011-0011', '(주)테스트기업3', SYSDATE, 'SYSTEM')

2026-06-04 10:19:56.088 [main] INFO  jdbc.sqlonly - INSERT INTO TB_CONTACT (CONTACT_NM, PHONE_NO, COMPANY_NM, REG_DT, REG_ID) VALUES ('테스트고객12', '010-0012-0012', '(주)테스트기업1', SYSDATE, 'SYSTEM')

2026-06-04 10:19:56.092 [main] INFO  jdbc.sqlonly - INSERT INTO TB_CONTACT (CONTACT_NM, PHONE_NO, COMPANY_NM, REG_DT, REG_ID) VALUES ('테스트고객13', '010-0013-0013', '(주)테스트기업2', SYSDATE, 'SYSTEM')

2026-06-04 10:19:56.096 [main] INFO  jdbc.sqlonly - INSERT INTO TB_CONTACT (CONTACT_NM, PHONE_NO, COMPANY_NM, REG_DT, REG_ID) VALUES ('테스트고객14', '010-0014-0014', '(주)테스트기업3', SYSDATE, 'SYSTEM')

2026-06-04 10:19:56.098 [main] INFO  jdbc.sqlonly - INSERT INTO TB_CONTACT (CONTACT_NM, PHONE_NO, COMPANY_NM, REG_DT, REG_ID) VALUES ('테스트고객15', '010-0015-0015', '(주)테스트기업1', SYSDATE, 'SYSTEM')

2026-06-04 10:19:56.102 [main] INFO  jdbc.sqlonly - INSERT INTO TB_CONTACT (CONTACT_NM, PHONE_NO, COMPANY_NM, REG_DT, REG_ID) VALUES ('테스트고객16', '010-0016-0016', '(주)테스트기업2', SYSDATE, 'SYSTEM')

2026-06-04 10:19:56.104 [main] INFO  jdbc.sqlonly - INSERT INTO TB_CONTACT (CONTACT_NM, PHONE_NO, COMPANY_NM, REG_DT, REG_ID) VALUES ('테스트고객17', '010-0017-0017', '(주)테스트기업3', SYSDATE, 'SYSTEM')

2026-06-04 10:19:56.108 [main] INFO  jdbc.sqlonly - INSERT INTO TB_CONTACT (CONTACT_NM, PHONE_NO, COMPANY_NM, REG_DT, REG_ID) VALUES ('테스트고객18', '010-0018-0018', '(주)테스트기업1', SYSDATE, 'SYSTEM')

2026-06-04 10:19:56.112 [main] INFO  jdbc.sqlonly - INSERT INTO TB_CONTACT (CONTACT_NM, PHONE_NO, COMPANY_NM, REG_DT, REG_ID) VALUES ('테스트고객19', '010-0019-0019', '(주)테스트기업2', SYSDATE, 'SYSTEM')

2026-06-04 10:19:56.115 [main] INFO  jdbc.sqlonly - INSERT INTO TB_CONTACT (CONTACT_NM, PHONE_NO, COMPANY_NM, REG_DT, REG_ID) VALUES ('테스트고객20', '010-0020-0020', '(주)테스트기업3', SYSDATE, 'SYSTEM')

2026-06-04 10:19:56.118 [main] INFO  jdbc.sqlonly - INSERT INTO TB_CONTACT (CONTACT_NM, PHONE_NO, COMPANY_NM, REG_DT, REG_ID) VALUES ('테스트고객21', '010-0021-0021', '(주)테스트기업1', SYSDATE, 'SYSTEM')

2026-06-04 10:19:56.123 [main] INFO  jdbc.sqlonly - INSERT INTO TB_CONTACT (CONTACT_NM, PHONE_NO, COMPANY_NM, REG_DT, REG_ID) VALUES ('테스트고객22', '010-0022-0022', '(주)테스트기업2', SYSDATE, 'SYSTEM')

2026-06-04 10:19:56.127 [main] INFO  jdbc.sqlonly - INSERT INTO TB_CONTACT (CONTACT_NM, PHONE_NO, COMPANY_NM, REG_DT, REG_ID) VALUES ('테스트고객23', '010-0023-0023', '(주)테스트기업3', SYSDATE, 'SYSTEM')

2026-06-04 10:19:56.130 [main] INFO  jdbc.sqlonly - INSERT INTO TB_CONTACT (CONTACT_NM, PHONE_NO, COMPANY_NM, REG_DT, REG_ID) VALUES ('테스트고객24', '010-0024-0024', '(주)테스트기업1', SYSDATE, 'SYSTEM')

2026-06-04 10:19:56.133 [main] INFO  jdbc.sqlonly - INSERT INTO TB_CONTACT (CONTACT_NM, PHONE_NO, COMPANY_NM, REG_DT, REG_ID) VALUES ('테스트고객25', '010-0025-0025', '(주)테스트기업2', SYSDATE, 'SYSTEM')

2026-06-04 10:19:56.137 [main] INFO  jdbc.sqlonly - INSERT INTO TB_CONTACT (CONTACT_NM, PHONE_NO, COMPANY_NM, REG_DT, REG_ID) VALUES ('테스트고객26', '010-0026-0026', '(주)테스트기업3', SYSDATE, 'SYSTEM')

2026-06-04 10:19:56.140 [main] INFO  jdbc.sqlonly - INSERT INTO TB_CONTACT (CONTACT_NM, PHONE_NO, COMPANY_NM, REG_DT, REG_ID) VALUES ('테스트고객27', '010-0027-0027', '(주)테스트기업1', SYSDATE, 'SYSTEM')

2026-06-04 10:19:56.143 [main] INFO  jdbc.sqlonly - INSERT INTO TB_CONTACT (CONTACT_NM, PHONE_NO, COMPANY_NM, REG_DT, REG_ID) VALUES ('테스트고객28', '010-0028-0028', '(주)테스트기업2', SYSDATE, 'SYSTEM')

2026-06-04 10:19:56.146 [main] INFO  jdbc.sqlonly - INSERT INTO TB_CONTACT (CONTACT_NM, PHONE_NO, COMPANY_NM, REG_DT, REG_ID) VALUES ('테스트고객29', '010-0029-0029', '(주)테스트기업3', SYSDATE, 'SYSTEM')

2026-06-04 10:19:56.149 [main] INFO  jdbc.sqlonly - INSERT INTO TB_CONTACT (CONTACT_NM, PHONE_NO, COMPANY_NM, REG_DT, REG_ID) VALUES ('테스트고객30', '010-0030-0030', '(주)테스트기업1', SYSDATE, 'SYSTEM')

2026-06-04 10:19:56.152 [main] INFO  jdbc.sqlonly - INSERT INTO TB_CONTACT (CONTACT_NM, PHONE_NO, COMPANY_NM, REG_DT, REG_ID) VALUES ('테스트고객31', '010-0031-0031', '(주)테스트기업2', SYSDATE, 'SYSTEM')

2026-06-04 10:19:56.155 [main] INFO  jdbc.sqlonly - INSERT INTO TB_CONTACT (CONTACT_NM, PHONE_NO, COMPANY_NM, REG_DT, REG_ID) VALUES ('테스트고객32', '010-0032-0032', '(주)테스트기업3', SYSDATE, 'SYSTEM')

2026-06-04 10:19:56.158 [main] INFO  jdbc.sqlonly - INSERT INTO TB_CONTACT (CONTACT_NM, PHONE_NO, COMPANY_NM, REG_DT, REG_ID) VALUES ('테스트고객33', '010-0033-0033', '(주)테스트기업1', SYSDATE, 'SYSTEM')

2026-06-04 10:19:56.161 [main] INFO  jdbc.sqlonly - INSERT INTO TB_CONTACT (CONTACT_NM, PHONE_NO, COMPANY_NM, REG_DT, REG_ID) VALUES ('테스트고객34', '010-0034-0034', '(주)테스트기업2', SYSDATE, 'SYSTEM')

2026-06-04 10:19:56.164 [main] INFO  jdbc.sqlonly - INSERT INTO TB_CONTACT (CONTACT_NM, PHONE_NO, COMPANY_NM, REG_DT, REG_ID) VALUES ('테스트고객35', '010-0035-0035', '(주)테스트기업3', SYSDATE, 'SYSTEM')

2026-06-04 10:19:56.168 [main] INFO  jdbc.sqlonly - INSERT INTO TB_CONTACT (CONTACT_NM, PHONE_NO, COMPANY_NM, REG_DT, REG_ID) VALUES ('테스트고객36', '010-0036-0036', '(주)테스트기업1', SYSDATE, 'SYSTEM')

2026-06-04 10:19:56.172 [main] INFO  jdbc.sqlonly - INSERT INTO TB_CONTACT (CONTACT_NM, PHONE_NO, COMPANY_NM, REG_DT, REG_ID) VALUES ('테스트고객37', '010-0037-0037', '(주)테스트기업2', SYSDATE, 'SYSTEM')

2026-06-04 10:19:56.176 [main] INFO  jdbc.sqlonly - INSERT INTO TB_CONTACT (CONTACT_NM, PHONE_NO, COMPANY_NM, REG_DT, REG_ID) VALUES ('테스트고객38', '010-0038-0038', '(주)테스트기업3', SYSDATE, 'SYSTEM')

2026-06-04 10:19:56.179 [main] INFO  jdbc.sqlonly - INSERT INTO TB_CONTACT (CONTACT_NM, PHONE_NO, COMPANY_NM, REG_DT, REG_ID) VALUES ('테스트고객39', '010-0039-0039', '(주)테스트기업1', SYSDATE, 'SYSTEM')

2026-06-04 10:19:56.182 [main] INFO  jdbc.sqlonly - INSERT INTO TB_CONTACT (CONTACT_NM, PHONE_NO, COMPANY_NM, REG_DT, REG_ID) VALUES ('테스트고객40', '010-0040-0040', '(주)테스트기업2', SYSDATE, 'SYSTEM')

2026-06-04 10:19:56.186 [main] INFO  jdbc.sqlonly - INSERT INTO TB_CONTACT (CONTACT_NM, PHONE_NO, COMPANY_NM, REG_DT, REG_ID) VALUES ('테스트고객41', '010-0041-0041', '(주)테스트기업3', SYSDATE, 'SYSTEM')

2026-06-04 10:19:56.189 [main] INFO  jdbc.sqlonly - INSERT INTO TB_CONTACT (CONTACT_NM, PHONE_NO, COMPANY_NM, REG_DT, REG_ID) VALUES ('테스트고객42', '010-0042-0042', '(주)테스트기업1', SYSDATE, 'SYSTEM')

2026-06-04 10:19:56.192 [main] INFO  jdbc.sqlonly - INSERT INTO TB_CONTACT (CONTACT_NM, PHONE_NO, COMPANY_NM, REG_DT, REG_ID) VALUES ('테스트고객43', '010-0043-0043', '(주)테스트기업2', SYSDATE, 'SYSTEM')

2026-06-04 10:19:56.195 [main] INFO  jdbc.sqlonly - INSERT INTO TB_CONTACT (CONTACT_NM, PHONE_NO, COMPANY_NM, REG_DT, REG_ID) VALUES ('테스트고객44', '010-0044-0044', '(주)테스트기업3', SYSDATE, 'SYSTEM')

2026-06-04 10:19:56.198 [main] INFO  jdbc.sqlonly - INSERT INTO TB_CONTACT (CONTACT_NM, PHONE_NO, COMPANY_NM, REG_DT, REG_ID) VALUES ('테스트고객45', '010-0045-0045', '(주)테스트기업1', SYSDATE, 'SYSTEM')

2026-06-04 10:19:56.201 [main] INFO  jdbc.sqlonly - INSERT INTO TB_CONTACT (CONTACT_NM, PHONE_NO, COMPANY_NM, REG_DT, REG_ID) VALUES ('테스트고객46', '010-0046-0046', '(주)테스트기업2', SYSDATE, 'SYSTEM')

2026-06-04 10:19:56.204 [main] INFO  jdbc.sqlonly - INSERT INTO TB_CONTACT (CONTACT_NM, PHONE_NO, COMPANY_NM, REG_DT, REG_ID) VALUES ('테스트고객47', '010-0047-0047', '(주)테스트기업3', SYSDATE, 'SYSTEM')

2026-06-04 10:19:56.209 [main] INFO  jdbc.sqlonly - INSERT INTO TB_CONTACT (CONTACT_NM, PHONE_NO, COMPANY_NM, REG_DT, REG_ID) VALUES ('테스트고객48', '010-0048-0048', '(주)테스트기업1', SYSDATE, 'SYSTEM')

2026-06-04 10:19:56.212 [main] INFO  jdbc.sqlonly - INSERT INTO TB_CONTACT (CONTACT_NM, PHONE_NO, COMPANY_NM, REG_DT, REG_ID) VALUES ('테스트고객49', '010-0049-0049', '(주)테스트기업2', SYSDATE, 'SYSTEM')

2026-06-04 10:19:56.216 [main] INFO  jdbc.sqlonly - INSERT INTO TB_CONTACT (CONTACT_NM, PHONE_NO, COMPANY_NM, REG_DT, REG_ID) VALUES ('테스트고객50', '010-0050-0050', '(주)테스트기업3', SYSDATE, 'SYSTEM')

2026-06-04 10:19:56.219 [main] INFO  jdbc.sqlonly - SELECT CONTACT_ID FROM TB_CONTACT

2026-06-04 10:19:56.227 [main] INFO  jdbc.sqlonly - INSERT INTO TB_GROUP_CONTACT_MAP (GROUP_ID, CONTACT_ID, REG_DT) VALUES ('205', '5521', SYSDATE)

2026-06-04 10:19:56.234 [main] INFO  jdbc.sqlonly - INSERT INTO TB_GROUP_CONTACT_MAP (GROUP_ID, CONTACT_ID, REG_DT) VALUES ('204', '5522', SYSDATE)

2026-06-04 10:19:56.238 [main] INFO  jdbc.sqlonly - INSERT INTO TB_GROUP_CONTACT_MAP (GROUP_ID, CONTACT_ID, REG_DT) VALUES ('203', '5523', SYSDATE)

2026-06-04 10:19:56.241 [main] INFO  jdbc.sqlonly - INSERT INTO TB_GROUP_CONTACT_MAP (GROUP_ID, CONTACT_ID, REG_DT) VALUES ('202', '5524', SYSDATE)

2026-06-04 10:19:56.244 [main] INFO  jdbc.sqlonly - INSERT INTO TB_GROUP_CONTACT_MAP (GROUP_ID, CONTACT_ID, REG_DT) VALUES ('201', '5525', SYSDATE)

2026-06-04 10:19:56.247 [main] INFO  jdbc.sqlonly - INSERT INTO TB_GROUP_CONTACT_MAP (GROUP_ID, CONTACT_ID, REG_DT) VALUES ('205', '5526', SYSDATE)

2026-06-04 10:19:56.249 [main] INFO  jdbc.sqlonly - INSERT INTO TB_GROUP_CONTACT_MAP (GROUP_ID, CONTACT_ID, REG_DT) VALUES ('204', '5527', SYSDATE)

2026-06-04 10:19:56.251 [main] INFO  jdbc.sqlonly - INSERT INTO TB_GROUP_CONTACT_MAP (GROUP_ID, CONTACT_ID, REG_DT) VALUES ('203', '5528', SYSDATE)

2026-06-04 10:19:56.254 [main] INFO  jdbc.sqlonly - INSERT INTO TB_GROUP_CONTACT_MAP (GROUP_ID, CONTACT_ID, REG_DT) VALUES ('202', '5529', SYSDATE)

2026-06-04 10:19:56.256 [main] INFO  jdbc.sqlonly - INSERT INTO TB_GROUP_CONTACT_MAP (GROUP_ID, CONTACT_ID, REG_DT) VALUES ('201', '5530', SYSDATE)

2026-06-04 10:19:56.259 [main] INFO  jdbc.sqlonly - INSERT INTO TB_GROUP_CONTACT_MAP (GROUP_ID, CONTACT_ID, REG_DT) VALUES ('205', '5531', SYSDATE)

2026-06-04 10:19:56.263 [main] INFO  jdbc.sqlonly - INSERT INTO TB_GROUP_CONTACT_MAP (GROUP_ID, CONTACT_ID, REG_DT) VALUES ('204', '5532', SYSDATE)

2026-06-04 10:19:56.266 [main] INFO  jdbc.sqlonly - INSERT INTO TB_GROUP_CONTACT_MAP (GROUP_ID, CONTACT_ID, REG_DT) VALUES ('203', '5533', SYSDATE)

2026-06-04 10:19:56.270 [main] INFO  jdbc.sqlonly - INSERT INTO TB_GROUP_CONTACT_MAP (GROUP_ID, CONTACT_ID, REG_DT) VALUES ('202', '5534', SYSDATE)

2026-06-04 10:19:56.273 [main] INFO  jdbc.sqlonly - INSERT INTO TB_GROUP_CONTACT_MAP (GROUP_ID, CONTACT_ID, REG_DT) VALUES ('201', '5535', SYSDATE)

2026-06-04 10:19:56.277 [main] INFO  jdbc.sqlonly - INSERT INTO TB_GROUP_CONTACT_MAP (GROUP_ID, CONTACT_ID, REG_DT) VALUES ('205', '5536', SYSDATE)

2026-06-04 10:19:56.280 [main] INFO  jdbc.sqlonly - INSERT INTO TB_GROUP_CONTACT_MAP (GROUP_ID, CONTACT_ID, REG_DT) VALUES ('204', '5537', SYSDATE)

2026-06-04 10:19:56.283 [main] INFO  jdbc.sqlonly - INSERT INTO TB_GROUP_CONTACT_MAP (GROUP_ID, CONTACT_ID, REG_DT) VALUES ('203', '5538', SYSDATE)

2026-06-04 10:19:56.286 [main] INFO  jdbc.sqlonly - INSERT INTO TB_GROUP_CONTACT_MAP (GROUP_ID, CONTACT_ID, REG_DT) VALUES ('202', '5539', SYSDATE)

2026-06-04 10:19:56.290 [main] INFO  jdbc.sqlonly - INSERT INTO TB_GROUP_CONTACT_MAP (GROUP_ID, CONTACT_ID, REG_DT) VALUES ('201', '5540', SYSDATE)

2026-06-04 10:19:56.293 [main] INFO  jdbc.sqlonly - INSERT INTO TB_GROUP_CONTACT_MAP (GROUP_ID, CONTACT_ID, REG_DT) VALUES ('205', '5541', SYSDATE)

2026-06-04 10:19:56.296 [main] INFO  jdbc.sqlonly - INSERT INTO TB_GROUP_CONTACT_MAP (GROUP_ID, CONTACT_ID, REG_DT) VALUES ('204', '5542', SYSDATE)

2026-06-04 10:19:56.299 [main] INFO  jdbc.sqlonly - INSERT INTO TB_GROUP_CONTACT_MAP (GROUP_ID, CONTACT_ID, REG_DT) VALUES ('203', '5543', SYSDATE)

2026-06-04 10:19:56.302 [main] INFO  jdbc.sqlonly - INSERT INTO TB_GROUP_CONTACT_MAP (GROUP_ID, CONTACT_ID, REG_DT) VALUES ('202', '5544', SYSDATE)

2026-06-04 10:19:56.306 [main] INFO  jdbc.sqlonly - INSERT INTO TB_GROUP_CONTACT_MAP (GROUP_ID, CONTACT_ID, REG_DT) VALUES ('201', '5545', SYSDATE)

2026-06-04 10:19:56.309 [main] INFO  jdbc.sqlonly - INSERT INTO TB_GROUP_CONTACT_MAP (GROUP_ID, CONTACT_ID, REG_DT) VALUES ('205', '5546', SYSDATE)

2026-06-04 10:19:56.312 [main] INFO  jdbc.sqlonly - INSERT INTO TB_GROUP_CONTACT_MAP (GROUP_ID, CONTACT_ID, REG_DT) VALUES ('204', '5547', SYSDATE)

2026-06-04 10:19:56.314 [main] INFO  jdbc.sqlonly - INSERT INTO TB_GROUP_CONTACT_MAP (GROUP_ID, CONTACT_ID, REG_DT) VALUES ('203', '5548', SYSDATE)

2026-06-04 10:19:56.316 [main] INFO  jdbc.sqlonly - INSERT INTO TB_GROUP_CONTACT_MAP (GROUP_ID, CONTACT_ID, REG_DT) VALUES ('202', '5549', SYSDATE)

2026-06-04 10:19:56.319 [main] INFO  jdbc.sqlonly - INSERT INTO TB_GROUP_CONTACT_MAP (GROUP_ID, CONTACT_ID, REG_DT) VALUES ('201', '5550', SYSDATE)

2026-06-04 10:19:56.323 [main] INFO  jdbc.sqlonly - INSERT INTO TB_GROUP_CONTACT_MAP (GROUP_ID, CONTACT_ID, REG_DT) VALUES ('205', '5551', SYSDATE)

2026-06-04 10:19:56.325 [main] INFO  jdbc.sqlonly - INSERT INTO TB_GROUP_CONTACT_MAP (GROUP_ID, CONTACT_ID, REG_DT) VALUES ('204', '5552', SYSDATE)

2026-06-04 10:19:56.329 [main] INFO  jdbc.sqlonly - INSERT INTO TB_GROUP_CONTACT_MAP (GROUP_ID, CONTACT_ID, REG_DT) VALUES ('203', '5553', SYSDATE)

2026-06-04 10:19:56.332 [main] INFO  jdbc.sqlonly - INSERT INTO TB_GROUP_CONTACT_MAP (GROUP_ID, CONTACT_ID, REG_DT) VALUES ('202', '5554', SYSDATE)

2026-06-04 10:19:56.335 [main] INFO  jdbc.sqlonly - INSERT INTO TB_GROUP_CONTACT_MAP (GROUP_ID, CONTACT_ID, REG_DT) VALUES ('201', '5555', SYSDATE)

2026-06-04 10:19:56.338 [main] INFO  jdbc.sqlonly - INSERT INTO TB_GROUP_CONTACT_MAP (GROUP_ID, CONTACT_ID, REG_DT) VALUES ('205', '5556', SYSDATE)

2026-06-04 10:19:56.340 [main] INFO  jdbc.sqlonly - INSERT INTO TB_GROUP_CONTACT_MAP (GROUP_ID, CONTACT_ID, REG_DT) VALUES ('204', '5557', SYSDATE)

2026-06-04 10:19:56.343 [main] INFO  jdbc.sqlonly - INSERT INTO TB_GROUP_CONTACT_MAP (GROUP_ID, CONTACT_ID, REG_DT) VALUES ('203', '5558', SYSDATE)

2026-06-04 10:19:56.346 [main] INFO  jdbc.sqlonly - INSERT INTO TB_GROUP_CONTACT_MAP (GROUP_ID, CONTACT_ID, REG_DT) VALUES ('202', '5559', SYSDATE)

2026-06-04 10:19:56.348 [main] INFO  jdbc.sqlonly - INSERT INTO TB_GROUP_CONTACT_MAP (GROUP_ID, CONTACT_ID, REG_DT) VALUES ('201', '5560', SYSDATE)

2026-06-04 10:19:56.351 [main] INFO  jdbc.sqlonly - INSERT INTO TB_GROUP_CONTACT_MAP (GROUP_ID, CONTACT_ID, REG_DT) VALUES ('205', '5561', SYSDATE)

2026-06-04 10:19:56.355 [main] INFO  jdbc.sqlonly - INSERT INTO TB_GROUP_CONTACT_MAP (GROUP_ID, CONTACT_ID, REG_DT) VALUES ('204', '5562', SYSDATE)

2026-06-04 10:19:56.358 [main] INFO  jdbc.sqlonly - INSERT INTO TB_GROUP_CONTACT_MAP (GROUP_ID, CONTACT_ID, REG_DT) VALUES ('203', '5563', SYSDATE)

2026-06-04 10:19:56.361 [main] INFO  jdbc.sqlonly - INSERT INTO TB_GROUP_CONTACT_MAP (GROUP_ID, CONTACT_ID, REG_DT) VALUES ('202', '5564', SYSDATE)

2026-06-04 10:19:56.364 [main] INFO  jdbc.sqlonly - INSERT INTO TB_GROUP_CONTACT_MAP (GROUP_ID, CONTACT_ID, REG_DT) VALUES ('201', '5565', SYSDATE)

2026-06-04 10:19:56.366 [main] INFO  jdbc.sqlonly - INSERT INTO TB_GROUP_CONTACT_MAP (GROUP_ID, CONTACT_ID, REG_DT) VALUES ('205', '5566', SYSDATE)

2026-06-04 10:19:56.370 [main] INFO  jdbc.sqlonly - INSERT INTO TB_GROUP_CONTACT_MAP (GROUP_ID, CONTACT_ID, REG_DT) VALUES ('204', '5567', SYSDATE)

2026-06-04 10:19:56.373 [main] INFO  jdbc.sqlonly - INSERT INTO TB_GROUP_CONTACT_MAP (GROUP_ID, CONTACT_ID, REG_DT) VALUES ('203', '5568', SYSDATE)

2026-06-04 10:19:56.375 [main] INFO  jdbc.sqlonly - INSERT INTO TB_GROUP_CONTACT_MAP (GROUP_ID, CONTACT_ID, REG_DT) VALUES ('202', '5569', SYSDATE)

2026-06-04 10:19:56.378 [main] INFO  jdbc.sqlonly - INSERT INTO TB_GROUP_CONTACT_MAP (GROUP_ID, CONTACT_ID, REG_DT) VALUES ('201', '5570', SYSDATE)

2026-06-04 10:19:56.380 [main] INFO  jdbc.sqlonly - DELETE FROM TB_MENU_AUTH WHERE MENU_CD IN (SELECT MENU_CD FROM TB_MENU WHERE MENU_URL LIKE '/contact%')

2026-06-04 10:19:56.386 [main] INFO  jdbc.sqlonly - DELETE FROM TB_MENU WHERE MENU_URL LIKE '/contact%'

2026-06-04 10:19:56.390 [main] INFO  jdbc.sqlonly - DELETE FROM TB_MENU_AUTH WHERE MENU_CD IN (SELECT MENU_CD FROM TB_MENU WHERE MENU_URL = '/basic/notice' AND MENU_CD != 'M_BASIC_NOTICE')

2026-06-04 10:19:56.393 [main] INFO  jdbc.sqlonly - DELETE FROM TB_MENU WHERE MENU_URL = '/basic/notice' AND MENU_CD != 'M_BASIC_NOTICE'

2026-06-04 10:19:56.397 [main] INFO  jdbc.sqlonly - DELETE FROM TB_MENU_AUTH WHERE MENU_CD IN (SELECT MENU_CD FROM TB_MENU WHERE MENU_NM = 'SMS발송조회' AND MENU_CD != 'M_SMS_SEND')

2026-06-04 10:19:56.402 [main] INFO  jdbc.sqlonly - DELETE FROM TB_MENU WHERE MENU_NM = 'SMS발송조회' AND MENU_CD != 'M_SMS_SEND'

2026-06-04 10:19:56.405 [main] INFO  jdbc.sqlonly - DELETE FROM TB_MENU_AUTH WHERE MENU_CD IN (SELECT MENU_CD FROM TB_MENU WHERE MENU_NM = '메세지 발송 이력 조회')

2026-06-04 10:19:56.409 [main] INFO  jdbc.sqlonly - DELETE FROM TB_MENU WHERE MENU_NM = '메세지 발송 이력 조회'

2026-06-04 10:19:56.412 [main] INFO  jdbc.sqlonly - DELETE FROM TB_MENU_AUTH WHERE MENU_CD IN (SELECT MENU_CD FROM TB_MENU WHERE MENU_NM = '발송 이력(엔진 테스트)')

2026-06-04 10:19:56.414 [main] INFO  jdbc.sqlonly - DELETE FROM TB_MENU WHERE MENU_NM = '발송 이력(엔진 테스트)'

2026-06-04 10:19:56.415 [main] INFO  jdbc.sqlonly - DELETE FROM TB_MENU_AUTH WHERE MENU_CD IN (SELECT MENU_CD FROM TB_MENU WHERE MENU_NM = 'SMS 발송조회')

2026-06-04 10:19:56.416 [main] INFO  jdbc.sqlonly - DELETE FROM TB_MENU WHERE MENU_NM = 'SMS 발송조회'

2026-06-04 10:19:56.417 [main] INFO  jdbc.sqlonly - DELETE FROM TB_MENU_AUTH WHERE MENU_CD IN (SELECT MENU_CD FROM TB_MENU WHERE MENU_URL LIKE '/basic/motice')

2026-06-04 10:19:56.418 [main] INFO  jdbc.sqlonly - DELETE FROM TB_MENU WHERE MENU_URL LIKE '/basic/motice'

2026-06-04 10:19:56.419 [main] INFO  jdbc.sqlonly - SELECT COUNT(1) FROM TB_MENU WHERE MENU_CD = 'M_BASIC'

2026-06-04 10:19:56.422 [main] INFO  jdbc.sqlonly - SELECT COUNT(1) FROM TB_MENU WHERE MENU_CD = 'M_SMS_SEND'

2026-06-04 10:19:56.425 [main] INFO  jdbc.sqlonly - SELECT COUNT(1) FROM TB_MENU WHERE MENU_CD = 'M_CAMPAIGN'

2026-06-04 10:19:56.426 [main] INFO  jdbc.sqlonly - SELECT COUNT(1) FROM TB_MENU WHERE MENU_CD = 'M_SYSTEM'

2026-06-04 10:19:56.427 [main] INFO  jdbc.sqlonly - SELECT COUNT(1) FROM TB_MENU WHERE MENU_CD = 'M_ACCOUNT'

2026-06-04 10:19:56.429 [main] INFO  jdbc.sqlonly - SELECT COUNT(1) FROM TB_MENU WHERE MENU_CD = 'M_STAT'

2026-06-04 10:19:56.432 [main] INFO  jdbc.sqlonly - UPDATE TB_MENU SET SORT_ORD = 1 WHERE MENU_CD = 'M_BASIC'

2026-06-04 10:19:56.438 [main] INFO  jdbc.sqlonly - UPDATE TB_MENU SET SORT_ORD = 2 WHERE MENU_CD = 'M_SMS_SEND'

2026-06-04 10:19:56.443 [main] INFO  jdbc.sqlonly - UPDATE TB_MENU SET SORT_ORD = 3 WHERE MENU_CD = 'M_CAMPAIGN'

2026-06-04 10:19:56.445 [main] INFO  jdbc.sqlonly - UPDATE TB_MENU SET SORT_ORD = 4 WHERE MENU_CD = 'M_SYSTEM'

2026-06-04 10:19:56.449 [main] INFO  jdbc.sqlonly - UPDATE TB_MENU SET SORT_ORD = 5 WHERE MENU_CD = 'M_ACCOUNT'

2026-06-04 10:19:56.453 [main] INFO  jdbc.sqlonly - UPDATE TB_MENU SET SORT_ORD = 6 WHERE MENU_CD = 'M_STAT'

2026-06-04 10:19:56.457 [main] INFO  jdbc.sqlonly - SELECT COUNT(1) FROM TB_MENU WHERE MENU_CD = 'M_BASIC_NOTICE'

2026-06-04 10:19:56.458 [main] INFO  jdbc.sqlonly - SELECT COUNT(1) FROM TB_MENU WHERE MENU_CD = 'M_BASIC_MSG'

2026-06-04 10:19:56.459 [main] INFO  jdbc.sqlonly - SELECT COUNT(1) FROM TB_MENU WHERE MENU_CD = 'M_BASIC_MFA'

2026-06-04 10:19:56.461 [main] INFO  jdbc.sqlonly - SELECT COUNT(1) FROM TB_MENU WHERE MENU_CD = 'M_BASIC_CURRENCY'

2026-06-04 10:19:56.462 [main] INFO  jdbc.sqlonly - SELECT COUNT(1) FROM TB_MENU WHERE MENU_CD = 'M_SMS_HISTORY'

2026-06-04 10:19:56.463 [main] INFO  jdbc.sqlonly - SELECT COUNT(1) FROM TB_MENU WHERE MENU_CD = 'M_SMS_CUSTOMER'

2026-06-04 10:19:56.465 [main] INFO  jdbc.sqlonly - SELECT COUNT(1) FROM TB_MENU WHERE MENU_CD = 'M_SMS_SSN'

2026-06-04 10:19:56.466 [main] INFO  jdbc.sqlonly - SELECT COUNT(1) FROM TB_MENU WHERE MENU_CD = 'M_CAMP_TARGET'

2026-06-04 10:19:56.466 [main] INFO  jdbc.sqlonly - SELECT COUNT(1) FROM TB_MENU WHERE MENU_CD = 'M_CAMP_APRV'

2026-06-04 10:19:56.467 [main] INFO  jdbc.sqlonly - SELECT COUNT(1) FROM TB_MENU WHERE MENU_CD = 'M_CAMP_SMS_REG'

2026-06-04 10:19:56.468 [main] INFO  jdbc.sqlonly - SELECT COUNT(1) FROM TB_MENU WHERE MENU_CD = 'M_CAMP_LMS_REG'

2026-06-04 10:19:56.469 [main] INFO  jdbc.sqlonly - SELECT COUNT(1) FROM TB_MENU WHERE MENU_CD = 'M_CAMP_ALM_REG'

2026-06-04 10:19:56.470 [main] INFO  jdbc.sqlonly - SELECT COUNT(1) FROM TB_MENU WHERE MENU_CD = 'M_CAMP_SMS_APR'

2026-06-04 10:19:56.471 [main] INFO  jdbc.sqlonly - SELECT COUNT(1) FROM TB_MENU WHERE MENU_CD = 'M_CAMP_LMS_APR'

2026-06-04 10:19:56.472 [main] INFO  jdbc.sqlonly - SELECT COUNT(1) FROM TB_MENU WHERE MENU_CD = 'M_CAMP_ALM_APR'

2026-06-04 10:19:56.473 [main] INFO  jdbc.sqlonly - SELECT COUNT(1) FROM TB_MENU WHERE MENU_CD = 'M_CAMP_SMS_HIST'

2026-06-04 10:19:56.474 [main] INFO  jdbc.sqlonly - SELECT COUNT(1) FROM TB_MENU WHERE MENU_CD = 'M_CAMP_LMS_HIST'

2026-06-04 10:19:56.476 [main] INFO  jdbc.sqlonly - SELECT COUNT(1) FROM TB_MENU WHERE MENU_CD = 'M_CAMP_ALM_HIST'

2026-06-04 10:19:56.478 [main] INFO  jdbc.sqlonly - SELECT COUNT(1) FROM TB_MENU WHERE MENU_CD = 'M_SYS_DEPT'

2026-06-04 10:19:56.479 [main] INFO  jdbc.sqlonly - SELECT COUNT(1) FROM TB_MENU WHERE MENU_CD = 'M_SYS_MSG'

2026-06-04 10:19:56.480 [main] INFO  jdbc.sqlonly - SELECT COUNT(1) FROM TB_MENU WHERE MENU_CD = 'M_SYS_KAKAO'

2026-06-04 10:19:56.481 [main] INFO  jdbc.sqlonly - SELECT COUNT(1) FROM TB_MENU WHERE MENU_CD = 'M_SYS_AD'

2026-06-04 10:19:56.483 [main] INFO  jdbc.sqlonly - SELECT COUNT(1) FROM TB_MENU WHERE MENU_CD = 'M_SYS_TIME'

2026-06-04 10:19:56.484 [main] INFO  jdbc.sqlonly - SELECT COUNT(1) FROM TB_MENU WHERE MENU_CD = 'M_MENU_MNG'

2026-06-04 10:19:56.485 [main] INFO  jdbc.sqlonly - SELECT COUNT(1) FROM TB_MENU WHERE MENU_CD = 'M_ACCT_USER'

2026-06-04 10:19:56.486 [main] INFO  jdbc.sqlonly - SELECT COUNT(1) FROM TB_MENU WHERE MENU_CD = 'M_STAT_MKTG'

2026-06-04 10:19:58.430 [http-nio-8080-exec-1] INFO  o.a.c.c.C.[Tomcat].[localhost].[/] - Initializing Spring DispatcherServlet 'dispatcherServlet'
2026-06-04 10:19:58.430 [http-nio-8080-exec-1] INFO  o.s.web.servlet.DispatcherServlet - Initializing Servlet 'dispatcherServlet'
2026-06-04 10:19:58.432 [http-nio-8080-exec-1] INFO  o.s.web.servlet.DispatcherServlet - Completed initialization in 2 ms
2026-06-04 10:19:59.814 [http-nio-8080-exec-4] DEBUG c.e.s.mapper.EmployeeMapper.findById - ==>  Preparing: SELECT e.EMP_ID, e.EMP_NAME, e.DEPT_ID, d.DEPT_NM, e.USE_YN, e.USER_ROLE, e.AUTH_READ, e.AUTH_APPROVE, e.AUTH_CAMPAIGN, e.LAST_LOGIN_IP, e.LAST_LOGIN_TIME, e.CREATED_AT, e.UPDATED_AT FROM EMPLOYEE e LEFT JOIN TB_DEPT d ON e.DEPT_ID = d.DEPT_ID WHERE e.EMP_ID = ?
2026-06-04 10:19:59.824 [http-nio-8080-exec-4] DEBUG c.e.s.mapper.EmployeeMapper.findById - ==> Parameters: admin(String)
2026-06-04 10:19:59.824 [http-nio-8080-exec-4] INFO  jdbc.sqlonly - SELECT
            e.EMP_ID, e.EMP_NAME, e.DEPT_ID, d.DEPT_NM, e.USE_YN, e.USER_ROLE,
            e.AUTH_READ, e.AUTH_APPROVE, e.AUTH_CAMPAIGN,
            e.LAST_LOGIN_IP, e.LAST_LOGIN_TIME, e.CREATED_AT, e.UPDATED_AT
        FROM EMPLOYEE e
        LEFT JOIN TB_DEPT d ON e.DEPT_ID = d.DEPT_ID
        WHERE e.EMP_ID = 'admin'

2026-06-04 10:19:59.843 [http-nio-8080-exec-4] DEBUG c.e.s.mapper.EmployeeMapper.findById - <==      Total: 1
2026-06-04 10:19:59.849 [http-nio-8080-exec-4] DEBUG c.e.s.m.M.selectMenusByAuthCode - ==>  Preparing: SELECT A.MENU_CD, A.MENU_NM, A.MENU_URL, A.UP_MENU_CD, A.SORT_ORD, A.USE_YN FROM TB_MENU A INNER JOIN TB_MENU_AUTH B ON A.MENU_CD = B.MENU_CD WHERE A.USE_YN = 'Y' AND B.AUTH_CD = ? ORDER BY A.UP_MENU_CD ASC NULLS FIRST, A.SORT_ORD ASC
2026-06-04 10:19:59.849 [http-nio-8080-exec-4] DEBUG c.e.s.m.M.selectMenusByAuthCode - ==> Parameters: ROLE_ADMIN(String)
2026-06-04 10:19:59.849 [http-nio-8080-exec-4] INFO  jdbc.sqlonly - SELECT 
            A.MENU_CD,
            A.MENU_NM,
            A.MENU_URL,
            A.UP_MENU_CD,
            A.SORT_ORD,
            A.USE_YN
        FROM TB_MENU A
        INNER JOIN TB_MENU_AUTH B ON A.MENU_CD = B.MENU_CD
        WHERE A.USE_YN = 'Y'
          AND B.AUTH_CD = 'ROLE_ADMIN'
        ORDER BY A.UP_MENU_CD ASC NULLS FIRST, A.SORT_ORD ASC

2026-06-04 10:19:59.871 [http-nio-8080-exec-4] DEBUG c.e.s.m.M.selectMenusByAuthCode - <==      Total: 43
2026-06-04 10:19:59.874 [http-nio-8080-exec-4] DEBUG c.e.s.m.E.updateLastLogin - ==>  Preparing: UPDATE EMPLOYEE SET LAST_LOGIN_TIME = CURRENT_TIMESTAMP, LAST_LOGIN_IP = ?, UPDATED_AT = CURRENT_TIMESTAMP WHERE EMP_ID = ?
2026-06-04 10:19:59.875 [http-nio-8080-exec-4] DEBUG c.e.s.m.E.updateLastLogin - ==> Parameters: 0:0:0:0:0:0:0:1(String), admin(String)
2026-06-04 10:19:59.875 [http-nio-8080-exec-4] INFO  jdbc.sqlonly - UPDATE EMPLOYEE
        SET LAST_LOGIN_TIME = CURRENT_TIMESTAMP,
            LAST_LOGIN_IP   = '0:0:0:0:0:0:0:1',
            UPDATED_AT      = CURRENT_TIMESTAMP
        WHERE EMP_ID = 'admin'

2026-06-04 10:19:59.882 [http-nio-8080-exec-4] DEBUG c.e.s.m.E.updateLastLogin - <==    Updates: 1
2026-06-04 10:20:01.294 [http-nio-8080-exec-7] DEBUG c.e.s.m.D.selectKpiSummary - ==>  Preparing: SELECT 1204500 AS totalSendCount, 98.5 AS successRate, 12400 AS failCount, 3500000 AS estimatedCost FROM DUAL
2026-06-04 10:20:01.295 [http-nio-8080-exec-7] DEBUG c.e.s.m.D.selectKpiSummary - ==> Parameters: 
2026-06-04 10:20:01.295 [http-nio-8080-exec-7] INFO  jdbc.sqlonly - SELECT 
            1204500 AS totalSendCount,
            98.5 AS successRate,
            12400 AS failCount,
            3500000 AS estimatedCost
        FROM DUAL

2026-06-04 10:20:01.304 [http-nio-8080-exec-7] DEBUG c.e.s.m.D.selectKpiSummary - <==      Total: 1
2026-06-04 10:20:01.305 [http-nio-8080-exec-7] DEBUG c.e.s.m.D.selectWeeklyTrend - ==>  Preparing: SELECT '월요일' AS dayOfWeek, 240000 AS sendCount, 80 AS percentage FROM DUAL UNION ALL SELECT '화요일' AS dayOfWeek, 180500 AS sendCount, 60 AS percentage FROM DUAL UNION ALL SELECT '수요일' AS dayOfWeek, 310200 AS sendCount, 95 AS percentage FROM DUAL UNION ALL SELECT '목요일' AS dayOfWeek, 150000 AS sendCount, 50 AS percentage FROM DUAL UNION ALL SELECT '금요일' AS dayOfWeek, 290000 AS sendCount, 85 AS percentage FROM DUAL
2026-06-04 10:20:01.305 [http-nio-8080-exec-7] DEBUG c.e.s.m.D.selectWeeklyTrend - ==> Parameters: 
2026-06-04 10:20:01.306 [http-nio-8080-exec-7] INFO  jdbc.sqlonly - SELECT '월요일' AS dayOfWeek, 240000 AS sendCount, 80 AS percentage FROM DUAL UNION ALL
        SELECT '화요일' AS dayOfWeek, 180500 AS sendCount, 60 AS percentage FROM DUAL UNION ALL
        SELECT '수요일' AS dayOfWeek, 310200 AS sendCount, 95 AS percentage FROM DUAL UNION ALL
        SELECT '목요일' AS dayOfWeek, 150000 AS sendCount, 50 AS percentage FROM DUAL UNION ALL
        SELECT '금요일' AS dayOfWeek, 290000 AS sendCount, 85 AS percentage FROM DUAL

2026-06-04 10:20:01.310 [http-nio-8080-exec-7] DEBUG c.e.s.m.D.selectWeeklyTrend - <==      Total: 5
2026-06-04 10:20:01.311 [http-nio-8080-exec-7] DEBUG c.e.s.m.D.selectChannelRatio - ==>  Preparing: SELECT '단문 (SMS)' AS channelName, 65.0 AS ratio, 'bg-primary' AS colorClass FROM DUAL UNION ALL SELECT '장문 (LMS)' AS channelName, 20.5 AS ratio, 'bg-success' AS colorClass FROM DUAL UNION ALL SELECT '알림톡' AS channelName, 10.0 AS ratio, 'bg-warning' AS colorClass FROM DUAL UNION ALL SELECT 'MMS (이미지)' AS channelName, 4.5 AS ratio, 'bg-danger' AS colorClass FROM DUAL
2026-06-04 10:20:01.311 [http-nio-8080-exec-7] DEBUG c.e.s.m.D.selectChannelRatio - ==> Parameters: 
2026-06-04 10:20:01.311 [http-nio-8080-exec-7] INFO  jdbc.sqlonly - SELECT '단문 (SMS)' AS channelName, 65.0 AS ratio, 'bg-primary' AS colorClass FROM DUAL UNION ALL
        SELECT '장문 (LMS)' AS channelName, 20.5 AS ratio, 'bg-success' AS colorClass FROM DUAL UNION ALL
        SELECT '알림톡' AS channelName, 10.0 AS ratio, 'bg-warning' AS colorClass FROM DUAL UNION ALL
        SELECT 'MMS (이미지)' AS channelName, 4.5 AS ratio, 'bg-danger' AS colorClass FROM DUAL

2026-06-04 10:20:01.315 [http-nio-8080-exec-7] DEBUG c.e.s.m.D.selectChannelRatio - <==      Total: 4
2026-06-04 10:20:01.315 [http-nio-8080-exec-7] DEBUG c.e.s.m.D.selectRecentFailLogs - ==>  Preparing: SELECT '2026-06-01 13:42:11' AS failDate, 'SMS' AS sendType, '010-****-1234' AS receiverNo, 'ERR_001' AS errorCode, '결번 / 없는 번호 (통신사 반환)' AS failReason FROM DUAL UNION ALL SELECT '2026-06-01 13:10:05' AS failDate, 'LMS' AS sendType, '010-****-5678' AS receiverNo, 'ERR_042' AS errorCode, '수신자 단말기 전원 꺼짐 (TimeOut)' AS failReason FROM DUAL UNION ALL SELECT '2026-06-01 12:55:30' AS failDate, 'ALIMTALK' AS sendType, '010-****-9999' AS receiverNo, 'ERR_K01' AS errorCode, '카카오톡 채널 차단 고객' AS failReason FROM DUAL UNION ALL SELECT '2026-06-01 11:20:44' AS failDate, 'SMS' AS sendType, '010-****-1111' AS receiverNo, 'ERR_003' AS errorCode, '통신사 스팸 필터링 차단' AS failReason FROM DUAL UNION ALL SELECT '2026-06-01 09:05:12' AS failDate, 'MMS' AS sendType, '010-****-2222' AS receiverNo, 'ERR_099' AS errorCode, '첨부 이미지 용량 초과 (300KB 제한)' AS failReason FROM DUAL
2026-06-04 10:20:01.316 [http-nio-8080-exec-7] DEBUG c.e.s.m.D.selectRecentFailLogs - ==> Parameters: 
2026-06-04 10:20:01.316 [http-nio-8080-exec-7] INFO  jdbc.sqlonly - SELECT '2026-06-01 13:42:11' AS failDate, 'SMS' AS sendType, '010-****-1234' AS receiverNo, 'ERR_001' AS errorCode, '결번 / 없는 번호 (통신사 반환)' AS failReason FROM DUAL UNION ALL
        SELECT '2026-06-01 13:10:05' AS failDate, 'LMS' AS sendType, '010-****-5678' AS receiverNo, 'ERR_042' AS errorCode, '수신자 단말기 전원 꺼짐 (TimeOut)' AS failReason FROM DUAL UNION ALL
        SELECT '2026-06-01 12:55:30' AS failDate, 'ALIMTALK' AS sendType, '010-****-9999' AS receiverNo, 'ERR_K01' AS errorCode, '카카오톡 채널 차단 고객' AS failReason FROM DUAL UNION ALL
        SELECT '2026-06-01 11:20:44' AS failDate, 'SMS' AS sendType, '010-****-1111' AS receiverNo, 'ERR_003' AS errorCode, '통신사 스팸 필터링 차단' AS failReason FROM DUAL UNION ALL
        SELECT '2026-06-01 09:05:12' AS failDate, 'MMS' AS sendType, '010-****-2222' AS receiverNo, 'ERR_099' AS errorCode, '첨부 이미지 용량 초과 (300KB 제한)' AS failReason FROM DUAL

2026-06-04 10:20:01.319 [http-nio-8080-exec-7] DEBUG c.e.s.m.D.selectRecentFailLogs - <==      Total: 5
2026-06-04 10:20:11.494 [http-nio-8080-exec-1] DEBUG c.e.s.m.MenuMapper.countAuthForUrl - ==>  Preparing: SELECT COUNT(1) FROM TB_MENU A INNER JOIN TB_MENU_AUTH B ON A.MENU_CD = B.MENU_CD WHERE A.USE_YN = 'Y' AND A.MENU_URL = ? AND B.AUTH_CD = ?
2026-06-04 10:20:11.495 [http-nio-8080-exec-1] DEBUG c.e.s.m.MenuMapper.countAuthForUrl - ==> Parameters: /campaign/target-manage(String), ROLE_ADMIN(String)
2026-06-04 10:20:11.496 [http-nio-8080-exec-1] INFO  jdbc.sqlonly - SELECT COUNT(1)
        FROM TB_MENU A
        INNER JOIN TB_MENU_AUTH B ON A.MENU_CD = B.MENU_CD
        WHERE A.USE_YN = 'Y'
          AND A.MENU_URL = '/campaign/target-manage'
          AND B.AUTH_CD = 'ROLE_ADMIN'

2026-06-04 10:20:11.501 [http-nio-8080-exec-1] DEBUG c.e.s.m.MenuMapper.countAuthForUrl - <==      Total: 1
2026-06-04 10:20:11.668 [http-nio-8080-exec-5] DEBUG c.e.s.m.MenuMapper.countAuthForUrl - ==>  Preparing: SELECT COUNT(1) FROM TB_MENU A INNER JOIN TB_MENU_AUTH B ON A.MENU_CD = B.MENU_CD WHERE A.USE_YN = 'Y' AND A.MENU_URL = ? AND B.AUTH_CD = ?
2026-06-04 10:20:11.669 [http-nio-8080-exec-5] DEBUG c.e.s.m.MenuMapper.countAuthForUrl - ==> Parameters: /campaign/target-manage(String), ROLE_ADMIN(String)
2026-06-04 10:20:11.669 [http-nio-8080-exec-5] INFO  jdbc.sqlonly - SELECT COUNT(1)
        FROM TB_MENU A
        INNER JOIN TB_MENU_AUTH B ON A.MENU_CD = B.MENU_CD
        WHERE A.USE_YN = 'Y'
          AND A.MENU_URL = '/campaign/target-manage'
          AND B.AUTH_CD = 'ROLE_ADMIN'

2026-06-04 10:20:11.672 [http-nio-8080-exec-5] DEBUG c.e.s.m.MenuMapper.countAuthForUrl - <==      Total: 1
2026-06-04 10:20:11.689 [http-nio-8080-exec-5] DEBUG c.e.s.m.s.C.selectList - ==>  Preparing: SELECT CAMPAIGN_ID AS campaignId, CAMPAIGN_NAME AS campaignName, REG_DT AS regDt, REG_ID AS regId, TARGET_COUNT AS targetCount, (SELECT COUNT(1) FROM SMS_HISTORY h WHERE h.CAMPAIGN_NAME = c.CAMPAIGN_NAME) AS sendCount, STATUS AS status, APRV_USER AS aprvUser FROM CAMPAIGN c ORDER BY REG_DT DESC, CAMPAIGN_ID DESC OFFSET ? ROWS FETCH NEXT ? ROWS ONLY
2026-06-04 10:20:11.690 [http-nio-8080-exec-5] DEBUG c.e.s.m.s.C.selectList - ==> Parameters: 0(Integer), 10(Integer)
2026-06-04 10:20:11.690 [http-nio-8080-exec-5] INFO  jdbc.sqlonly - SELECT
            CAMPAIGN_ID   AS campaignId,
            CAMPAIGN_NAME AS campaignName,
            REG_DT        AS regDt,
            REG_ID        AS regId,
            TARGET_COUNT  AS targetCount,
            (SELECT COUNT(1) FROM SMS_HISTORY h WHERE h.CAMPAIGN_NAME = c.CAMPAIGN_NAME) AS sendCount,
            STATUS        AS status,
            APRV_USER     AS aprvUser
        FROM CAMPAIGN c
        ORDER BY REG_DT DESC, CAMPAIGN_ID DESC
        OFFSET 0 ROWS FETCH NEXT 10 ROWS ONLY

2026-06-04 10:20:11.716 [http-nio-8080-exec-5] DEBUG c.e.s.m.s.C.selectList - <==      Total: 10
2026-06-04 10:20:11.717 [http-nio-8080-exec-5] DEBUG c.e.s.m.s.CampaignTargetMapper.count - ==>  Preparing: SELECT COUNT(1) FROM CAMPAIGN
2026-06-04 10:20:11.717 [http-nio-8080-exec-5] DEBUG c.e.s.m.s.CampaignTargetMapper.count - ==> Parameters: 
2026-06-04 10:20:11.718 [http-nio-8080-exec-5] INFO  jdbc.sqlonly - SELECT COUNT(1) FROM CAMPAIGN

2026-06-04 10:20:11.720 [http-nio-8080-exec-5] DEBUG c.e.s.m.s.CampaignTargetMapper.count - <==      Total: 1
2026-06-04 10:20:13.238 [http-nio-8080-exec-7] DEBUG c.e.s.m.MenuMapper.countAuthForUrl - ==>  Preparing: SELECT COUNT(1) FROM TB_MENU A INNER JOIN TB_MENU_AUTH B ON A.MENU_CD = B.MENU_CD WHERE A.USE_YN = 'Y' AND A.MENU_URL = ? AND B.AUTH_CD = ?
2026-06-04 10:20:13.238 [http-nio-8080-exec-7] DEBUG c.e.s.m.MenuMapper.countAuthForUrl - ==> Parameters: /approval(String), ROLE_ADMIN(String)
2026-06-04 10:20:13.238 [http-nio-8080-exec-7] INFO  jdbc.sqlonly - SELECT COUNT(1)
        FROM TB_MENU A
        INNER JOIN TB_MENU_AUTH B ON A.MENU_CD = B.MENU_CD
        WHERE A.USE_YN = 'Y'
          AND A.MENU_URL = '/approval'
          AND B.AUTH_CD = 'ROLE_ADMIN'

2026-06-04 10:20:13.240 [http-nio-8080-exec-7] DEBUG c.e.s.m.MenuMapper.countAuthForUrl - <==      Total: 1
2026-06-04 10:20:13.409 [http-nio-8080-exec-7] DEBUG c.e.s.m.MenuMapper.countAuthForUrl - ==>  Preparing: SELECT COUNT(1) FROM TB_MENU A INNER JOIN TB_MENU_AUTH B ON A.MENU_CD = B.MENU_CD WHERE A.USE_YN = 'Y' AND A.MENU_URL = ? AND B.AUTH_CD = ?
2026-06-04 10:20:13.409 [http-nio-8080-exec-7] DEBUG c.e.s.m.MenuMapper.countAuthForUrl - ==> Parameters: /approval(String), ROLE_ADMIN(String)
2026-06-04 10:20:13.409 [http-nio-8080-exec-7] INFO  jdbc.sqlonly - SELECT COUNT(1)
        FROM TB_MENU A
        INNER JOIN TB_MENU_AUTH B ON A.MENU_CD = B.MENU_CD
        WHERE A.USE_YN = 'Y'
          AND A.MENU_URL = '/approval'
          AND B.AUTH_CD = 'ROLE_ADMIN'

2026-06-04 10:20:13.411 [http-nio-8080-exec-7] DEBUG c.e.s.m.MenuMapper.countAuthForUrl - <==      Total: 1
2026-06-04 10:20:13.440 [http-nio-8080-exec-7] DEBUG c.e.s.m.A.selectApprovalListCount - ==>  Preparing: SELECT COUNT(1) FROM TB_APPROVAL A WHERE A.REQ_DT >= TO_DATE(? || ' 00:00:00', 'YYYY-MM-DD HH24:MI:SS') AND A.REQ_DT <= TO_DATE(? || ' 23:59:59', 'YYYY-MM-DD HH24:MI:SS')
2026-06-04 10:20:13.440 [http-nio-8080-exec-7] DEBUG c.e.s.m.A.selectApprovalListCount - ==> Parameters: 20260604(String), 20260604(String)
2026-06-04 10:20:13.440 [http-nio-8080-exec-7] INFO  jdbc.sqlonly - SELECT COUNT(1)
        FROM TB_APPROVAL A

         WHERE  A.REQ_DT >= TO_DATE('20260604' || ' 00:00:00', 'YYYY-MM-DD HH24:MI:SS')

                AND A.REQ_DT <= TO_DATE('20260604' || ' 23:59:59', 'YYYY-MM-DD HH24:MI:SS')

2026-06-04 10:20:13.443 [http-nio-8080-exec-7] DEBUG c.e.s.m.A.selectApprovalListCount - <==      Total: 1
2026-06-04 10:20:15.534 [http-nio-8080-exec-5] DEBUG c.e.s.m.MenuMapper.countAuthForUrl - ==>  Preparing: SELECT COUNT(1) FROM TB_MENU A INNER JOIN TB_MENU_AUTH B ON A.MENU_CD = B.MENU_CD WHERE A.USE_YN = 'Y' AND A.MENU_URL = ? AND B.AUTH_CD = ?
2026-06-04 10:20:15.535 [http-nio-8080-exec-5] DEBUG c.e.s.m.MenuMapper.countAuthForUrl - ==> Parameters: /sms/history(String), ROLE_ADMIN(String)
2026-06-04 10:20:15.535 [http-nio-8080-exec-5] INFO  jdbc.sqlonly - SELECT COUNT(1)
        FROM TB_MENU A
        INNER JOIN TB_MENU_AUTH B ON A.MENU_CD = B.MENU_CD
        WHERE A.USE_YN = 'Y'
          AND A.MENU_URL = '/sms/history'
          AND B.AUTH_CD = 'ROLE_ADMIN'

2026-06-04 10:20:15.537 [http-nio-8080-exec-5] DEBUG c.e.s.m.MenuMapper.countAuthForUrl - <==      Total: 1
2026-06-04 10:20:15.681 [http-nio-8080-exec-3] DEBUG c.e.s.m.C.selectActiveDepartments - ==>  Preparing: SELECT DEPT_ID AS code, DEPT_NM AS name FROM TB_DEPT ORDER BY DEPT_NM ASC
2026-06-04 10:20:15.683 [http-nio-8080-exec-3] DEBUG c.e.s.m.C.selectActiveDepartments - ==> Parameters: 
2026-06-04 10:20:15.683 [http-nio-8080-exec-3] INFO  jdbc.sqlonly - SELECT DEPT_ID AS code, DEPT_NM AS name
        FROM TB_DEPT
        ORDER BY DEPT_NM ASC

2026-06-04 10:20:15.687 [http-nio-8080-exec-3] DEBUG c.e.s.m.C.selectActiveDepartments - <==      Total: 3
2026-06-04 10:20:15.689 [http-nio-8080-exec-1] DEBUG c.e.s.m.MenuMapper.countAuthForUrl - ==>  Preparing: SELECT COUNT(1) FROM TB_MENU A INNER JOIN TB_MENU_AUTH B ON A.MENU_CD = B.MENU_CD WHERE A.USE_YN = 'Y' AND A.MENU_URL = ? AND B.AUTH_CD = ?
2026-06-04 10:20:15.690 [http-nio-8080-exec-1] DEBUG c.e.s.m.MenuMapper.countAuthForUrl - ==> Parameters: /sms/history(String), ROLE_ADMIN(String)
2026-06-04 10:20:15.690 [http-nio-8080-exec-1] INFO  jdbc.sqlonly - SELECT COUNT(1)
        FROM TB_MENU A
        INNER JOIN TB_MENU_AUTH B ON A.MENU_CD = B.MENU_CD
        WHERE A.USE_YN = 'Y'
          AND A.MENU_URL = '/sms/history'
          AND B.AUTH_CD = 'ROLE_ADMIN'

2026-06-04 10:20:15.692 [http-nio-8080-exec-1] DEBUG c.e.s.m.MenuMapper.countAuthForUrl - <==      Total: 1
2026-06-04 10:20:15.712 [http-nio-8080-exec-1] DEBUG c.e.s.m.P.insertAuditLog - ==>  Preparing: INSERT INTO TB_PRIVACY_AUDIT_LOG ( executor_id, executor_ip, request_url, action_type, target_data ) VALUES ( ?, ?, ?, ?, ? )
2026-06-04 10:20:15.713 [http-nio-8080-exec-1] DEBUG c.e.s.m.P.insertAuditLog - ==> Parameters: admin(String), 0:0:0:0:0:0:0:1(String), /sms/history/data(String), SMS 발송내역 조회 (수신번호·메세지 포함)(String), [{"page":1,"size":10,"keyword":null,"searchType":null,"startDateTime":"","endDateTime":"","sendStatus":"","receiverNo":"","sendType":"","offset":0}](String)
2026-06-04 10:20:15.713 [http-nio-8080-exec-1] INFO  jdbc.sqlonly - INSERT INTO TB_PRIVACY_AUDIT_LOG (
            executor_id,
            executor_ip,
            request_url,
            action_type,
            target_data
        ) VALUES (
            'admin',
            '0:0:0:0:0:0:0:1',
            '/sms/history/data',
            'SMS 발송내역 조회 (수신번호·메세지 포함)',
            '[{"page":1,"size":10,"keyword":null,"searchType":null,"startDateTime":"","endDateTime":"","sendStatus":"","receiverNo":"","sendType":"","offset":0}]'
        )

2026-06-04 10:20:15.718 [http-nio-8080-exec-1] DEBUG c.e.s.m.P.insertAuditLog - <==    Updates: 1
2026-06-04 10:20:15.720 [http-nio-8080-exec-1] DEBUG c.e.s.m.sms.SmsHistoryMapper.count - ==>  Preparing: SELECT COUNT(1) FROM SMS_HISTORY
2026-06-04 10:20:15.721 [http-nio-8080-exec-1] DEBUG c.e.s.m.sms.SmsHistoryMapper.count - ==> Parameters: 
2026-06-04 10:20:15.721 [http-nio-8080-exec-1] INFO  jdbc.sqlonly - SELECT COUNT(1) FROM SMS_HISTORY

2026-06-04 10:20:15.724 [http-nio-8080-exec-1] DEBUG c.e.s.m.sms.SmsHistoryMapper.count - <==      Total: 1
2026-06-04 10:20:15.725 [http-nio-8080-exec-1] DEBUG c.e.s.m.s.S.selectList - ==>  Preparing: SELECT h.ID, h.CAMPAIGN_NAME, h.SEND_TYPE, h.SENDER_NO, h.RECEIVER_NO, h.MESSAGE, h.SEND_STATUS, h.RESEND_YN, h.RESULT_CODE, h.RESULT_MESSAGE, (SELECT sl.TELECOM FROM SMS_SEND_LOG sl WHERE sl.RECEIVER_NO = h.RECEIVER_NO AND ROWNUM = 1) AS telecom, h.RESERVED_AT, h.SENT_AT, h.CREATED_AT, h.UPDATED_AT FROM SMS_HISTORY h ORDER BY h.SENT_AT DESC, h.ID DESC OFFSET ? ROWS FETCH NEXT ? ROWS ONLY
2026-06-04 10:20:15.726 [http-nio-8080-exec-1] DEBUG c.e.s.m.s.S.selectList - ==> Parameters: 0(Integer), 10(Integer)
2026-06-04 10:20:15.726 [http-nio-8080-exec-1] INFO  jdbc.sqlonly - SELECT
            h.ID, h.CAMPAIGN_NAME, h.SEND_TYPE, h.SENDER_NO, h.RECEIVER_NO,
            h.MESSAGE, h.SEND_STATUS, h.RESEND_YN, h.RESULT_CODE, h.RESULT_MESSAGE,
            (SELECT sl.TELECOM FROM SMS_SEND_LOG sl
             WHERE sl.RECEIVER_NO = h.RECEIVER_NO AND ROWNUM = 1) AS telecom,
            h.RESERVED_AT, h.SENT_AT, h.CREATED_AT, h.UPDATED_AT
        FROM SMS_HISTORY h

        ORDER BY h.SENT_AT DESC, h.ID DESC
        OFFSET 0 ROWS FETCH NEXT 10 ROWS ONLY

2026-06-04 10:20:15.755 [http-nio-8080-exec-1] DEBUG c.e.s.m.s.S.selectList - <==      Total: 10
2026-06-04 10:20:35.872 [http-nio-8080-exec-2] DEBUG c.e.s.m.MenuMapper.countAuthForUrl - ==>  Preparing: SELECT COUNT(1) FROM TB_MENU A INNER JOIN TB_MENU_AUTH B ON A.MENU_CD = B.MENU_CD WHERE A.USE_YN = 'Y' AND A.MENU_URL = ? AND B.AUTH_CD = ?
2026-06-04 10:20:35.873 [http-nio-8080-exec-2] DEBUG c.e.s.m.MenuMapper.countAuthForUrl - ==> Parameters: /sms/customer(String), ROLE_ADMIN(String)
2026-06-04 10:20:35.873 [http-nio-8080-exec-2] INFO  jdbc.sqlonly - SELECT COUNT(1)
        FROM TB_MENU A
        INNER JOIN TB_MENU_AUTH B ON A.MENU_CD = B.MENU_CD
        WHERE A.USE_YN = 'Y'
          AND A.MENU_URL = '/sms/customer'
          AND B.AUTH_CD = 'ROLE_ADMIN'

2026-06-04 10:20:35.875 [http-nio-8080-exec-2] DEBUG c.e.s.m.MenuMapper.countAuthForUrl - <==      Total: 1
2026-06-04 10:20:36.028 [http-nio-8080-exec-3] DEBUG c.e.s.m.MenuMapper.countAuthForUrl - ==>  Preparing: SELECT COUNT(1) FROM TB_MENU A INNER JOIN TB_MENU_AUTH B ON A.MENU_CD = B.MENU_CD WHERE A.USE_YN = 'Y' AND A.MENU_URL = ? AND B.AUTH_CD = ?
2026-06-04 10:20:36.029 [http-nio-8080-exec-3] DEBUG c.e.s.m.MenuMapper.countAuthForUrl - ==> Parameters: /sms/customer(String), ROLE_ADMIN(String)
2026-06-04 10:20:36.029 [http-nio-8080-exec-3] INFO  jdbc.sqlonly - SELECT COUNT(1)
        FROM TB_MENU A
        INNER JOIN TB_MENU_AUTH B ON A.MENU_CD = B.MENU_CD
        WHERE A.USE_YN = 'Y'
          AND A.MENU_URL = '/sms/customer'
          AND B.AUTH_CD = 'ROLE_ADMIN'

2026-06-04 10:20:36.031 [http-nio-8080-exec-3] DEBUG c.e.s.m.MenuMapper.countAuthForUrl - <==      Total: 1
2026-06-04 10:20:36.034 [http-nio-8080-exec-3] DEBUG c.e.s.m.P.insertAuditLog - ==>  Preparing: INSERT INTO TB_PRIVACY_AUDIT_LOG ( executor_id, executor_ip, request_url, action_type, target_data ) VALUES ( ?, ?, ?, ?, ? )
2026-06-04 10:20:36.035 [http-nio-8080-exec-3] DEBUG c.e.s.m.P.insertAuditLog - ==> Parameters: admin(String), 0:0:0:0:0:0:0:1(String), /sms/customer/data(String), 고객별 SMS 조회 (수신번호·메세지 포함)(String), [{"page":1,"size":10,"keyword":null,"searchType":null,"msgType":null,"receiverNo":"","searchDate":"","offset":0}](String)
2026-06-04 10:20:36.035 [http-nio-8080-exec-3] INFO  jdbc.sqlonly - INSERT INTO TB_PRIVACY_AUDIT_LOG (
            executor_id,
            executor_ip,
            request_url,
            action_type,
            target_data
        ) VALUES (
            'admin',
            '0:0:0:0:0:0:0:1',
            '/sms/customer/data',
            '고객별 SMS 조회 (수신번호·메세지 포함)',
            '[{"page":1,"size":10,"keyword":null,"searchType":null,"msgType":null,"receiverNo":"","searchDate":"","offset":0}]'
        )

2026-06-04 10:20:36.040 [http-nio-8080-exec-3] DEBUG c.e.s.m.P.insertAuditLog - <==    Updates: 1
2026-06-04 10:20:36.042 [http-nio-8080-exec-3] DEBUG c.e.s.m.s.S.selectList - ==>  Preparing: SELECT h.SENT_AT AS sentAt, NULL AS receivedAt, c.HOLDER_NAME AS holderName, h.RECEIVER_NO AS receiverNo, h.SENDER_NO AS senderNo, h.MESSAGE AS message, c.INTERMEDIARY AS intermediary, h.SEND_STATUS AS sendStatus, c.DEPT_NM AS deptNm FROM SMS_HISTORY h LEFT JOIN TB_CUSTOMER_SSN c ON c.PHONE_NO = h.RECEIVER_NO ORDER BY h.SENT_AT DESC, h.ID DESC OFFSET ? ROWS FETCH NEXT ? ROWS ONLY
2026-06-04 10:20:36.042 [http-nio-8080-exec-3] DEBUG c.e.s.m.s.S.selectList - ==> Parameters: 0(Integer), 10(Integer)
2026-06-04 10:20:36.042 [http-nio-8080-exec-3] INFO  jdbc.sqlonly - SELECT h.SENT_AT AS sentAt, NULL AS receivedAt,
               c.HOLDER_NAME AS holderName, h.RECEIVER_NO AS receiverNo,
               h.SENDER_NO AS senderNo, h.MESSAGE AS message,
               c.INTERMEDIARY AS intermediary, h.SEND_STATUS AS sendStatus,
               c.DEPT_NM AS deptNm
        FROM SMS_HISTORY h
        LEFT JOIN TB_CUSTOMER_SSN c ON c.PHONE_NO = h.RECEIVER_NO

        ORDER BY h.SENT_AT DESC, h.ID DESC
        OFFSET 0 ROWS FETCH NEXT 10 ROWS ONLY

2026-06-04 10:20:36.061 [http-nio-8080-exec-3] DEBUG c.e.s.m.s.S.selectList - <==      Total: 10
2026-06-04 10:20:36.062 [http-nio-8080-exec-3] DEBUG c.e.s.m.s.S.count - ==>  Preparing: SELECT COUNT(1) FROM SMS_HISTORY h
2026-06-04 10:20:36.062 [http-nio-8080-exec-3] DEBUG c.e.s.m.s.S.count - ==> Parameters: 
2026-06-04 10:20:36.063 [http-nio-8080-exec-3] INFO  jdbc.sqlonly - SELECT COUNT(1) FROM SMS_HISTORY h

2026-06-04 10:20:36.065 [http-nio-8080-exec-3] DEBUG c.e.s.m.s.S.count - <==      Total: 1
2026-06-04 10:20:36.717 [http-nio-8080-exec-6] DEBUG c.e.s.m.MenuMapper.countAuthForUrl - ==>  Preparing: SELECT COUNT(1) FROM TB_MENU A INNER JOIN TB_MENU_AUTH B ON A.MENU_CD = B.MENU_CD WHERE A.USE_YN = 'Y' AND A.MENU_URL = ? AND B.AUTH_CD = ?
2026-06-04 10:20:36.718 [http-nio-8080-exec-6] DEBUG c.e.s.m.MenuMapper.countAuthForUrl - ==> Parameters: /sms/ssn(String), ROLE_ADMIN(String)
2026-06-04 10:20:36.718 [http-nio-8080-exec-6] INFO  jdbc.sqlonly - SELECT COUNT(1)
        FROM TB_MENU A
        INNER JOIN TB_MENU_AUTH B ON A.MENU_CD = B.MENU_CD
        WHERE A.USE_YN = 'Y'
          AND A.MENU_URL = '/sms/ssn'
          AND B.AUTH_CD = 'ROLE_ADMIN'

2026-06-04 10:20:36.720 [http-nio-8080-exec-6] DEBUG c.e.s.m.MenuMapper.countAuthForUrl - <==      Total: 1
2026-06-04 10:20:36.872 [http-nio-8080-exec-9] DEBUG c.e.s.m.MenuMapper.countAuthForUrl - ==>  Preparing: SELECT COUNT(1) FROM TB_MENU A INNER JOIN TB_MENU_AUTH B ON A.MENU_CD = B.MENU_CD WHERE A.USE_YN = 'Y' AND A.MENU_URL = ? AND B.AUTH_CD = ?
2026-06-04 10:20:36.872 [http-nio-8080-exec-9] DEBUG c.e.s.m.MenuMapper.countAuthForUrl - ==> Parameters: /sms/ssn(String), ROLE_ADMIN(String)
2026-06-04 10:20:36.873 [http-nio-8080-exec-9] INFO  jdbc.sqlonly - SELECT COUNT(1)
        FROM TB_MENU A
        INNER JOIN TB_MENU_AUTH B ON A.MENU_CD = B.MENU_CD
        WHERE A.USE_YN = 'Y'
          AND A.MENU_URL = '/sms/ssn'
          AND B.AUTH_CD = 'ROLE_ADMIN'

2026-06-04 10:20:36.876 [http-nio-8080-exec-9] DEBUG c.e.s.m.MenuMapper.countAuthForUrl - <==      Total: 1
2026-06-04 10:20:36.879 [http-nio-8080-exec-9] DEBUG c.e.s.m.P.insertAuditLog - ==>  Preparing: INSERT INTO TB_PRIVACY_AUDIT_LOG ( executor_id, executor_ip, request_url, action_type, target_data ) VALUES ( ?, ?, ?, ?, ? )
2026-06-04 10:20:36.879 [http-nio-8080-exec-9] DEBUG c.e.s.m.P.insertAuditLog - ==> Parameters: admin(String), 0:0:0:0:0:0:0:1(String), /sms/ssn/data(String), 주민번호 조회 (식별자 포함)(String), [""](String)
2026-06-04 10:20:36.880 [http-nio-8080-exec-9] INFO  jdbc.sqlonly - INSERT INTO TB_PRIVACY_AUDIT_LOG (
            executor_id,
            executor_ip,
            request_url,
            action_type,
            target_data
        ) VALUES (
            'admin',
            '0:0:0:0:0:0:0:1',
            '/sms/ssn/data',
            '주민번호 조회 (식별자 포함)',
            '[""]'
        )

2026-06-04 10:20:36.885 [http-nio-8080-exec-9] DEBUG c.e.s.m.P.insertAuditLog - <==    Updates: 1
2026-06-04 10:20:36.886 [http-nio-8080-exec-9] DEBUG c.e.s.m.s.S.selectList - ==>  Preparing: SELECT PHONE_NO AS phoneNo, SSN_MASKED AS ssnMasked, HOLDER_NAME AS holderName, DEPT_NM AS deptNm, INTERMEDIARY AS intermediary FROM TB_CUSTOMER_SSN ORDER BY PHONE_NO
2026-06-04 10:20:36.886 [http-nio-8080-exec-9] DEBUG c.e.s.m.s.S.selectList - ==> Parameters: 
2026-06-04 10:20:36.886 [http-nio-8080-exec-9] INFO  jdbc.sqlonly - SELECT PHONE_NO AS phoneNo, SSN_MASKED AS ssnMasked,
               HOLDER_NAME AS holderName, DEPT_NM AS deptNm, INTERMEDIARY AS intermediary
        FROM TB_CUSTOMER_SSN

        ORDER BY PHONE_NO

2026-06-04 10:20:36.887 [http-nio-8080-exec-9] DEBUG c.e.s.m.s.S.selectList - <==      Total: 0
2026-06-04 10:20:37.540 [http-nio-8080-exec-5] DEBUG c.e.s.m.MenuMapper.countAuthForUrl - ==>  Preparing: SELECT COUNT(1) FROM TB_MENU A INNER JOIN TB_MENU_AUTH B ON A.MENU_CD = B.MENU_CD WHERE A.USE_YN = 'Y' AND A.MENU_URL = ? AND B.AUTH_CD = ?
2026-06-04 10:20:37.541 [http-nio-8080-exec-5] DEBUG c.e.s.m.MenuMapper.countAuthForUrl - ==> Parameters: /sms/history(String), ROLE_ADMIN(String)
2026-06-04 10:20:37.541 [http-nio-8080-exec-5] INFO  jdbc.sqlonly - SELECT COUNT(1)
        FROM TB_MENU A
        INNER JOIN TB_MENU_AUTH B ON A.MENU_CD = B.MENU_CD
        WHERE A.USE_YN = 'Y'
          AND A.MENU_URL = '/sms/history'
          AND B.AUTH_CD = 'ROLE_ADMIN'

2026-06-04 10:20:37.542 [http-nio-8080-exec-5] DEBUG c.e.s.m.MenuMapper.countAuthForUrl - <==      Total: 1
2026-06-04 10:20:37.672 [http-nio-8080-exec-2] DEBUG c.e.s.m.C.selectActiveDepartments - ==>  Preparing: SELECT DEPT_ID AS code, DEPT_NM AS name FROM TB_DEPT ORDER BY DEPT_NM ASC
2026-06-04 10:20:37.672 [http-nio-8080-exec-2] DEBUG c.e.s.m.C.selectActiveDepartments - ==> Parameters: 
2026-06-04 10:20:37.672 [http-nio-8080-exec-2] INFO  jdbc.sqlonly - SELECT DEPT_ID AS code, DEPT_NM AS name
        FROM TB_DEPT
        ORDER BY DEPT_NM ASC

2026-06-04 10:20:37.676 [http-nio-8080-exec-2] DEBUG c.e.s.m.C.selectActiveDepartments - <==      Total: 3
2026-06-04 10:20:37.677 [http-nio-8080-exec-8] DEBUG c.e.s.m.MenuMapper.countAuthForUrl - ==>  Preparing: SELECT COUNT(1) FROM TB_MENU A INNER JOIN TB_MENU_AUTH B ON A.MENU_CD = B.MENU_CD WHERE A.USE_YN = 'Y' AND A.MENU_URL = ? AND B.AUTH_CD = ?
2026-06-04 10:20:37.677 [http-nio-8080-exec-8] DEBUG c.e.s.m.MenuMapper.countAuthForUrl - ==> Parameters: /sms/history(String), ROLE_ADMIN(String)
2026-06-04 10:20:37.677 [http-nio-8080-exec-8] INFO  jdbc.sqlonly - SELECT COUNT(1)
        FROM TB_MENU A
        INNER JOIN TB_MENU_AUTH B ON A.MENU_CD = B.MENU_CD
        WHERE A.USE_YN = 'Y'
          AND A.MENU_URL = '/sms/history'
          AND B.AUTH_CD = 'ROLE_ADMIN'

2026-06-04 10:20:37.679 [http-nio-8080-exec-8] DEBUG c.e.s.m.MenuMapper.countAuthForUrl - <==      Total: 1
2026-06-04 10:20:37.681 [http-nio-8080-exec-8] DEBUG c.e.s.m.P.insertAuditLog - ==>  Preparing: INSERT INTO TB_PRIVACY_AUDIT_LOG ( executor_id, executor_ip, request_url, action_type, target_data ) VALUES ( ?, ?, ?, ?, ? )
2026-06-04 10:20:37.682 [http-nio-8080-exec-8] DEBUG c.e.s.m.P.insertAuditLog - ==> Parameters: admin(String), 0:0:0:0:0:0:0:1(String), /sms/history/data(String), SMS 발송내역 조회 (수신번호·메세지 포함)(String), [{"page":1,"size":10,"keyword":null,"searchType":null,"startDateTime":"","endDateTime":"","sendStatus":"","receiverNo":"","sendType":"","offset":0}](String)
2026-06-04 10:20:37.682 [http-nio-8080-exec-8] INFO  jdbc.sqlonly - INSERT INTO TB_PRIVACY_AUDIT_LOG (
            executor_id,
            executor_ip,
            request_url,
            action_type,
            target_data
        ) VALUES (
            'admin',
            '0:0:0:0:0:0:0:1',
            '/sms/history/data',
            'SMS 발송내역 조회 (수신번호·메세지 포함)',
            '[{"page":1,"size":10,"keyword":null,"searchType":null,"startDateTime":"","endDateTime":"","sendStatus":"","receiverNo":"","sendType":"","offset":0}]'
        )

2026-06-04 10:20:37.686 [http-nio-8080-exec-8] DEBUG c.e.s.m.P.insertAuditLog - <==    Updates: 1
2026-06-04 10:20:37.687 [http-nio-8080-exec-8] DEBUG c.e.s.m.sms.SmsHistoryMapper.count - ==>  Preparing: SELECT COUNT(1) FROM SMS_HISTORY
2026-06-04 10:20:37.688 [http-nio-8080-exec-8] DEBUG c.e.s.m.sms.SmsHistoryMapper.count - ==> Parameters: 
2026-06-04 10:20:37.688 [http-nio-8080-exec-8] INFO  jdbc.sqlonly - SELECT COUNT(1) FROM SMS_HISTORY

2026-06-04 10:20:37.690 [http-nio-8080-exec-8] DEBUG c.e.s.m.sms.SmsHistoryMapper.count - <==      Total: 1
2026-06-04 10:20:37.691 [http-nio-8080-exec-8] DEBUG c.e.s.m.s.S.selectList - ==>  Preparing: SELECT h.ID, h.CAMPAIGN_NAME, h.SEND_TYPE, h.SENDER_NO, h.RECEIVER_NO, h.MESSAGE, h.SEND_STATUS, h.RESEND_YN, h.RESULT_CODE, h.RESULT_MESSAGE, (SELECT sl.TELECOM FROM SMS_SEND_LOG sl WHERE sl.RECEIVER_NO = h.RECEIVER_NO AND ROWNUM = 1) AS telecom, h.RESERVED_AT, h.SENT_AT, h.CREATED_AT, h.UPDATED_AT FROM SMS_HISTORY h ORDER BY h.SENT_AT DESC, h.ID DESC OFFSET ? ROWS FETCH NEXT ? ROWS ONLY
2026-06-04 10:20:37.691 [http-nio-8080-exec-8] DEBUG c.e.s.m.s.S.selectList - ==> Parameters: 0(Integer), 10(Integer)
2026-06-04 10:20:37.691 [http-nio-8080-exec-8] INFO  jdbc.sqlonly - SELECT
            h.ID, h.CAMPAIGN_NAME, h.SEND_TYPE, h.SENDER_NO, h.RECEIVER_NO,
            h.MESSAGE, h.SEND_STATUS, h.RESEND_YN, h.RESULT_CODE, h.RESULT_MESSAGE,
            (SELECT sl.TELECOM FROM SMS_SEND_LOG sl
             WHERE sl.RECEIVER_NO = h.RECEIVER_NO AND ROWNUM = 1) AS telecom,
            h.RESERVED_AT, h.SENT_AT, h.CREATED_AT, h.UPDATED_AT
        FROM SMS_HISTORY h

        ORDER BY h.SENT_AT DESC, h.ID DESC
        OFFSET 0 ROWS FETCH NEXT 10 ROWS ONLY

2026-06-04 10:20:37.706 [http-nio-8080-exec-8] DEBUG c.e.s.m.s.S.selectList - <==      Total: 10
2026-06-04 10:20:48.180 [http-nio-8080-exec-9] DEBUG c.e.s.m.MenuMapper.countAuthForUrl - ==>  Preparing: SELECT COUNT(1) FROM TB_MENU A INNER JOIN TB_MENU_AUTH B ON A.MENU_CD = B.MENU_CD WHERE A.USE_YN = 'Y' AND A.MENU_URL = ? AND B.AUTH_CD = ?
2026-06-04 10:20:48.181 [http-nio-8080-exec-9] DEBUG c.e.s.m.MenuMapper.countAuthForUrl - ==> Parameters: /sms/campaign(String), ROLE_ADMIN(String)
2026-06-04 10:20:48.181 [http-nio-8080-exec-9] INFO  jdbc.sqlonly - SELECT COUNT(1)
        FROM TB_MENU A
        INNER JOIN TB_MENU_AUTH B ON A.MENU_CD = B.MENU_CD
        WHERE A.USE_YN = 'Y'
          AND A.MENU_URL = '/sms/campaign'
          AND B.AUTH_CD = 'ROLE_ADMIN'

2026-06-04 10:20:48.183 [http-nio-8080-exec-9] DEBUG c.e.s.m.MenuMapper.countAuthForUrl - <==      Total: 1
2026-06-04 10:20:48.333 [http-nio-8080-exec-7] DEBUG c.e.s.m.MenuMapper.countAuthForUrl - ==>  Preparing: SELECT COUNT(1) FROM TB_MENU A INNER JOIN TB_MENU_AUTH B ON A.MENU_CD = B.MENU_CD WHERE A.USE_YN = 'Y' AND A.MENU_URL = ? AND B.AUTH_CD = ?
2026-06-04 10:20:48.333 [http-nio-8080-exec-7] DEBUG c.e.s.m.MenuMapper.countAuthForUrl - ==> Parameters: /sms/campaign(String), ROLE_ADMIN(String)
2026-06-04 10:20:48.333 [http-nio-8080-exec-7] INFO  jdbc.sqlonly - SELECT COUNT(1)
        FROM TB_MENU A
        INNER JOIN TB_MENU_AUTH B ON A.MENU_CD = B.MENU_CD
        WHERE A.USE_YN = 'Y'
          AND A.MENU_URL = '/sms/campaign'
          AND B.AUTH_CD = 'ROLE_ADMIN'

2026-06-04 10:20:48.337 [http-nio-8080-exec-7] DEBUG c.e.s.m.MenuMapper.countAuthForUrl - <==      Total: 1
2026-06-04 10:20:48.340 [http-nio-8080-exec-7] DEBUG c.e.s.m.s.C.count - ==>  Preparing: SELECT COUNT(1) FROM CAMPAIGN c WHERE c.SEND_TYPE = ? AND c.REG_DT >= TO_DATE(?, 'YYYY-MM-DD') AND c.REG_DT < TO_DATE(?, 'YYYY-MM-DD') + 1
2026-06-04 10:20:48.340 [http-nio-8080-exec-7] DEBUG c.e.s.m.s.C.count - ==> Parameters: SMS(String), 20260604(String), 20260604(String)
2026-06-04 10:20:48.341 [http-nio-8080-exec-7] INFO  jdbc.sqlonly - SELECT COUNT(1)
        FROM CAMPAIGN c

         WHERE  c.SEND_TYPE = 'SMS'

                AND c.REG_DT >= TO_DATE('20260604', 'YYYY-MM-DD')

                AND c.REG_DT < TO_DATE('20260604', 'YYYY-MM-DD') + 1

2026-06-04 10:20:48.344 [http-nio-8080-exec-7] DEBUG c.e.s.m.s.C.count - <==      Total: 1
2026-06-04 10:20:48.344 [http-nio-8080-exec-7] DEBUG c.e.s.m.s.C.selectList - ==>  Preparing: SELECT c.CAMPAIGN_ID AS campaignId, c.CAMPAIGN_NAME AS campaignName, NULL AS regId, c.REG_DT AS sentAt, NULL AS message, (SELECT COUNT(1) FROM SMS_HISTORY h WHERE h.CAMPAIGN_NAME = c.CAMPAIGN_NAME) AS sendCount, c.SEND_TYPE AS sendType, c.STATUS AS status FROM CAMPAIGN c WHERE c.SEND_TYPE = ? AND c.REG_DT >= TO_DATE(?, 'YYYY-MM-DD') AND c.REG_DT < TO_DATE(?, 'YYYY-MM-DD') + 1 ORDER BY c.REG_DT DESC, c.CAMPAIGN_ID DESC OFFSET ? ROWS FETCH NEXT ? ROWS ONLY
2026-06-04 10:20:48.345 [http-nio-8080-exec-7] DEBUG c.e.s.m.s.C.selectList - ==> Parameters: SMS(String), 20260604(String), 20260604(String), 0(Integer), 10(Integer)
2026-06-04 10:20:48.345 [http-nio-8080-exec-7] INFO  jdbc.sqlonly - SELECT
            c.CAMPAIGN_ID   AS campaignId,
            c.CAMPAIGN_NAME AS campaignName,
            NULL            AS regId,
            c.REG_DT        AS sentAt,
            NULL            AS message,
            (SELECT COUNT(1) FROM SMS_HISTORY h WHERE h.CAMPAIGN_NAME = c.CAMPAIGN_NAME) AS sendCount,
            c.SEND_TYPE     AS sendType,
            c.STATUS        AS status
        FROM CAMPAIGN c

         WHERE  c.SEND_TYPE = 'SMS'

                AND c.REG_DT >= TO_DATE('20260604', 'YYYY-MM-DD')

                AND c.REG_DT < TO_DATE('20260604', 'YYYY-MM-DD') + 1 

        ORDER BY c.REG_DT DESC, c.CAMPAIGN_ID DESC
        OFFSET 0 ROWS FETCH NEXT 10 ROWS ONLY

2026-06-04 10:20:48.347 [http-nio-8080-exec-7] DEBUG c.e.s.m.s.C.selectList - <==      Total: 0
2026-06-04 10:20:49.106 [http-nio-8080-exec-9] DEBUG c.e.s.m.MenuMapper.countAuthForUrl - ==>  Preparing: SELECT COUNT(1) FROM TB_MENU A INNER JOIN TB_MENU_AUTH B ON A.MENU_CD = B.MENU_CD WHERE A.USE_YN = 'Y' AND A.MENU_URL = ? AND B.AUTH_CD = ?
2026-06-04 10:20:49.106 [http-nio-8080-exec-9] DEBUG c.e.s.m.MenuMapper.countAuthForUrl - ==> Parameters: /sms/campaign-lms(String), ROLE_ADMIN(String)
2026-06-04 10:20:49.106 [http-nio-8080-exec-9] INFO  jdbc.sqlonly - SELECT COUNT(1)
        FROM TB_MENU A
        INNER JOIN TB_MENU_AUTH B ON A.MENU_CD = B.MENU_CD
        WHERE A.USE_YN = 'Y'
          AND A.MENU_URL = '/sms/campaign-lms'
          AND B.AUTH_CD = 'ROLE_ADMIN'

2026-06-04 10:20:49.109 [http-nio-8080-exec-9] DEBUG c.e.s.m.MenuMapper.countAuthForUrl - <==      Total: 1
2026-06-04 10:20:49.267 [http-nio-8080-exec-10] DEBUG c.e.s.m.MenuMapper.countAuthForUrl - ==>  Preparing: SELECT COUNT(1) FROM TB_MENU A INNER JOIN TB_MENU_AUTH B ON A.MENU_CD = B.MENU_CD WHERE A.USE_YN = 'Y' AND A.MENU_URL = ? AND B.AUTH_CD = ?
2026-06-04 10:20:49.268 [http-nio-8080-exec-10] DEBUG c.e.s.m.MenuMapper.countAuthForUrl - ==> Parameters: /sms/campaign-lms(String), ROLE_ADMIN(String)
2026-06-04 10:20:49.268 [http-nio-8080-exec-10] INFO  jdbc.sqlonly - SELECT COUNT(1)
        FROM TB_MENU A
        INNER JOIN TB_MENU_AUTH B ON A.MENU_CD = B.MENU_CD
        WHERE A.USE_YN = 'Y'
          AND A.MENU_URL = '/sms/campaign-lms'
          AND B.AUTH_CD = 'ROLE_ADMIN'

2026-06-04 10:20:49.271 [http-nio-8080-exec-10] DEBUG c.e.s.m.MenuMapper.countAuthForUrl - <==      Total: 1
2026-06-04 10:20:49.272 [http-nio-8080-exec-10] DEBUG c.e.s.m.s.C.count - ==>  Preparing: SELECT COUNT(1) FROM CAMPAIGN c WHERE c.SEND_TYPE = ? AND c.REG_DT >= TO_DATE(?, 'YYYY-MM-DD') AND c.REG_DT < TO_DATE(?, 'YYYY-MM-DD') + 1
2026-06-04 10:20:49.273 [http-nio-8080-exec-10] DEBUG c.e.s.m.s.C.count - ==> Parameters: LMS(String), 20260604(String), 20260604(String)
2026-06-04 10:20:49.273 [http-nio-8080-exec-10] INFO  jdbc.sqlonly - SELECT COUNT(1)
        FROM CAMPAIGN c

         WHERE  c.SEND_TYPE = 'LMS'

                AND c.REG_DT >= TO_DATE('20260604', 'YYYY-MM-DD')

                AND c.REG_DT < TO_DATE('20260604', 'YYYY-MM-DD') + 1

2026-06-04 10:20:49.275 [http-nio-8080-exec-10] DEBUG c.e.s.m.s.C.count - <==      Total: 1
2026-06-04 10:20:49.277 [http-nio-8080-exec-10] DEBUG c.e.s.m.s.C.selectList - ==>  Preparing: SELECT c.CAMPAIGN_ID AS campaignId, c.CAMPAIGN_NAME AS campaignName, NULL AS regId, c.REG_DT AS sentAt, NULL AS message, (SELECT COUNT(1) FROM SMS_HISTORY h WHERE h.CAMPAIGN_NAME = c.CAMPAIGN_NAME) AS sendCount, c.SEND_TYPE AS sendType, c.STATUS AS status FROM CAMPAIGN c WHERE c.SEND_TYPE = ? AND c.REG_DT >= TO_DATE(?, 'YYYY-MM-DD') AND c.REG_DT < TO_DATE(?, 'YYYY-MM-DD') + 1 ORDER BY c.REG_DT DESC, c.CAMPAIGN_ID DESC OFFSET ? ROWS FETCH NEXT ? ROWS ONLY
2026-06-04 10:20:49.277 [http-nio-8080-exec-10] DEBUG c.e.s.m.s.C.selectList - ==> Parameters: LMS(String), 20260604(String), 20260604(String), 0(Integer), 10(Integer)
2026-06-04 10:20:49.277 [http-nio-8080-exec-10] INFO  jdbc.sqlonly - SELECT
            c.CAMPAIGN_ID   AS campaignId,
            c.CAMPAIGN_NAME AS campaignName,
            NULL            AS regId,
            c.REG_DT        AS sentAt,
            NULL            AS message,
            (SELECT COUNT(1) FROM SMS_HISTORY h WHERE h.CAMPAIGN_NAME = c.CAMPAIGN_NAME) AS sendCount,
            c.SEND_TYPE     AS sendType,
            c.STATUS        AS status
        FROM CAMPAIGN c

         WHERE  c.SEND_TYPE = 'LMS'

                AND c.REG_DT >= TO_DATE('20260604', 'YYYY-MM-DD')

                AND c.REG_DT < TO_DATE('20260604', 'YYYY-MM-DD') + 1 

        ORDER BY c.REG_DT DESC, c.CAMPAIGN_ID DESC
        OFFSET 0 ROWS FETCH NEXT 10 ROWS ONLY

2026-06-04 10:20:49.280 [http-nio-8080-exec-10] DEBUG c.e.s.m.s.C.selectList - <==      Total: 0
2026-06-04 10:20:50.410 [http-nio-8080-exec-5] DEBUG c.e.s.m.MenuMapper.countAuthForUrl - ==>  Preparing: SELECT COUNT(1) FROM TB_MENU A INNER JOIN TB_MENU_AUTH B ON A.MENU_CD = B.MENU_CD WHERE A.USE_YN = 'Y' AND A.MENU_URL = ? AND B.AUTH_CD = ?
2026-06-04 10:20:50.411 [http-nio-8080-exec-5] DEBUG c.e.s.m.MenuMapper.countAuthForUrl - ==> Parameters: /sms/campaign-alimtalk(String), ROLE_ADMIN(String)
2026-06-04 10:20:50.411 [http-nio-8080-exec-5] INFO  jdbc.sqlonly - SELECT COUNT(1)
        FROM TB_MENU A
        INNER JOIN TB_MENU_AUTH B ON A.MENU_CD = B.MENU_CD
        WHERE A.USE_YN = 'Y'
          AND A.MENU_URL = '/sms/campaign-alimtalk'
          AND B.AUTH_CD = 'ROLE_ADMIN'

2026-06-04 10:20:50.412 [http-nio-8080-exec-5] DEBUG c.e.s.m.MenuMapper.countAuthForUrl - <==      Total: 1
2026-06-04 10:20:50.588 [http-nio-8080-exec-2] DEBUG c.e.s.m.MenuMapper.countAuthForUrl - ==>  Preparing: SELECT COUNT(1) FROM TB_MENU A INNER JOIN TB_MENU_AUTH B ON A.MENU_CD = B.MENU_CD WHERE A.USE_YN = 'Y' AND A.MENU_URL = ? AND B.AUTH_CD = ?
2026-06-04 10:20:50.588 [http-nio-8080-exec-2] DEBUG c.e.s.m.MenuMapper.countAuthForUrl - ==> Parameters: /sms/campaign-alimtalk(String), ROLE_ADMIN(String)
2026-06-04 10:20:50.588 [http-nio-8080-exec-2] INFO  jdbc.sqlonly - SELECT COUNT(1)
        FROM TB_MENU A
        INNER JOIN TB_MENU_AUTH B ON A.MENU_CD = B.MENU_CD
        WHERE A.USE_YN = 'Y'
          AND A.MENU_URL = '/sms/campaign-alimtalk'
          AND B.AUTH_CD = 'ROLE_ADMIN'

2026-06-04 10:20:50.592 [http-nio-8080-exec-2] DEBUG c.e.s.m.MenuMapper.countAuthForUrl - <==      Total: 1
2026-06-04 10:20:50.594 [http-nio-8080-exec-2] DEBUG c.e.s.m.s.C.count - ==>  Preparing: SELECT COUNT(1) FROM CAMPAIGN c WHERE c.SEND_TYPE = ? AND c.REG_DT >= TO_DATE(?, 'YYYY-MM-DD') AND c.REG_DT < TO_DATE(?, 'YYYY-MM-DD') + 1
2026-06-04 10:20:50.594 [http-nio-8080-exec-2] DEBUG c.e.s.m.s.C.count - ==> Parameters: ALIMTALK(String), 20260604(String), 20260604(String)
2026-06-04 10:20:50.594 [http-nio-8080-exec-2] INFO  jdbc.sqlonly - SELECT COUNT(1)
        FROM CAMPAIGN c

         WHERE  c.SEND_TYPE = 'ALIMTALK'

                AND c.REG_DT >= TO_DATE('20260604', 'YYYY-MM-DD')

                AND c.REG_DT < TO_DATE('20260604', 'YYYY-MM-DD') + 1

2026-06-04 10:20:50.596 [http-nio-8080-exec-2] DEBUG c.e.s.m.s.C.count - <==      Total: 1
2026-06-04 10:20:50.597 [http-nio-8080-exec-2] DEBUG c.e.s.m.s.C.selectList - ==>  Preparing: SELECT c.CAMPAIGN_ID AS campaignId, c.CAMPAIGN_NAME AS campaignName, NULL AS regId, c.REG_DT AS sentAt, NULL AS message, (SELECT COUNT(1) FROM SMS_HISTORY h WHERE h.CAMPAIGN_NAME = c.CAMPAIGN_NAME) AS sendCount, c.SEND_TYPE AS sendType, c.STATUS AS status FROM CAMPAIGN c WHERE c.SEND_TYPE = ? AND c.REG_DT >= TO_DATE(?, 'YYYY-MM-DD') AND c.REG_DT < TO_DATE(?, 'YYYY-MM-DD') + 1 ORDER BY c.REG_DT DESC, c.CAMPAIGN_ID DESC OFFSET ? ROWS FETCH NEXT ? ROWS ONLY
2026-06-04 10:20:50.597 [http-nio-8080-exec-2] DEBUG c.e.s.m.s.C.selectList - ==> Parameters: ALIMTALK(String), 20260604(String), 20260604(String), 0(Integer), 10(Integer)
2026-06-04 10:20:50.597 [http-nio-8080-exec-2] INFO  jdbc.sqlonly - SELECT
            c.CAMPAIGN_ID   AS campaignId,
            c.CAMPAIGN_NAME AS campaignName,
            NULL            AS regId,
            c.REG_DT        AS sentAt,
            NULL            AS message,
            (SELECT COUNT(1) FROM SMS_HISTORY h WHERE h.CAMPAIGN_NAME = c.CAMPAIGN_NAME) AS sendCount,
            c.SEND_TYPE     AS sendType,
            c.STATUS        AS status
        FROM CAMPAIGN c

         WHERE  c.SEND_TYPE = 'ALIMTALK'

                AND c.REG_DT >= TO_DATE('20260604', 'YYYY-MM-DD')

                AND c.REG_DT < TO_DATE('20260604', 'YYYY-MM-DD') + 1 

        ORDER BY c.REG_DT DESC, c.CAMPAIGN_ID DESC
        OFFSET 0 ROWS FETCH NEXT 10 ROWS ONLY

2026-06-04 10:20:50.599 [http-nio-8080-exec-2] DEBUG c.e.s.m.s.C.selectList - <==      Total: 0
2026-06-04 10:20:53.591 [http-nio-8080-exec-6] DEBUG c.e.s.m.MenuMapper.countAuthForUrl - ==>  Preparing: SELECT COUNT(1) FROM TB_MENU A INNER JOIN TB_MENU_AUTH B ON A.MENU_CD = B.MENU_CD WHERE A.USE_YN = 'Y' AND A.MENU_URL = ? AND B.AUTH_CD = ?
2026-06-04 10:20:53.592 [http-nio-8080-exec-6] DEBUG c.e.s.m.MenuMapper.countAuthForUrl - ==> Parameters: /sms/history(String), ROLE_ADMIN(String)
2026-06-04 10:20:53.592 [http-nio-8080-exec-6] INFO  jdbc.sqlonly - SELECT COUNT(1)
        FROM TB_MENU A
        INNER JOIN TB_MENU_AUTH B ON A.MENU_CD = B.MENU_CD
        WHERE A.USE_YN = 'Y'
          AND A.MENU_URL = '/sms/history'
          AND B.AUTH_CD = 'ROLE_ADMIN'

2026-06-04 10:20:53.594 [http-nio-8080-exec-6] DEBUG c.e.s.m.MenuMapper.countAuthForUrl - <==      Total: 1
2026-06-04 10:20:53.726 [http-nio-8080-exec-5] DEBUG c.e.s.m.C.selectActiveDepartments - ==>  Preparing: SELECT DEPT_ID AS code, DEPT_NM AS name FROM TB_DEPT ORDER BY DEPT_NM ASC
2026-06-04 10:20:53.726 [http-nio-8080-exec-5] DEBUG c.e.s.m.C.selectActiveDepartments - ==> Parameters: 
2026-06-04 10:20:53.727 [http-nio-8080-exec-5] INFO  jdbc.sqlonly - SELECT DEPT_ID AS code, DEPT_NM AS name
        FROM TB_DEPT
        ORDER BY DEPT_NM ASC

2026-06-04 10:20:53.729 [http-nio-8080-exec-5] DEBUG c.e.s.m.C.selectActiveDepartments - <==      Total: 3
2026-06-04 10:20:53.730 [http-nio-8080-exec-3] DEBUG c.e.s.m.MenuMapper.countAuthForUrl - ==>  Preparing: SELECT COUNT(1) FROM TB_MENU A INNER JOIN TB_MENU_AUTH B ON A.MENU_CD = B.MENU_CD WHERE A.USE_YN = 'Y' AND A.MENU_URL = ? AND B.AUTH_CD = ?
2026-06-04 10:20:53.730 [http-nio-8080-exec-3] DEBUG c.e.s.m.MenuMapper.countAuthForUrl - ==> Parameters: /sms/history(String), ROLE_ADMIN(String)
2026-06-04 10:20:53.730 [http-nio-8080-exec-3] INFO  jdbc.sqlonly - SELECT COUNT(1)
        FROM TB_MENU A
        INNER JOIN TB_MENU_AUTH B ON A.MENU_CD = B.MENU_CD
        WHERE A.USE_YN = 'Y'
          AND A.MENU_URL = '/sms/history'
          AND B.AUTH_CD = 'ROLE_ADMIN'

2026-06-04 10:20:53.732 [http-nio-8080-exec-3] DEBUG c.e.s.m.MenuMapper.countAuthForUrl - <==      Total: 1
2026-06-04 10:20:53.734 [http-nio-8080-exec-3] DEBUG c.e.s.m.P.insertAuditLog - ==>  Preparing: INSERT INTO TB_PRIVACY_AUDIT_LOG ( executor_id, executor_ip, request_url, action_type, target_data ) VALUES ( ?, ?, ?, ?, ? )
2026-06-04 10:20:53.734 [http-nio-8080-exec-3] DEBUG c.e.s.m.P.insertAuditLog - ==> Parameters: admin(String), 0:0:0:0:0:0:0:1(String), /sms/history/data(String), SMS 발송내역 조회 (수신번호·메세지 포함)(String), [{"page":1,"size":10,"keyword":null,"searchType":null,"startDateTime":"","endDateTime":"","sendStatus":"","receiverNo":"","sendType":"","offset":0}](String)
2026-06-04 10:20:53.734 [http-nio-8080-exec-3] INFO  jdbc.sqlonly - INSERT INTO TB_PRIVACY_AUDIT_LOG (
            executor_id,
            executor_ip,
            request_url,
            action_type,
            target_data
        ) VALUES (
            'admin',
            '0:0:0:0:0:0:0:1',
            '/sms/history/data',
            'SMS 발송내역 조회 (수신번호·메세지 포함)',
            '[{"page":1,"size":10,"keyword":null,"searchType":null,"startDateTime":"","endDateTime":"","sendStatus":"","receiverNo":"","sendType":"","offset":0}]'
        )

2026-06-04 10:20:53.739 [http-nio-8080-exec-3] DEBUG c.e.s.m.P.insertAuditLog - <==    Updates: 1
2026-06-04 10:20:53.741 [http-nio-8080-exec-3] DEBUG c.e.s.m.sms.SmsHistoryMapper.count - ==>  Preparing: SELECT COUNT(1) FROM SMS_HISTORY
2026-06-04 10:20:53.741 [http-nio-8080-exec-3] DEBUG c.e.s.m.sms.SmsHistoryMapper.count - ==> Parameters: 
2026-06-04 10:20:53.741 [http-nio-8080-exec-3] INFO  jdbc.sqlonly - SELECT COUNT(1) FROM SMS_HISTORY

2026-06-04 10:20:53.744 [http-nio-8080-exec-3] DEBUG c.e.s.m.sms.SmsHistoryMapper.count - <==      Total: 1
2026-06-04 10:20:53.744 [http-nio-8080-exec-3] DEBUG c.e.s.m.s.S.selectList - ==>  Preparing: SELECT h.ID, h.CAMPAIGN_NAME, h.SEND_TYPE, h.SENDER_NO, h.RECEIVER_NO, h.MESSAGE, h.SEND_STATUS, h.RESEND_YN, h.RESULT_CODE, h.RESULT_MESSAGE, (SELECT sl.TELECOM FROM SMS_SEND_LOG sl WHERE sl.RECEIVER_NO = h.RECEIVER_NO AND ROWNUM = 1) AS telecom, h.RESERVED_AT, h.SENT_AT, h.CREATED_AT, h.UPDATED_AT FROM SMS_HISTORY h ORDER BY h.SENT_AT DESC, h.ID DESC OFFSET ? ROWS FETCH NEXT ? ROWS ONLY
2026-06-04 10:20:53.744 [http-nio-8080-exec-3] DEBUG c.e.s.m.s.S.selectList - ==> Parameters: 0(Integer), 10(Integer)
2026-06-04 10:20:53.744 [http-nio-8080-exec-3] INFO  jdbc.sqlonly - SELECT
            h.ID, h.CAMPAIGN_NAME, h.SEND_TYPE, h.SENDER_NO, h.RECEIVER_NO,
            h.MESSAGE, h.SEND_STATUS, h.RESEND_YN, h.RESULT_CODE, h.RESULT_MESSAGE,
            (SELECT sl.TELECOM FROM SMS_SEND_LOG sl
             WHERE sl.RECEIVER_NO = h.RECEIVER_NO AND ROWNUM = 1) AS telecom,
            h.RESERVED_AT, h.SENT_AT, h.CREATED_AT, h.UPDATED_AT
        FROM SMS_HISTORY h

        ORDER BY h.SENT_AT DESC, h.ID DESC
        OFFSET 0 ROWS FETCH NEXT 10 ROWS ONLY

2026-06-04 10:20:53.759 [http-nio-8080-exec-3] DEBUG c.e.s.m.s.S.selectList - <==      Total: 10
2026-06-04 10:24:53.398 [RMI TCP Connection(14)-127.0.0.1] INFO  o.s.b.a.SpringApplicationAdminMXBeanRegistrar$SpringApplicationAdmin - Application shutdown requested.
2026-06-04 10:24:53.402 [RMI TCP Connection(14)-127.0.0.1] INFO  o.a.coyote.http11.Http11NioProtocol - Stopping ProtocolHandler ["http-nio-8080"]
2026-06-04 10:24:53.410 [RMI TCP Connection(14)-127.0.0.1] INFO  com.zaxxer.hikari.HikariDataSource - HikariPool-1 - Shutdown initiated...
2026-06-04 10:24:53.424 [RMI TCP Connection(14)-127.0.0.1] INFO  com.zaxxer.hikari.HikariDataSource - HikariPool-1 - Shutdown completed.
2026-06-04 10:24:55.233 [background-preinit] INFO  o.h.validator.internal.util.Version - HV000001: Hibernate Validator 8.0.1.Final
2026-06-04 10:24:55.266 [main] INFO  com.example.sms.SmsApplication - Starting SmsApplication using Java 21.0.7 with PID 32220 (C:\Work\sms-project-v2\target\classes started by ndk20 in C:\Work\sms-project-v2)
2026-06-04 10:24:55.270 [main] DEBUG com.example.sms.SmsApplication - Running with Spring Boot v3.3.0, Spring v6.1.8
2026-06-04 10:24:55.272 [main] INFO  com.example.sms.SmsApplication - The following 1 profile is active: "dev"
2026-06-04 10:24:55.933 [main] INFO  o.s.d.r.c.RepositoryConfigurationDelegate - Bootstrapping Spring Data LDAP repositories in DEFAULT mode.
2026-06-04 10:24:55.948 [main] INFO  o.s.d.r.c.RepositoryConfigurationDelegate - Finished Spring Data repository scanning in 10 ms. Found 0 LDAP repository interfaces.
2026-06-04 10:24:56.453 [main] INFO  o.s.b.w.e.tomcat.TomcatWebServer - Tomcat initialized with port 8080 (http)
2026-06-04 10:24:56.455 [main] INFO  o.a.c.core.AprLifecycleListener - An older version [1.3.1] of the Apache Tomcat Native library is installed, while Tomcat recommends a minimum version of [2.0.5]
2026-06-04 10:24:56.455 [main] INFO  o.a.c.core.AprLifecycleListener - Loaded Apache Tomcat Native library [1.3.1] using APR version [1.7.4].
2026-06-04 10:24:56.459 [main] INFO  o.a.c.core.AprLifecycleListener - OpenSSL successfully initialized [OpenSSL 3.0.14 4 Jun 2024]
2026-06-04 10:24:56.464 [main] INFO  o.a.coyote.http11.Http11NioProtocol - Initializing ProtocolHandler ["http-nio-8080"]
2026-06-04 10:24:56.465 [main] INFO  o.a.catalina.core.StandardService - Starting service [Tomcat]
2026-06-04 10:24:56.465 [main] INFO  o.a.catalina.core.StandardEngine - Starting Servlet engine: [Apache Tomcat/10.1.24]
2026-06-04 10:24:56.509 [main] INFO  o.a.c.c.C.[Tomcat].[localhost].[/] - Initializing Spring embedded WebApplicationContext
2026-06-04 10:24:56.510 [main] INFO  o.s.b.w.s.c.ServletWebServerApplicationContext - Root WebApplicationContext: initialization completed in 1059 ms
2026-06-04 10:24:57.077 [main] INFO  o.s.s.c.a.a.c.InitializeUserDetailsBeanManagerConfigurer$InitializeUserDetailsManagerConfigurer - Global AuthenticationManager configured with UserDetailsService bean with name devUserDetailsService
2026-06-04 10:24:57.145 [main] INFO  o.s.b.a.w.s.WelcomePageHandlerMapping - Adding welcome page template: index
2026-06-04 10:24:57.305 [main] INFO  o.s.s.web.DefaultSecurityFilterChain - Will secure any request with [org.springframework.security.web.session.DisableEncodeUrlFilter@6e0d058a, org.springframework.security.web.context.request.async.WebAsyncManagerIntegrationFilter@3eb0fd88, org.springframework.security.web.context.SecurityContextHolderFilter@6f65a203, org.springframework.security.web.header.HeaderWriterFilter@69e36fe3, org.springframework.web.filter.CorsFilter@adc3344, org.springframework.security.web.authentication.logout.LogoutFilter@bb5f9d, org.springframework.security.web.authentication.UsernamePasswordAuthenticationFilter@1f3361e9, org.springframework.security.web.savedrequest.RequestCacheAwareFilter@4de158ca, org.springframework.security.web.servletapi.SecurityContextHolderAwareRequestFilter@d180961, org.springframework.security.web.authentication.AnonymousAuthenticationFilter@484302ee, org.springframework.security.web.access.ExceptionTranslationFilter@2f61de04, org.springframework.security.web.access.intercept.AuthorizationFilter@4627dfda]
2026-06-04 10:24:57.520 [main] INFO  o.s.l.c.s.AbstractContextSource - Property 'userDn' not set - anonymous context will be used for read-only operations
2026-06-04 10:24:57.568 [main] INFO  o.a.coyote.http11.Http11NioProtocol - Starting ProtocolHandler ["http-nio-8080"]
2026-06-04 10:24:57.582 [main] INFO  o.s.b.w.e.tomcat.TomcatWebServer - Tomcat started on port 8080 (http) with context path '/'
2026-06-04 10:24:57.588 [main] INFO  com.example.sms.SmsApplication - Started SmsApplication in 2.734 seconds (process running for 3.202)
2026-06-04 10:24:57.593 [main] INFO  com.zaxxer.hikari.HikariDataSource - HikariPool-1 - Starting...
2026-06-04 10:24:57.844 [main] INFO  com.zaxxer.hikari.pool.HikariPool - HikariPool-1 - Added connection net.sf.log4jdbc.sql.jdbcapi.ConnectionSpy@7fb5368e
2026-06-04 10:24:57.846 [main] INFO  com.zaxxer.hikari.HikariDataSource - HikariPool-1 - Start completed.
2026-06-04 10:24:57.901 [main] INFO  jdbc.sqlonly - CREATE USER SMS IDENTIFIED BY 1234

2026-06-04 10:24:57.907 [main] ERROR jdbc.sqlonly - 1. Statement.execute(CREATE USER SMS IDENTIFIED BY 1234) CREATE USER SMS IDENTIFIED BY 1234

java.sql.SQLSyntaxErrorException: ORA-01920: 사용자명 'SMS'(이)가 다른 사용자나 롤 이름과 상충됩니다

	at oracle.jdbc.driver.T4CTTIoer11.processError(T4CTTIoer11.java:629)
	at oracle.jdbc.driver.T4CTTIoer11.processError(T4CTTIoer11.java:563)
	at oracle.jdbc.driver.T4C8Oall.processError(T4C8Oall.java:1230)
	at oracle.jdbc.driver.T4CTTIfun.receive(T4CTTIfun.java:771)
	at oracle.jdbc.driver.T4CTTIfun.doRPC(T4CTTIfun.java:298)
	at oracle.jdbc.driver.T4C8Oall.doOALL(T4C8Oall.java:511)
	at oracle.jdbc.driver.T4CStatement.doOall8(T4CStatement.java:122)
	at oracle.jdbc.driver.T4CStatement.executeForRows(T4CStatement.java:1199)
	at oracle.jdbc.driver.OracleStatement.executeSQLStatement(OracleStatement.java:1819)
	at oracle.jdbc.driver.OracleStatement.doExecuteWithTimeout(OracleStatement.java:1471)
	at oracle.jdbc.driver.OracleStatement.executeInternal(OracleStatement.java:2504)
	at oracle.jdbc.driver.OracleStatement.execute(OracleStatement.java:2459)
	at oracle.jdbc.driver.OracleStatementWrapper.execute(OracleStatementWrapper.java:327)
	at net.sf.log4jdbc.sql.jdbcapi.StatementSpy.execute(StatementSpy.java:923)
	at com.zaxxer.hikari.pool.ProxyStatement.execute(ProxyStatement.java:94)
	at com.zaxxer.hikari.pool.HikariProxyStatement.execute(HikariProxyStatement.java)
	at org.springframework.jdbc.core.JdbcTemplate$1ExecuteStatementCallback.doInStatement(JdbcTemplate.java:435)
	at org.springframework.jdbc.core.JdbcTemplate.execute(JdbcTemplate.java:393)
	at org.springframework.jdbc.core.JdbcTemplate.execute(JdbcTemplate.java:444)
	at com.example.sms.config.TableInitRunner.run(TableInitRunner.java:20)
	at org.springframework.boot.SpringApplication.lambda$callRunner$5(SpringApplication.java:790)
	at org.springframework.util.function.ThrowingConsumer$1.acceptWithException(ThrowingConsumer.java:83)
	at org.springframework.util.function.ThrowingConsumer.accept(ThrowingConsumer.java:60)
	at org.springframework.util.function.ThrowingConsumer$1.accept(ThrowingConsumer.java:88)
	at org.springframework.boot.SpringApplication.callRunner(SpringApplication.java:798)
	at org.springframework.boot.SpringApplication.callRunner(SpringApplication.java:789)
	at org.springframework.boot.SpringApplication.lambda$callRunners$3(SpringApplication.java:774)
	at java.base/java.util.stream.ForEachOps$ForEachOp$OfRef.accept(ForEachOps.java:184)
	at java.base/java.util.stream.SortedOps$SizedRefSortingSink.end(SortedOps.java:357)
	at java.base/java.util.stream.AbstractPipeline.copyInto(AbstractPipeline.java:510)
	at java.base/java.util.stream.AbstractPipeline.wrapAndCopyInto(AbstractPipeline.java:499)
	at java.base/java.util.stream.ForEachOps$ForEachOp.evaluateSequential(ForEachOps.java:151)
	at java.base/java.util.stream.ForEachOps$ForEachOp$OfRef.evaluateSequential(ForEachOps.java:174)
	at java.base/java.util.stream.AbstractPipeline.evaluate(AbstractPipeline.java:234)
	at java.base/java.util.stream.ReferencePipeline.forEach(ReferencePipeline.java:596)
	at org.springframework.boot.SpringApplication.callRunners(SpringApplication.java:774)
	at org.springframework.boot.SpringApplication.run(SpringApplication.java:342)
	at org.springframework.boot.SpringApplication.run(SpringApplication.java:1363)
	at org.springframework.boot.SpringApplication.run(SpringApplication.java:1352)
	at com.example.sms.SmsApplication.main(SmsApplication.java:14)
Caused by: oracle.jdbc.OracleDatabaseException: ORA-01920: 사용자명 'SMS'(이)가 다른 사용자나 롤 이름과 상충됩니다

	at oracle.jdbc.driver.T4CTTIoer11.processError(T4CTTIoer11.java:636)
	... 39 common frames omitted
2026-06-04 10:24:57.918 [main] INFO  jdbc.sqlonly - BEGIN
  EXECUTE IMMEDIATE 'CREATE TABLE TB_DEP (
      DEPT_ID VARCHAR2(12) PRIMARY KEY,
      DEP_NM VARCHAR2(20),
      WRT_DTTM CHAR(14),
      DEL_DTTM CHAR(14),
      ACT_YN CHAR(1)
  )';
EXCEPTION
  WHEN OTHERS THEN
    IF SQLCODE != -955 THEN RAISE; END IF;
END;

2026-06-04 10:24:57.924 [main] INFO  jdbc.sqlonly - BEGIN
  EXECUTE IMMEDIATE 'CREATE TABLE TB_EMP (
      EMP_ID VARCHAR2(12) NOT NULL,
      DEPT_ID VARCHAR2(12) NOT NULL,
      EMP_PASS VARCHAR2(24) NULL,
      EMP_NM VARCHAR2(20) NULL,
      EMP_LEV CHAR(1) NULL,
      REG_DTTM VARCHAR2(14) NULL,
      MAX_SEND_CNT NUMBER NULL,
      PERM_CPN CHAR(1) NULL,
      PERM_SYS CHAR(1) NULL,
      PERM_STA CHAR(1) NULL,
      NOW_SEND_CNT NUMBER NULL,
      LAST_SEND_DT CHAR(8) NULL,
      LOGIN_FAIL_CNT NUMBER NULL,
      EMP_PHONE VARCHAR2(15) NULL,
      PERM_PSN CHAR(1) NULL,
      PERM_AUT CHAR(1) NULL,
      PERM_CPN_AGREE CHAR(1) NULL,
      DEL_DTTM VARCHAR2(14) NULL,
      ACT_YN CHAR(1) NULL,
      LAST_LOGIN_DTTM VARCHAR2(14) NULL,
      PASS_UPDATE_DTTM CHAR(14) NULL,
      PASS_UPDATE_YN CHAR(1) DEFAULT ''N'' NOT NULL,
      PERM_SND_CANCEL CHAR(1) NULL,
      UPDATE_DTTM CHAR(14) NULL,
      PERM_NOM CHAR(1) NULL,
      PERM_NOM_AGREE CHAR(1) NULL,
      PERM_MMS CHAR(1) NULL,
      PERM_MMS_AGREE CHAR(1) NULL,
      OLD_PWD1 VARCHAR2(24) NULL,
      OLD_PWD2 VARCHAR2(24) NULL,
      OLD_PWD3 VARCHAR2(24) NULL,
      OLD_PWD4 VARCHAR2(24) NULL,
      OLD_PWD5 VARCHAR2(24) NULL,
      OLD_PWD6 VARCHAR2(24) NULL,
      OLD_PWD7 VARCHAR2(24) NULL,
      OLD_PWD8 VARCHAR2(24) NULL,
      OLD_PWD9 VARCHAR2(24) NULL,
      OLD_PWD10 VARCHAR2(24) NULL,
      MFA_YN CHAR(1) NULL,
      CONSTRAINT EMP_PK PRIMARY KEY (EMP_ID, DEPT_ID)
  )';
EXCEPTION
  WHEN OTHERS THEN
    IF SQLCODE != -955 THEN RAISE; END IF;
END;

2026-06-04 10:24:57.929 [main] INFO  jdbc.sqlonly - SELECT COUNT(1) FROM EMPLOYEE WHERE EMP_ID = 'admin'

2026-06-04 10:24:57.970 [main] INFO  jdbc.sqlonly - SELECT COUNT(1) FROM TB_DEP

2026-06-04 10:24:57.972 [main] INFO  jdbc.sqlonly - BEGIN
  EXECUTE IMMEDIATE 'CREATE TABLE TB_PRIVACY_AUDIT_LOG (
      log_id NUMBER GENERATED ALWAYS AS IDENTITY PRIMARY KEY,
      executor_id VARCHAR2(50) NOT NULL,
      executor_ip VARCHAR2(50),
      request_url VARCHAR2(200),
      action_type VARCHAR2(100) NOT NULL,
      target_data VARCHAR2(500),
      created_at TIMESTAMP DEFAULT CURRENT_TIMESTAMP
  )';
EXCEPTION
  WHEN OTHERS THEN
    IF SQLCODE != -955 THEN RAISE; END IF;
END;

2026-06-04 10:24:57.977 [main] INFO  jdbc.sqlonly - BEGIN
  EXECUTE IMMEDIATE 'CREATE TABLE TB_ATTACH_FILE (
      file_id NUMBER GENERATED ALWAYS AS IDENTITY PRIMARY KEY,
      original_name VARCHAR2(300) NOT NULL,
      save_name VARCHAR2(300) NOT NULL,
      file_path VARCHAR2(500) NOT NULL,
      file_size NUMBER,
      ext VARCHAR2(10),
      created_at TIMESTAMP DEFAULT CURRENT_TIMESTAMP
  )';
EXCEPTION
  WHEN OTHERS THEN
    IF SQLCODE != -955 THEN RAISE; END IF;
END;

2026-06-04 10:24:57.981 [main] INFO  jdbc.sqlonly - BEGIN
  EXECUTE IMMEDIATE 'CREATE TABLE TB_MESSAGE (
      MSG_ID      NUMBER GENERATED ALWAYS AS IDENTITY PRIMARY KEY,
      DEPT_ID     VARCHAR2(50),
      MSG_CODE    VARCHAR2(50) UNIQUE NOT NULL,
      MSG_TYPE    VARCHAR2(20) DEFAULT ''NORMAL'' NOT NULL,
      MSG_TITLE   VARCHAR2(200) NOT NULL,
      MSG_CONTENT CLOB,
      FORBID_YN   CHAR(1) DEFAULT ''N'',
      SEND_POINT  VARCHAR2(100),
      USE_YN      CHAR(1) DEFAULT ''Y'',
      REG_ID      VARCHAR2(50),
      REG_DT      TIMESTAMP DEFAULT CURRENT_TIMESTAMP,
      UPD_ID      VARCHAR2(50),
      UPD_DT      TIMESTAMP
  )';
EXCEPTION
  WHEN OTHERS THEN
    IF SQLCODE != -955 THEN RAISE; END IF;
END;

2026-06-04 10:24:57.985 [main] INFO  jdbc.sqlonly - BEGIN
  EXECUTE IMMEDIATE 'CREATE TABLE TB_BANK (
      BANK_CD  VARCHAR2(10)  PRIMARY KEY,
      BANK_NM  VARCHAR2(100) NOT NULL,
      SWIFT_CD VARCHAR2(20),
      USE_YN   CHAR(1) DEFAULT ''Y''
  )';
EXCEPTION WHEN OTHERS THEN IF SQLCODE != -955 THEN RAISE; END IF;
END;

2026-06-04 10:24:58.008 [main] INFO  jdbc.sqlonly - SELECT COUNT(1) FROM TB_BANK WHERE BANK_CD = 'KB'

2026-06-04 10:24:58.012 [main] INFO  jdbc.sqlonly - SELECT COUNT(1) FROM TB_BANK WHERE BANK_CD = 'SHIN'

2026-06-04 10:24:58.013 [main] INFO  jdbc.sqlonly - SELECT COUNT(1) FROM TB_BANK WHERE BANK_CD = 'WOORI'

2026-06-04 10:24:58.015 [main] INFO  jdbc.sqlonly - SELECT COUNT(1) FROM TB_BANK WHERE BANK_CD = 'HANA'

2026-06-04 10:24:58.016 [main] INFO  jdbc.sqlonly - SELECT COUNT(1) FROM TB_BANK WHERE BANK_CD = 'IBK'

2026-06-04 10:24:58.017 [main] INFO  jdbc.sqlonly - SELECT COUNT(1) FROM TB_BANK WHERE BANK_CD = 'KEB'

2026-06-04 10:24:58.019 [main] INFO  jdbc.sqlonly - SELECT COUNT(1) FROM TB_BANK WHERE BANK_CD = 'NH'

2026-06-04 10:24:58.020 [main] INFO  jdbc.sqlonly - SELECT COUNT(1) FROM TB_BANK WHERE BANK_CD = 'SC'

2026-06-04 10:24:58.021 [main] INFO  jdbc.sqlonly - SELECT COUNT(1) FROM TB_BANK WHERE BANK_CD = 'CITI'

2026-06-04 10:24:58.022 [main] INFO  jdbc.sqlonly - SELECT COUNT(1) FROM TB_BANK WHERE BANK_CD = 'DGB'

2026-06-04 10:24:58.023 [main] INFO  jdbc.sqlonly - SELECT COUNT(1) FROM TB_BANK WHERE BANK_CD = 'BNK'

2026-06-04 10:24:58.024 [main] INFO  jdbc.sqlonly - SELECT COUNT(1) FROM TB_BANK WHERE BANK_CD = 'JB'

2026-06-04 10:24:58.025 [main] INFO  jdbc.sqlonly - SELECT COUNT(1) FROM TB_BANK WHERE BANK_CD = 'KDB'

2026-06-04 10:24:58.027 [main] INFO  jdbc.sqlonly - SELECT COUNT(1) FROM TB_BANK WHERE BANK_CD = 'KIBO'

2026-06-04 10:24:58.029 [main] INFO  jdbc.sqlonly - BEGIN
  EXECUTE IMMEDIATE 'CREATE TABLE TB_CUSTOMER_SSN (
      PHONE_NO     VARCHAR2(20) PRIMARY KEY,
      SSN_MASKED   VARCHAR2(14),
      HOLDER_NAME  VARCHAR2(100),
      DEPT_NM      VARCHAR2(100),
      INTERMEDIARY VARCHAR2(100),
      REG_DT       TIMESTAMP DEFAULT CURRENT_TIMESTAMP
  )';
EXCEPTION WHEN OTHERS THEN IF SQLCODE != -955 THEN RAISE; END IF;
END;

2026-06-04 10:24:58.032 [main] INFO  jdbc.sqlonly - SELECT COUNT(1) FROM USER_TAB_COLUMNS WHERE TABLE_NAME = 'EMPLOYEE' AND COLUMN_NAME = 'MFA_YN'

2026-06-04 10:24:58.036 [main] INFO  jdbc.sqlonly - SELECT COUNT(1) FROM USER_TAB_COLUMNS WHERE TABLE_NAME = 'CAMPAIGN' AND COLUMN_NAME = 'REG_ID'

2026-06-04 10:24:58.038 [main] INFO  jdbc.sqlonly - SELECT COUNT(1) FROM USER_TAB_COLUMNS WHERE TABLE_NAME = 'CAMPAIGN' AND COLUMN_NAME = 'TARGET_COUNT'

2026-06-04 10:24:58.040 [main] INFO  jdbc.sqlonly - SELECT COUNT(1) FROM USER_TAB_COLUMNS WHERE TABLE_NAME = 'CAMPAIGN' AND COLUMN_NAME = 'APRV_USER'

2026-06-04 10:24:58.042 [main] INFO  jdbc.sqlonly - SELECT COUNT(1) FROM USER_TAB_COLUMNS WHERE TABLE_NAME = 'CAMPAIGN' AND COLUMN_NAME = 'APRV_DT'

2026-06-04 10:24:58.044 [main] INFO  jdbc.sqlonly - SELECT COUNT(1) FROM TB_SMS_HISTORY

2026-06-04 10:24:58.046 [main] INFO  jdbc.sqlonly - DELETE FROM TB_GROUP_CONTACT_MAP

2026-06-04 10:24:58.051 [main] INFO  jdbc.sqlonly - DELETE FROM TB_CONTACT

2026-06-04 10:24:58.056 [main] INFO  jdbc.sqlonly - SELECT GROUP_ID FROM (SELECT GROUP_ID FROM TB_CONTACT_GROUP ORDER BY GROUP_ID DESC) WHERE ROWNUM <= 5

2026-06-04 10:24:58.061 [main] INFO  jdbc.sqlonly - INSERT INTO TB_CONTACT (CONTACT_NM, PHONE_NO, COMPANY_NM, REG_DT, REG_ID) VALUES ('테스트고객1', '010-0001-0001', '(주)테스트기업2', SYSDATE, 'SYSTEM')

2026-06-04 10:24:58.066 [main] INFO  jdbc.sqlonly - INSERT INTO TB_CONTACT (CONTACT_NM, PHONE_NO, COMPANY_NM, REG_DT, REG_ID) VALUES ('테스트고객2', '010-0002-0002', '(주)테스트기업3', SYSDATE, 'SYSTEM')

2026-06-04 10:24:58.068 [main] INFO  jdbc.sqlonly - INSERT INTO TB_CONTACT (CONTACT_NM, PHONE_NO, COMPANY_NM, REG_DT, REG_ID) VALUES ('테스트고객3', '010-0003-0003', '(주)테스트기업1', SYSDATE, 'SYSTEM')

2026-06-04 10:24:58.074 [main] INFO  jdbc.sqlonly - INSERT INTO TB_CONTACT (CONTACT_NM, PHONE_NO, COMPANY_NM, REG_DT, REG_ID) VALUES ('테스트고객4', '010-0004-0004', '(주)테스트기업2', SYSDATE, 'SYSTEM')

2026-06-04 10:24:58.077 [main] INFO  jdbc.sqlonly - INSERT INTO TB_CONTACT (CONTACT_NM, PHONE_NO, COMPANY_NM, REG_DT, REG_ID) VALUES ('테스트고객5', '010-0005-0005', '(주)테스트기업3', SYSDATE, 'SYSTEM')

2026-06-04 10:24:58.081 [main] INFO  jdbc.sqlonly - INSERT INTO TB_CONTACT (CONTACT_NM, PHONE_NO, COMPANY_NM, REG_DT, REG_ID) VALUES ('테스트고객6', '010-0006-0006', '(주)테스트기업1', SYSDATE, 'SYSTEM')

2026-06-04 10:24:58.084 [main] INFO  jdbc.sqlonly - INSERT INTO TB_CONTACT (CONTACT_NM, PHONE_NO, COMPANY_NM, REG_DT, REG_ID) VALUES ('테스트고객7', '010-0007-0007', '(주)테스트기업2', SYSDATE, 'SYSTEM')

2026-06-04 10:24:58.087 [main] INFO  jdbc.sqlonly - INSERT INTO TB_CONTACT (CONTACT_NM, PHONE_NO, COMPANY_NM, REG_DT, REG_ID) VALUES ('테스트고객8', '010-0008-0008', '(주)테스트기업3', SYSDATE, 'SYSTEM')

2026-06-04 10:24:58.091 [main] INFO  jdbc.sqlonly - INSERT INTO TB_CONTACT (CONTACT_NM, PHONE_NO, COMPANY_NM, REG_DT, REG_ID) VALUES ('테스트고객9', '010-0009-0009', '(주)테스트기업1', SYSDATE, 'SYSTEM')

2026-06-04 10:24:58.094 [main] INFO  jdbc.sqlonly - INSERT INTO TB_CONTACT (CONTACT_NM, PHONE_NO, COMPANY_NM, REG_DT, REG_ID) VALUES ('테스트고객10', '010-0010-0010', '(주)테스트기업2', SYSDATE, 'SYSTEM')

2026-06-04 10:24:58.097 [main] INFO  jdbc.sqlonly - INSERT INTO TB_CONTACT (CONTACT_NM, PHONE_NO, COMPANY_NM, REG_DT, REG_ID) VALUES ('테스트고객11', '010-0011-0011', '(주)테스트기업3', SYSDATE, 'SYSTEM')

2026-06-04 10:24:58.101 [main] INFO  jdbc.sqlonly - INSERT INTO TB_CONTACT (CONTACT_NM, PHONE_NO, COMPANY_NM, REG_DT, REG_ID) VALUES ('테스트고객12', '010-0012-0012', '(주)테스트기업1', SYSDATE, 'SYSTEM')

2026-06-04 10:24:58.104 [main] INFO  jdbc.sqlonly - INSERT INTO TB_CONTACT (CONTACT_NM, PHONE_NO, COMPANY_NM, REG_DT, REG_ID) VALUES ('테스트고객13', '010-0013-0013', '(주)테스트기업2', SYSDATE, 'SYSTEM')

2026-06-04 10:24:58.106 [main] INFO  jdbc.sqlonly - INSERT INTO TB_CONTACT (CONTACT_NM, PHONE_NO, COMPANY_NM, REG_DT, REG_ID) VALUES ('테스트고객14', '010-0014-0014', '(주)테스트기업3', SYSDATE, 'SYSTEM')

2026-06-04 10:24:58.109 [main] INFO  jdbc.sqlonly - INSERT INTO TB_CONTACT (CONTACT_NM, PHONE_NO, COMPANY_NM, REG_DT, REG_ID) VALUES ('테스트고객15', '010-0015-0015', '(주)테스트기업1', SYSDATE, 'SYSTEM')

2026-06-04 10:24:58.112 [main] INFO  jdbc.sqlonly - INSERT INTO TB_CONTACT (CONTACT_NM, PHONE_NO, COMPANY_NM, REG_DT, REG_ID) VALUES ('테스트고객16', '010-0016-0016', '(주)테스트기업2', SYSDATE, 'SYSTEM')

2026-06-04 10:24:58.115 [main] INFO  jdbc.sqlonly - INSERT INTO TB_CONTACT (CONTACT_NM, PHONE_NO, COMPANY_NM, REG_DT, REG_ID) VALUES ('테스트고객17', '010-0017-0017', '(주)테스트기업3', SYSDATE, 'SYSTEM')

2026-06-04 10:24:58.118 [main] INFO  jdbc.sqlonly - INSERT INTO TB_CONTACT (CONTACT_NM, PHONE_NO, COMPANY_NM, REG_DT, REG_ID) VALUES ('테스트고객18', '010-0018-0018', '(주)테스트기업1', SYSDATE, 'SYSTEM')

2026-06-04 10:24:58.121 [main] INFO  jdbc.sqlonly - INSERT INTO TB_CONTACT (CONTACT_NM, PHONE_NO, COMPANY_NM, REG_DT, REG_ID) VALUES ('테스트고객19', '010-0019-0019', '(주)테스트기업2', SYSDATE, 'SYSTEM')

2026-06-04 10:24:58.124 [main] INFO  jdbc.sqlonly - INSERT INTO TB_CONTACT (CONTACT_NM, PHONE_NO, COMPANY_NM, REG_DT, REG_ID) VALUES ('테스트고객20', '010-0020-0020', '(주)테스트기업3', SYSDATE, 'SYSTEM')

2026-06-04 10:24:58.127 [main] INFO  jdbc.sqlonly - INSERT INTO TB_CONTACT (CONTACT_NM, PHONE_NO, COMPANY_NM, REG_DT, REG_ID) VALUES ('테스트고객21', '010-0021-0021', '(주)테스트기업1', SYSDATE, 'SYSTEM')

2026-06-04 10:24:58.130 [main] INFO  jdbc.sqlonly - INSERT INTO TB_CONTACT (CONTACT_NM, PHONE_NO, COMPANY_NM, REG_DT, REG_ID) VALUES ('테스트고객22', '010-0022-0022', '(주)테스트기업2', SYSDATE, 'SYSTEM')

2026-06-04 10:24:58.133 [main] INFO  jdbc.sqlonly - INSERT INTO TB_CONTACT (CONTACT_NM, PHONE_NO, COMPANY_NM, REG_DT, REG_ID) VALUES ('테스트고객23', '010-0023-0023', '(주)테스트기업3', SYSDATE, 'SYSTEM')

2026-06-04 10:24:58.135 [main] INFO  jdbc.sqlonly - INSERT INTO TB_CONTACT (CONTACT_NM, PHONE_NO, COMPANY_NM, REG_DT, REG_ID) VALUES ('테스트고객24', '010-0024-0024', '(주)테스트기업1', SYSDATE, 'SYSTEM')

2026-06-04 10:24:58.139 [main] INFO  jdbc.sqlonly - INSERT INTO TB_CONTACT (CONTACT_NM, PHONE_NO, COMPANY_NM, REG_DT, REG_ID) VALUES ('테스트고객25', '010-0025-0025', '(주)테스트기업2', SYSDATE, 'SYSTEM')

2026-06-04 10:24:58.141 [main] INFO  jdbc.sqlonly - INSERT INTO TB_CONTACT (CONTACT_NM, PHONE_NO, COMPANY_NM, REG_DT, REG_ID) VALUES ('테스트고객26', '010-0026-0026', '(주)테스트기업3', SYSDATE, 'SYSTEM')

2026-06-04 10:24:58.144 [main] INFO  jdbc.sqlonly - INSERT INTO TB_CONTACT (CONTACT_NM, PHONE_NO, COMPANY_NM, REG_DT, REG_ID) VALUES ('테스트고객27', '010-0027-0027', '(주)테스트기업1', SYSDATE, 'SYSTEM')

2026-06-04 10:24:58.147 [main] INFO  jdbc.sqlonly - INSERT INTO TB_CONTACT (CONTACT_NM, PHONE_NO, COMPANY_NM, REG_DT, REG_ID) VALUES ('테스트고객28', '010-0028-0028', '(주)테스트기업2', SYSDATE, 'SYSTEM')

2026-06-04 10:24:58.149 [main] INFO  jdbc.sqlonly - INSERT INTO TB_CONTACT (CONTACT_NM, PHONE_NO, COMPANY_NM, REG_DT, REG_ID) VALUES ('테스트고객29', '010-0029-0029', '(주)테스트기업3', SYSDATE, 'SYSTEM')

2026-06-04 10:24:58.154 [main] INFO  jdbc.sqlonly - INSERT INTO TB_CONTACT (CONTACT_NM, PHONE_NO, COMPANY_NM, REG_DT, REG_ID) VALUES ('테스트고객30', '010-0030-0030', '(주)테스트기업1', SYSDATE, 'SYSTEM')

2026-06-04 10:24:58.157 [main] INFO  jdbc.sqlonly - INSERT INTO TB_CONTACT (CONTACT_NM, PHONE_NO, COMPANY_NM, REG_DT, REG_ID) VALUES ('테스트고객31', '010-0031-0031', '(주)테스트기업2', SYSDATE, 'SYSTEM')

2026-06-04 10:24:58.161 [main] INFO  jdbc.sqlonly - INSERT INTO TB_CONTACT (CONTACT_NM, PHONE_NO, COMPANY_NM, REG_DT, REG_ID) VALUES ('테스트고객32', '010-0032-0032', '(주)테스트기업3', SYSDATE, 'SYSTEM')

2026-06-04 10:24:58.165 [main] INFO  jdbc.sqlonly - INSERT INTO TB_CONTACT (CONTACT_NM, PHONE_NO, COMPANY_NM, REG_DT, REG_ID) VALUES ('테스트고객33', '010-0033-0033', '(주)테스트기업1', SYSDATE, 'SYSTEM')

2026-06-04 10:24:58.168 [main] INFO  jdbc.sqlonly - INSERT INTO TB_CONTACT (CONTACT_NM, PHONE_NO, COMPANY_NM, REG_DT, REG_ID) VALUES ('테스트고객34', '010-0034-0034', '(주)테스트기업2', SYSDATE, 'SYSTEM')

2026-06-04 10:24:58.172 [main] INFO  jdbc.sqlonly - INSERT INTO TB_CONTACT (CONTACT_NM, PHONE_NO, COMPANY_NM, REG_DT, REG_ID) VALUES ('테스트고객35', '010-0035-0035', '(주)테스트기업3', SYSDATE, 'SYSTEM')

2026-06-04 10:24:58.174 [main] INFO  jdbc.sqlonly - INSERT INTO TB_CONTACT (CONTACT_NM, PHONE_NO, COMPANY_NM, REG_DT, REG_ID) VALUES ('테스트고객36', '010-0036-0036', '(주)테스트기업1', SYSDATE, 'SYSTEM')

2026-06-04 10:24:58.177 [main] INFO  jdbc.sqlonly - INSERT INTO TB_CONTACT (CONTACT_NM, PHONE_NO, COMPANY_NM, REG_DT, REG_ID) VALUES ('테스트고객37', '010-0037-0037', '(주)테스트기업2', SYSDATE, 'SYSTEM')

2026-06-04 10:24:58.180 [main] INFO  jdbc.sqlonly - INSERT INTO TB_CONTACT (CONTACT_NM, PHONE_NO, COMPANY_NM, REG_DT, REG_ID) VALUES ('테스트고객38', '010-0038-0038', '(주)테스트기업3', SYSDATE, 'SYSTEM')

2026-06-04 10:24:58.183 [main] INFO  jdbc.sqlonly - INSERT INTO TB_CONTACT (CONTACT_NM, PHONE_NO, COMPANY_NM, REG_DT, REG_ID) VALUES ('테스트고객39', '010-0039-0039', '(주)테스트기업1', SYSDATE, 'SYSTEM')

2026-06-04 10:24:58.185 [main] INFO  jdbc.sqlonly - INSERT INTO TB_CONTACT (CONTACT_NM, PHONE_NO, COMPANY_NM, REG_DT, REG_ID) VALUES ('테스트고객40', '010-0040-0040', '(주)테스트기업2', SYSDATE, 'SYSTEM')

2026-06-04 10:24:58.189 [main] INFO  jdbc.sqlonly - INSERT INTO TB_CONTACT (CONTACT_NM, PHONE_NO, COMPANY_NM, REG_DT, REG_ID) VALUES ('테스트고객41', '010-0041-0041', '(주)테스트기업3', SYSDATE, 'SYSTEM')

2026-06-04 10:24:58.192 [main] INFO  jdbc.sqlonly - INSERT INTO TB_CONTACT (CONTACT_NM, PHONE_NO, COMPANY_NM, REG_DT, REG_ID) VALUES ('테스트고객42', '010-0042-0042', '(주)테스트기업1', SYSDATE, 'SYSTEM')

2026-06-04 10:24:58.196 [main] INFO  jdbc.sqlonly - INSERT INTO TB_CONTACT (CONTACT_NM, PHONE_NO, COMPANY_NM, REG_DT, REG_ID) VALUES ('테스트고객43', '010-0043-0043', '(주)테스트기업2', SYSDATE, 'SYSTEM')

2026-06-04 10:24:58.198 [main] INFO  jdbc.sqlonly - INSERT INTO TB_CONTACT (CONTACT_NM, PHONE_NO, COMPANY_NM, REG_DT, REG_ID) VALUES ('테스트고객44', '010-0044-0044', '(주)테스트기업3', SYSDATE, 'SYSTEM')

2026-06-04 10:24:58.201 [main] INFO  jdbc.sqlonly - INSERT INTO TB_CONTACT (CONTACT_NM, PHONE_NO, COMPANY_NM, REG_DT, REG_ID) VALUES ('테스트고객45', '010-0045-0045', '(주)테스트기업1', SYSDATE, 'SYSTEM')

2026-06-04 10:24:58.203 [main] INFO  jdbc.sqlonly - INSERT INTO TB_CONTACT (CONTACT_NM, PHONE_NO, COMPANY_NM, REG_DT, REG_ID) VALUES ('테스트고객46', '010-0046-0046', '(주)테스트기업2', SYSDATE, 'SYSTEM')

2026-06-04 10:24:58.207 [main] INFO  jdbc.sqlonly - INSERT INTO TB_CONTACT (CONTACT_NM, PHONE_NO, COMPANY_NM, REG_DT, REG_ID) VALUES ('테스트고객47', '010-0047-0047', '(주)테스트기업3', SYSDATE, 'SYSTEM')

2026-06-04 10:24:58.209 [main] INFO  jdbc.sqlonly - INSERT INTO TB_CONTACT (CONTACT_NM, PHONE_NO, COMPANY_NM, REG_DT, REG_ID) VALUES ('테스트고객48', '010-0048-0048', '(주)테스트기업1', SYSDATE, 'SYSTEM')

2026-06-04 10:24:58.212 [main] INFO  jdbc.sqlonly - INSERT INTO TB_CONTACT (CONTACT_NM, PHONE_NO, COMPANY_NM, REG_DT, REG_ID) VALUES ('테스트고객49', '010-0049-0049', '(주)테스트기업2', SYSDATE, 'SYSTEM')

2026-06-04 10:24:58.215 [main] INFO  jdbc.sqlonly - INSERT INTO TB_CONTACT (CONTACT_NM, PHONE_NO, COMPANY_NM, REG_DT, REG_ID) VALUES ('테스트고객50', '010-0050-0050', '(주)테스트기업3', SYSDATE, 'SYSTEM')

2026-06-04 10:24:58.218 [main] INFO  jdbc.sqlonly - SELECT CONTACT_ID FROM TB_CONTACT

2026-06-04 10:24:58.223 [main] INFO  jdbc.sqlonly - INSERT INTO TB_GROUP_CONTACT_MAP (GROUP_ID, CONTACT_ID, REG_DT) VALUES ('205', '5571', SYSDATE)

2026-06-04 10:24:58.226 [main] INFO  jdbc.sqlonly - INSERT INTO TB_GROUP_CONTACT_MAP (GROUP_ID, CONTACT_ID, REG_DT) VALUES ('204', '5572', SYSDATE)

2026-06-04 10:24:58.230 [main] INFO  jdbc.sqlonly - INSERT INTO TB_GROUP_CONTACT_MAP (GROUP_ID, CONTACT_ID, REG_DT) VALUES ('203', '5573', SYSDATE)

2026-06-04 10:24:58.233 [main] INFO  jdbc.sqlonly - INSERT INTO TB_GROUP_CONTACT_MAP (GROUP_ID, CONTACT_ID, REG_DT) VALUES ('202', '5574', SYSDATE)

2026-06-04 10:24:58.236 [main] INFO  jdbc.sqlonly - INSERT INTO TB_GROUP_CONTACT_MAP (GROUP_ID, CONTACT_ID, REG_DT) VALUES ('201', '5575', SYSDATE)

2026-06-04 10:24:58.238 [main] INFO  jdbc.sqlonly - INSERT INTO TB_GROUP_CONTACT_MAP (GROUP_ID, CONTACT_ID, REG_DT) VALUES ('205', '5576', SYSDATE)

2026-06-04 10:24:58.242 [main] INFO  jdbc.sqlonly - INSERT INTO TB_GROUP_CONTACT_MAP (GROUP_ID, CONTACT_ID, REG_DT) VALUES ('204', '5577', SYSDATE)

2026-06-04 10:24:58.245 [main] INFO  jdbc.sqlonly - INSERT INTO TB_GROUP_CONTACT_MAP (GROUP_ID, CONTACT_ID, REG_DT) VALUES ('203', '5578', SYSDATE)

2026-06-04 10:24:58.249 [main] INFO  jdbc.sqlonly - INSERT INTO TB_GROUP_CONTACT_MAP (GROUP_ID, CONTACT_ID, REG_DT) VALUES ('202', '5579', SYSDATE)

2026-06-04 10:24:58.252 [main] INFO  jdbc.sqlonly - INSERT INTO TB_GROUP_CONTACT_MAP (GROUP_ID, CONTACT_ID, REG_DT) VALUES ('201', '5580', SYSDATE)

2026-06-04 10:24:58.254 [main] INFO  jdbc.sqlonly - INSERT INTO TB_GROUP_CONTACT_MAP (GROUP_ID, CONTACT_ID, REG_DT) VALUES ('205', '5581', SYSDATE)

2026-06-04 10:24:58.257 [main] INFO  jdbc.sqlonly - INSERT INTO TB_GROUP_CONTACT_MAP (GROUP_ID, CONTACT_ID, REG_DT) VALUES ('204', '5582', SYSDATE)

2026-06-04 10:24:58.261 [main] INFO  jdbc.sqlonly - INSERT INTO TB_GROUP_CONTACT_MAP (GROUP_ID, CONTACT_ID, REG_DT) VALUES ('203', '5583', SYSDATE)

2026-06-04 10:24:58.264 [main] INFO  jdbc.sqlonly - INSERT INTO TB_GROUP_CONTACT_MAP (GROUP_ID, CONTACT_ID, REG_DT) VALUES ('202', '5584', SYSDATE)

2026-06-04 10:24:58.267 [main] INFO  jdbc.sqlonly - INSERT INTO TB_GROUP_CONTACT_MAP (GROUP_ID, CONTACT_ID, REG_DT) VALUES ('201', '5585', SYSDATE)

2026-06-04 10:24:58.271 [main] INFO  jdbc.sqlonly - INSERT INTO TB_GROUP_CONTACT_MAP (GROUP_ID, CONTACT_ID, REG_DT) VALUES ('205', '5586', SYSDATE)

2026-06-04 10:24:58.274 [main] INFO  jdbc.sqlonly - INSERT INTO TB_GROUP_CONTACT_MAP (GROUP_ID, CONTACT_ID, REG_DT) VALUES ('204', '5587', SYSDATE)

2026-06-04 10:24:58.277 [main] INFO  jdbc.sqlonly - INSERT INTO TB_GROUP_CONTACT_MAP (GROUP_ID, CONTACT_ID, REG_DT) VALUES ('203', '5588', SYSDATE)

2026-06-04 10:24:58.281 [main] INFO  jdbc.sqlonly - INSERT INTO TB_GROUP_CONTACT_MAP (GROUP_ID, CONTACT_ID, REG_DT) VALUES ('202', '5589', SYSDATE)

2026-06-04 10:24:58.284 [main] INFO  jdbc.sqlonly - INSERT INTO TB_GROUP_CONTACT_MAP (GROUP_ID, CONTACT_ID, REG_DT) VALUES ('201', '5590', SYSDATE)

2026-06-04 10:24:58.287 [main] INFO  jdbc.sqlonly - INSERT INTO TB_GROUP_CONTACT_MAP (GROUP_ID, CONTACT_ID, REG_DT) VALUES ('205', '5591', SYSDATE)

2026-06-04 10:24:58.291 [main] INFO  jdbc.sqlonly - INSERT INTO TB_GROUP_CONTACT_MAP (GROUP_ID, CONTACT_ID, REG_DT) VALUES ('204', '5592', SYSDATE)

2026-06-04 10:24:58.294 [main] INFO  jdbc.sqlonly - INSERT INTO TB_GROUP_CONTACT_MAP (GROUP_ID, CONTACT_ID, REG_DT) VALUES ('203', '5593', SYSDATE)

2026-06-04 10:24:58.297 [main] INFO  jdbc.sqlonly - INSERT INTO TB_GROUP_CONTACT_MAP (GROUP_ID, CONTACT_ID, REG_DT) VALUES ('202', '5594', SYSDATE)

2026-06-04 10:24:58.300 [main] INFO  jdbc.sqlonly - INSERT INTO TB_GROUP_CONTACT_MAP (GROUP_ID, CONTACT_ID, REG_DT) VALUES ('201', '5595', SYSDATE)

2026-06-04 10:24:58.304 [main] INFO  jdbc.sqlonly - INSERT INTO TB_GROUP_CONTACT_MAP (GROUP_ID, CONTACT_ID, REG_DT) VALUES ('205', '5596', SYSDATE)

2026-06-04 10:24:58.306 [main] INFO  jdbc.sqlonly - INSERT INTO TB_GROUP_CONTACT_MAP (GROUP_ID, CONTACT_ID, REG_DT) VALUES ('204', '5597', SYSDATE)

2026-06-04 10:24:58.309 [main] INFO  jdbc.sqlonly - INSERT INTO TB_GROUP_CONTACT_MAP (GROUP_ID, CONTACT_ID, REG_DT) VALUES ('203', '5598', SYSDATE)

2026-06-04 10:24:58.313 [main] INFO  jdbc.sqlonly - INSERT INTO TB_GROUP_CONTACT_MAP (GROUP_ID, CONTACT_ID, REG_DT) VALUES ('202', '5599', SYSDATE)

2026-06-04 10:24:58.315 [main] INFO  jdbc.sqlonly - INSERT INTO TB_GROUP_CONTACT_MAP (GROUP_ID, CONTACT_ID, REG_DT) VALUES ('201', '5600', SYSDATE)

2026-06-04 10:24:58.318 [main] INFO  jdbc.sqlonly - INSERT INTO TB_GROUP_CONTACT_MAP (GROUP_ID, CONTACT_ID, REG_DT) VALUES ('205', '5601', SYSDATE)

2026-06-04 10:24:58.322 [main] INFO  jdbc.sqlonly - INSERT INTO TB_GROUP_CONTACT_MAP (GROUP_ID, CONTACT_ID, REG_DT) VALUES ('204', '5602', SYSDATE)

2026-06-04 10:24:58.326 [main] INFO  jdbc.sqlonly - INSERT INTO TB_GROUP_CONTACT_MAP (GROUP_ID, CONTACT_ID, REG_DT) VALUES ('203', '5603', SYSDATE)

2026-06-04 10:24:58.329 [main] INFO  jdbc.sqlonly - INSERT INTO TB_GROUP_CONTACT_MAP (GROUP_ID, CONTACT_ID, REG_DT) VALUES ('202', '5604', SYSDATE)

2026-06-04 10:24:58.331 [main] INFO  jdbc.sqlonly - INSERT INTO TB_GROUP_CONTACT_MAP (GROUP_ID, CONTACT_ID, REG_DT) VALUES ('201', '5605', SYSDATE)

2026-06-04 10:24:58.334 [main] INFO  jdbc.sqlonly - INSERT INTO TB_GROUP_CONTACT_MAP (GROUP_ID, CONTACT_ID, REG_DT) VALUES ('205', '5606', SYSDATE)

2026-06-04 10:24:58.337 [main] INFO  jdbc.sqlonly - INSERT INTO TB_GROUP_CONTACT_MAP (GROUP_ID, CONTACT_ID, REG_DT) VALUES ('204', '5607', SYSDATE)

2026-06-04 10:24:58.341 [main] INFO  jdbc.sqlonly - INSERT INTO TB_GROUP_CONTACT_MAP (GROUP_ID, CONTACT_ID, REG_DT) VALUES ('203', '5608', SYSDATE)

2026-06-04 10:24:58.344 [main] INFO  jdbc.sqlonly - INSERT INTO TB_GROUP_CONTACT_MAP (GROUP_ID, CONTACT_ID, REG_DT) VALUES ('202', '5609', SYSDATE)

2026-06-04 10:24:58.348 [main] INFO  jdbc.sqlonly - INSERT INTO TB_GROUP_CONTACT_MAP (GROUP_ID, CONTACT_ID, REG_DT) VALUES ('201', '5610', SYSDATE)

2026-06-04 10:24:58.351 [main] INFO  jdbc.sqlonly - INSERT INTO TB_GROUP_CONTACT_MAP (GROUP_ID, CONTACT_ID, REG_DT) VALUES ('205', '5611', SYSDATE)

2026-06-04 10:24:58.354 [main] INFO  jdbc.sqlonly - INSERT INTO TB_GROUP_CONTACT_MAP (GROUP_ID, CONTACT_ID, REG_DT) VALUES ('204', '5612', SYSDATE)

2026-06-04 10:24:58.357 [main] INFO  jdbc.sqlonly - INSERT INTO TB_GROUP_CONTACT_MAP (GROUP_ID, CONTACT_ID, REG_DT) VALUES ('203', '5613', SYSDATE)

2026-06-04 10:24:58.360 [main] INFO  jdbc.sqlonly - INSERT INTO TB_GROUP_CONTACT_MAP (GROUP_ID, CONTACT_ID, REG_DT) VALUES ('202', '5614', SYSDATE)

2026-06-04 10:24:58.364 [main] INFO  jdbc.sqlonly - INSERT INTO TB_GROUP_CONTACT_MAP (GROUP_ID, CONTACT_ID, REG_DT) VALUES ('201', '5615', SYSDATE)

2026-06-04 10:24:58.367 [main] INFO  jdbc.sqlonly - INSERT INTO TB_GROUP_CONTACT_MAP (GROUP_ID, CONTACT_ID, REG_DT) VALUES ('205', '5616', SYSDATE)

2026-06-04 10:24:58.370 [main] INFO  jdbc.sqlonly - INSERT INTO TB_GROUP_CONTACT_MAP (GROUP_ID, CONTACT_ID, REG_DT) VALUES ('204', '5617', SYSDATE)

2026-06-04 10:24:58.373 [main] INFO  jdbc.sqlonly - INSERT INTO TB_GROUP_CONTACT_MAP (GROUP_ID, CONTACT_ID, REG_DT) VALUES ('203', '5618', SYSDATE)

2026-06-04 10:24:58.376 [main] INFO  jdbc.sqlonly - INSERT INTO TB_GROUP_CONTACT_MAP (GROUP_ID, CONTACT_ID, REG_DT) VALUES ('202', '5619', SYSDATE)

2026-06-04 10:24:58.380 [main] INFO  jdbc.sqlonly - INSERT INTO TB_GROUP_CONTACT_MAP (GROUP_ID, CONTACT_ID, REG_DT) VALUES ('201', '5620', SYSDATE)

2026-06-04 10:24:58.383 [main] INFO  jdbc.sqlonly - DELETE FROM TB_MENU_AUTH WHERE MENU_CD IN (SELECT MENU_CD FROM TB_MENU WHERE MENU_URL LIKE '/contact%')

2026-06-04 10:24:58.384 [main] INFO  jdbc.sqlonly - DELETE FROM TB_MENU WHERE MENU_URL LIKE '/contact%'

2026-06-04 10:24:58.386 [main] INFO  jdbc.sqlonly - DELETE FROM TB_MENU_AUTH WHERE MENU_CD IN (SELECT MENU_CD FROM TB_MENU WHERE MENU_URL = '/basic/notice' AND MENU_CD != 'M_BASIC_NOTICE')

2026-06-04 10:24:58.387 [main] INFO  jdbc.sqlonly - DELETE FROM TB_MENU WHERE MENU_URL = '/basic/notice' AND MENU_CD != 'M_BASIC_NOTICE'

2026-06-04 10:24:58.389 [main] INFO  jdbc.sqlonly - DELETE FROM TB_MENU_AUTH WHERE MENU_CD IN (SELECT MENU_CD FROM TB_MENU WHERE MENU_NM = 'SMS발송조회' AND MENU_CD != 'M_SMS_SEND')

2026-06-04 10:24:58.391 [main] INFO  jdbc.sqlonly - DELETE FROM TB_MENU WHERE MENU_NM = 'SMS발송조회' AND MENU_CD != 'M_SMS_SEND'

2026-06-04 10:24:58.392 [main] INFO  jdbc.sqlonly - DELETE FROM TB_MENU_AUTH WHERE MENU_CD IN (SELECT MENU_CD FROM TB_MENU WHERE MENU_NM = '메세지 발송 이력 조회')

2026-06-04 10:24:58.394 [main] INFO  jdbc.sqlonly - DELETE FROM TB_MENU WHERE MENU_NM = '메세지 발송 이력 조회'

2026-06-04 10:24:58.396 [main] INFO  jdbc.sqlonly - DELETE FROM TB_MENU_AUTH WHERE MENU_CD IN (SELECT MENU_CD FROM TB_MENU WHERE MENU_NM = '발송 이력(엔진 테스트)')

2026-06-04 10:24:58.397 [main] INFO  jdbc.sqlonly - DELETE FROM TB_MENU WHERE MENU_NM = '발송 이력(엔진 테스트)'

2026-06-04 10:24:58.399 [main] INFO  jdbc.sqlonly - DELETE FROM TB_MENU_AUTH WHERE MENU_CD IN (SELECT MENU_CD FROM TB_MENU WHERE MENU_NM = 'SMS 발송조회')

2026-06-04 10:24:58.400 [main] INFO  jdbc.sqlonly - DELETE FROM TB_MENU WHERE MENU_NM = 'SMS 발송조회'

2026-06-04 10:24:58.401 [main] INFO  jdbc.sqlonly - DELETE FROM TB_MENU_AUTH WHERE MENU_CD IN (SELECT MENU_CD FROM TB_MENU WHERE MENU_URL LIKE '/basic/motice')

2026-06-04 10:24:58.403 [main] INFO  jdbc.sqlonly - DELETE FROM TB_MENU WHERE MENU_URL LIKE '/basic/motice'

2026-06-04 10:24:58.404 [main] INFO  jdbc.sqlonly - SELECT COUNT(1) FROM TB_MENU WHERE MENU_CD = 'M_BASIC'

2026-06-04 10:24:58.406 [main] INFO  jdbc.sqlonly - SELECT COUNT(1) FROM TB_MENU WHERE MENU_CD = 'M_SMS_SEND'

2026-06-04 10:24:58.408 [main] INFO  jdbc.sqlonly - SELECT COUNT(1) FROM TB_MENU WHERE MENU_CD = 'M_CAMPAIGN'

2026-06-04 10:24:58.409 [main] INFO  jdbc.sqlonly - SELECT COUNT(1) FROM TB_MENU WHERE MENU_CD = 'M_SYSTEM'

2026-06-04 10:24:58.411 [main] INFO  jdbc.sqlonly - SELECT COUNT(1) FROM TB_MENU WHERE MENU_CD = 'M_ACCOUNT'

2026-06-04 10:24:58.412 [main] INFO  jdbc.sqlonly - SELECT COUNT(1) FROM TB_MENU WHERE MENU_CD = 'M_STAT'

2026-06-04 10:24:58.415 [main] INFO  jdbc.sqlonly - UPDATE TB_MENU SET SORT_ORD = 1 WHERE MENU_CD = 'M_BASIC'

2026-06-04 10:24:58.419 [main] INFO  jdbc.sqlonly - UPDATE TB_MENU SET SORT_ORD = 2 WHERE MENU_CD = 'M_SMS_SEND'

2026-06-04 10:24:58.422 [main] INFO  jdbc.sqlonly - UPDATE TB_MENU SET SORT_ORD = 3 WHERE MENU_CD = 'M_CAMPAIGN'

2026-06-04 10:24:58.425 [main] INFO  jdbc.sqlonly - UPDATE TB_MENU SET SORT_ORD = 4 WHERE MENU_CD = 'M_SYSTEM'

2026-06-04 10:24:58.428 [main] INFO  jdbc.sqlonly - UPDATE TB_MENU SET SORT_ORD = 5 WHERE MENU_CD = 'M_ACCOUNT'

2026-06-04 10:24:58.430 [main] INFO  jdbc.sqlonly - UPDATE TB_MENU SET SORT_ORD = 6 WHERE MENU_CD = 'M_STAT'

2026-06-04 10:24:58.433 [main] INFO  jdbc.sqlonly - SELECT COUNT(1) FROM TB_MENU WHERE MENU_CD = 'M_BASIC_NOTICE'

2026-06-04 10:24:58.435 [main] INFO  jdbc.sqlonly - SELECT COUNT(1) FROM TB_MENU WHERE MENU_CD = 'M_BASIC_MSG'

2026-06-04 10:24:58.436 [main] INFO  jdbc.sqlonly - SELECT COUNT(1) FROM TB_MENU WHERE MENU_CD = 'M_BASIC_MFA'

2026-06-04 10:24:58.437 [main] INFO  jdbc.sqlonly - SELECT COUNT(1) FROM TB_MENU WHERE MENU_CD = 'M_BASIC_CURRENCY'

2026-06-04 10:24:58.438 [main] INFO  jdbc.sqlonly - SELECT COUNT(1) FROM TB_MENU WHERE MENU_CD = 'M_SMS_HISTORY'

2026-06-04 10:24:58.439 [main] INFO  jdbc.sqlonly - SELECT COUNT(1) FROM TB_MENU WHERE MENU_CD = 'M_SMS_CUSTOMER'

2026-06-04 10:24:58.440 [main] INFO  jdbc.sqlonly - SELECT COUNT(1) FROM TB_MENU WHERE MENU_CD = 'M_SMS_SSN'

2026-06-04 10:24:58.441 [main] INFO  jdbc.sqlonly - SELECT COUNT(1) FROM TB_MENU WHERE MENU_CD = 'M_CAMP_TARGET'

2026-06-04 10:24:58.442 [main] INFO  jdbc.sqlonly - SELECT COUNT(1) FROM TB_MENU WHERE MENU_CD = 'M_CAMP_APRV'

2026-06-04 10:24:58.443 [main] INFO  jdbc.sqlonly - SELECT COUNT(1) FROM TB_MENU WHERE MENU_CD = 'M_CAMP_SMS_REG'

2026-06-04 10:24:58.445 [main] INFO  jdbc.sqlonly - SELECT COUNT(1) FROM TB_MENU WHERE MENU_CD = 'M_CAMP_LMS_REG'

2026-06-04 10:24:58.446 [main] INFO  jdbc.sqlonly - SELECT COUNT(1) FROM TB_MENU WHERE MENU_CD = 'M_CAMP_ALM_REG'

2026-06-04 10:24:58.447 [main] INFO  jdbc.sqlonly - SELECT COUNT(1) FROM TB_MENU WHERE MENU_CD = 'M_CAMP_SMS_APR'

2026-06-04 10:24:58.447 [main] INFO  jdbc.sqlonly - SELECT COUNT(1) FROM TB_MENU WHERE MENU_CD = 'M_CAMP_LMS_APR'

2026-06-04 10:24:58.448 [main] INFO  jdbc.sqlonly - SELECT COUNT(1) FROM TB_MENU WHERE MENU_CD = 'M_CAMP_ALM_APR'

2026-06-04 10:24:58.449 [main] INFO  jdbc.sqlonly - SELECT COUNT(1) FROM TB_MENU WHERE MENU_CD = 'M_CAMP_SMS_HIST'

2026-06-04 10:24:58.451 [main] INFO  jdbc.sqlonly - SELECT COUNT(1) FROM TB_MENU WHERE MENU_CD = 'M_CAMP_LMS_HIST'

2026-06-04 10:24:58.451 [main] INFO  jdbc.sqlonly - SELECT COUNT(1) FROM TB_MENU WHERE MENU_CD = 'M_CAMP_ALM_HIST'

2026-06-04 10:24:58.452 [main] INFO  jdbc.sqlonly - SELECT COUNT(1) FROM TB_MENU WHERE MENU_CD = 'M_SYS_DEPT'

2026-06-04 10:24:58.453 [main] INFO  jdbc.sqlonly - SELECT COUNT(1) FROM TB_MENU WHERE MENU_CD = 'M_SYS_MSG'

2026-06-04 10:24:58.454 [main] INFO  jdbc.sqlonly - SELECT COUNT(1) FROM TB_MENU WHERE MENU_CD = 'M_SYS_KAKAO'

2026-06-04 10:24:58.456 [main] INFO  jdbc.sqlonly - SELECT COUNT(1) FROM TB_MENU WHERE MENU_CD = 'M_SYS_AD'

2026-06-04 10:24:58.457 [main] INFO  jdbc.sqlonly - SELECT COUNT(1) FROM TB_MENU WHERE MENU_CD = 'M_SYS_TIME'

2026-06-04 10:24:58.458 [main] INFO  jdbc.sqlonly - SELECT COUNT(1) FROM TB_MENU WHERE MENU_CD = 'M_MENU_MNG'

2026-06-04 10:24:58.460 [main] INFO  jdbc.sqlonly - SELECT COUNT(1) FROM TB_MENU WHERE MENU_CD = 'M_ACCT_USER'

2026-06-04 10:24:58.461 [main] INFO  jdbc.sqlonly - SELECT COUNT(1) FROM TB_MENU WHERE MENU_CD = 'M_STAT_MKTG'

2026-06-04 10:24:59.212 [http-nio-8080-exec-1] INFO  o.a.c.c.C.[Tomcat].[localhost].[/] - Initializing Spring DispatcherServlet 'dispatcherServlet'
2026-06-04 10:24:59.212 [http-nio-8080-exec-1] INFO  o.s.web.servlet.DispatcherServlet - Initializing Servlet 'dispatcherServlet'
2026-06-04 10:24:59.213 [http-nio-8080-exec-1] INFO  o.s.web.servlet.DispatcherServlet - Completed initialization in 1 ms
2026-06-04 10:25:01.155 [http-nio-8080-exec-6] DEBUG c.e.s.mapper.EmployeeMapper.findById - ==>  Preparing: SELECT e.EMP_ID, e.EMP_NAME, e.DEPT_ID, d.DEPT_NM, e.USE_YN, e.USER_ROLE, e.AUTH_READ, e.AUTH_APPROVE, e.AUTH_CAMPAIGN, e.LAST_LOGIN_IP, e.LAST_LOGIN_TIME, e.CREATED_AT, e.UPDATED_AT FROM EMPLOYEE e LEFT JOIN TB_DEPT d ON e.DEPT_ID = d.DEPT_ID WHERE e.EMP_ID = ?
2026-06-04 10:25:01.166 [http-nio-8080-exec-6] DEBUG c.e.s.mapper.EmployeeMapper.findById - ==> Parameters: admin(String)
2026-06-04 10:25:01.166 [http-nio-8080-exec-6] INFO  jdbc.sqlonly - SELECT
            e.EMP_ID, e.EMP_NAME, e.DEPT_ID, d.DEPT_NM, e.USE_YN, e.USER_ROLE,
            e.AUTH_READ, e.AUTH_APPROVE, e.AUTH_CAMPAIGN,
            e.LAST_LOGIN_IP, e.LAST_LOGIN_TIME, e.CREATED_AT, e.UPDATED_AT
        FROM EMPLOYEE e
        LEFT JOIN TB_DEPT d ON e.DEPT_ID = d.DEPT_ID
        WHERE e.EMP_ID = 'admin'

2026-06-04 10:25:01.184 [http-nio-8080-exec-6] DEBUG c.e.s.mapper.EmployeeMapper.findById - <==      Total: 1
2026-06-04 10:25:01.190 [http-nio-8080-exec-6] DEBUG c.e.s.m.M.selectMenusByAuthCode - ==>  Preparing: SELECT A.MENU_CD, A.MENU_NM, A.MENU_URL, A.UP_MENU_CD, A.SORT_ORD, A.USE_YN FROM TB_MENU A INNER JOIN TB_MENU_AUTH B ON A.MENU_CD = B.MENU_CD WHERE A.USE_YN = 'Y' AND B.AUTH_CD = ? ORDER BY A.UP_MENU_CD ASC NULLS FIRST, A.SORT_ORD ASC
2026-06-04 10:25:01.191 [http-nio-8080-exec-6] DEBUG c.e.s.m.M.selectMenusByAuthCode - ==> Parameters: ROLE_ADMIN(String)
2026-06-04 10:25:01.191 [http-nio-8080-exec-6] INFO  jdbc.sqlonly - SELECT 
            A.MENU_CD,
            A.MENU_NM,
            A.MENU_URL,
            A.UP_MENU_CD,
            A.SORT_ORD,
            A.USE_YN
        FROM TB_MENU A
        INNER JOIN TB_MENU_AUTH B ON A.MENU_CD = B.MENU_CD
        WHERE A.USE_YN = 'Y'
          AND B.AUTH_CD = 'ROLE_ADMIN'
        ORDER BY A.UP_MENU_CD ASC NULLS FIRST, A.SORT_ORD ASC

2026-06-04 10:25:01.204 [http-nio-8080-exec-6] DEBUG c.e.s.m.M.selectMenusByAuthCode - <==      Total: 43
2026-06-04 10:25:01.207 [http-nio-8080-exec-6] DEBUG c.e.s.m.E.updateLastLogin - ==>  Preparing: UPDATE EMPLOYEE SET LAST_LOGIN_TIME = CURRENT_TIMESTAMP, LAST_LOGIN_IP = ?, UPDATED_AT = CURRENT_TIMESTAMP WHERE EMP_ID = ?
2026-06-04 10:25:01.207 [http-nio-8080-exec-6] DEBUG c.e.s.m.E.updateLastLogin - ==> Parameters: 0:0:0:0:0:0:0:1(String), admin(String)
2026-06-04 10:25:01.208 [http-nio-8080-exec-6] INFO  jdbc.sqlonly - UPDATE EMPLOYEE
        SET LAST_LOGIN_TIME = CURRENT_TIMESTAMP,
            LAST_LOGIN_IP   = '0:0:0:0:0:0:0:1',
            UPDATED_AT      = CURRENT_TIMESTAMP
        WHERE EMP_ID = 'admin'

2026-06-04 10:25:01.212 [http-nio-8080-exec-6] DEBUG c.e.s.m.E.updateLastLogin - <==    Updates: 1
2026-06-04 10:25:01.904 [http-nio-8080-exec-10] DEBUG c.e.s.m.D.selectKpiSummary - ==>  Preparing: SELECT 1204500 AS totalSendCount, 98.5 AS successRate, 12400 AS failCount, 3500000 AS estimatedCost FROM DUAL
2026-06-04 10:25:01.904 [http-nio-8080-exec-10] DEBUG c.e.s.m.D.selectKpiSummary - ==> Parameters: 
2026-06-04 10:25:01.905 [http-nio-8080-exec-10] INFO  jdbc.sqlonly - SELECT 
            1204500 AS totalSendCount,
            98.5 AS successRate,
            12400 AS failCount,
            3500000 AS estimatedCost
        FROM DUAL

2026-06-04 10:25:01.914 [http-nio-8080-exec-10] DEBUG c.e.s.m.D.selectKpiSummary - <==      Total: 1
2026-06-04 10:25:01.915 [http-nio-8080-exec-10] DEBUG c.e.s.m.D.selectWeeklyTrend - ==>  Preparing: SELECT '월요일' AS dayOfWeek, 240000 AS sendCount, 80 AS percentage FROM DUAL UNION ALL SELECT '화요일' AS dayOfWeek, 180500 AS sendCount, 60 AS percentage FROM DUAL UNION ALL SELECT '수요일' AS dayOfWeek, 310200 AS sendCount, 95 AS percentage FROM DUAL UNION ALL SELECT '목요일' AS dayOfWeek, 150000 AS sendCount, 50 AS percentage FROM DUAL UNION ALL SELECT '금요일' AS dayOfWeek, 290000 AS sendCount, 85 AS percentage FROM DUAL
2026-06-04 10:25:01.915 [http-nio-8080-exec-10] DEBUG c.e.s.m.D.selectWeeklyTrend - ==> Parameters: 
2026-06-04 10:25:01.916 [http-nio-8080-exec-10] INFO  jdbc.sqlonly - SELECT '월요일' AS dayOfWeek, 240000 AS sendCount, 80 AS percentage FROM DUAL UNION ALL
        SELECT '화요일' AS dayOfWeek, 180500 AS sendCount, 60 AS percentage FROM DUAL UNION ALL
        SELECT '수요일' AS dayOfWeek, 310200 AS sendCount, 95 AS percentage FROM DUAL UNION ALL
        SELECT '목요일' AS dayOfWeek, 150000 AS sendCount, 50 AS percentage FROM DUAL UNION ALL
        SELECT '금요일' AS dayOfWeek, 290000 AS sendCount, 85 AS percentage FROM DUAL

2026-06-04 10:25:01.919 [http-nio-8080-exec-10] DEBUG c.e.s.m.D.selectWeeklyTrend - <==      Total: 5
2026-06-04 10:25:01.921 [http-nio-8080-exec-10] DEBUG c.e.s.m.D.selectChannelRatio - ==>  Preparing: SELECT '단문 (SMS)' AS channelName, 65.0 AS ratio, 'bg-primary' AS colorClass FROM DUAL UNION ALL SELECT '장문 (LMS)' AS channelName, 20.5 AS ratio, 'bg-success' AS colorClass FROM DUAL UNION ALL SELECT '알림톡' AS channelName, 10.0 AS ratio, 'bg-warning' AS colorClass FROM DUAL UNION ALL SELECT 'MMS (이미지)' AS channelName, 4.5 AS ratio, 'bg-danger' AS colorClass FROM DUAL
2026-06-04 10:25:01.921 [http-nio-8080-exec-10] DEBUG c.e.s.m.D.selectChannelRatio - ==> Parameters: 
2026-06-04 10:25:01.921 [http-nio-8080-exec-10] INFO  jdbc.sqlonly - SELECT '단문 (SMS)' AS channelName, 65.0 AS ratio, 'bg-primary' AS colorClass FROM DUAL UNION ALL
        SELECT '장문 (LMS)' AS channelName, 20.5 AS ratio, 'bg-success' AS colorClass FROM DUAL UNION ALL
        SELECT '알림톡' AS channelName, 10.0 AS ratio, 'bg-warning' AS colorClass FROM DUAL UNION ALL
        SELECT 'MMS (이미지)' AS channelName, 4.5 AS ratio, 'bg-danger' AS colorClass FROM DUAL

2026-06-04 10:25:01.925 [http-nio-8080-exec-10] DEBUG c.e.s.m.D.selectChannelRatio - <==      Total: 4
2026-06-04 10:25:01.926 [http-nio-8080-exec-10] DEBUG c.e.s.m.D.selectRecentFailLogs - ==>  Preparing: SELECT '2026-06-01 13:42:11' AS failDate, 'SMS' AS sendType, '010-****-1234' AS receiverNo, 'ERR_001' AS errorCode, '결번 / 없는 번호 (통신사 반환)' AS failReason FROM DUAL UNION ALL SELECT '2026-06-01 13:10:05' AS failDate, 'LMS' AS sendType, '010-****-5678' AS receiverNo, 'ERR_042' AS errorCode, '수신자 단말기 전원 꺼짐 (TimeOut)' AS failReason FROM DUAL UNION ALL SELECT '2026-06-01 12:55:30' AS failDate, 'ALIMTALK' AS sendType, '010-****-9999' AS receiverNo, 'ERR_K01' AS errorCode, '카카오톡 채널 차단 고객' AS failReason FROM DUAL UNION ALL SELECT '2026-06-01 11:20:44' AS failDate, 'SMS' AS sendType, '010-****-1111' AS receiverNo, 'ERR_003' AS errorCode, '통신사 스팸 필터링 차단' AS failReason FROM DUAL UNION ALL SELECT '2026-06-01 09:05:12' AS failDate, 'MMS' AS sendType, '010-****-2222' AS receiverNo, 'ERR_099' AS errorCode, '첨부 이미지 용량 초과 (300KB 제한)' AS failReason FROM DUAL
2026-06-04 10:25:01.926 [http-nio-8080-exec-10] DEBUG c.e.s.m.D.selectRecentFailLogs - ==> Parameters: 
2026-06-04 10:25:01.926 [http-nio-8080-exec-10] INFO  jdbc.sqlonly - SELECT '2026-06-01 13:42:11' AS failDate, 'SMS' AS sendType, '010-****-1234' AS receiverNo, 'ERR_001' AS errorCode, '결번 / 없는 번호 (통신사 반환)' AS failReason FROM DUAL UNION ALL
        SELECT '2026-06-01 13:10:05' AS failDate, 'LMS' AS sendType, '010-****-5678' AS receiverNo, 'ERR_042' AS errorCode, '수신자 단말기 전원 꺼짐 (TimeOut)' AS failReason FROM DUAL UNION ALL
        SELECT '2026-06-01 12:55:30' AS failDate, 'ALIMTALK' AS sendType, '010-****-9999' AS receiverNo, 'ERR_K01' AS errorCode, '카카오톡 채널 차단 고객' AS failReason FROM DUAL UNION ALL
        SELECT '2026-06-01 11:20:44' AS failDate, 'SMS' AS sendType, '010-****-1111' AS receiverNo, 'ERR_003' AS errorCode, '통신사 스팸 필터링 차단' AS failReason FROM DUAL UNION ALL
        SELECT '2026-06-01 09:05:12' AS failDate, 'MMS' AS sendType, '010-****-2222' AS receiverNo, 'ERR_099' AS errorCode, '첨부 이미지 용량 초과 (300KB 제한)' AS failReason FROM DUAL

2026-06-04 10:25:01.930 [http-nio-8080-exec-10] DEBUG c.e.s.m.D.selectRecentFailLogs - <==      Total: 5
2026-06-04 10:25:03.505 [http-nio-8080-exec-2] DEBUG c.e.s.m.MenuMapper.countAuthForUrl - ==>  Preparing: SELECT COUNT(1) FROM TB_MENU A INNER JOIN TB_MENU_AUTH B ON A.MENU_CD = B.MENU_CD WHERE A.USE_YN = 'Y' AND A.MENU_URL = ? AND B.AUTH_CD = ?
2026-06-04 10:25:03.505 [http-nio-8080-exec-2] DEBUG c.e.s.m.MenuMapper.countAuthForUrl - ==> Parameters: /sms/history(String), ROLE_ADMIN(String)
2026-06-04 10:25:03.506 [http-nio-8080-exec-2] INFO  jdbc.sqlonly - SELECT COUNT(1)
        FROM TB_MENU A
        INNER JOIN TB_MENU_AUTH B ON A.MENU_CD = B.MENU_CD
        WHERE A.USE_YN = 'Y'
          AND A.MENU_URL = '/sms/history'
          AND B.AUTH_CD = 'ROLE_ADMIN'

2026-06-04 10:25:03.511 [http-nio-8080-exec-2] DEBUG c.e.s.m.MenuMapper.countAuthForUrl - <==      Total: 1
2026-06-04 10:25:03.694 [http-nio-8080-exec-4] DEBUG c.e.s.m.MenuMapper.countAuthForUrl - ==>  Preparing: SELECT COUNT(1) FROM TB_MENU A INNER JOIN TB_MENU_AUTH B ON A.MENU_CD = B.MENU_CD WHERE A.USE_YN = 'Y' AND A.MENU_URL = ? AND B.AUTH_CD = ?
2026-06-04 10:25:03.694 [http-nio-8080-exec-4] DEBUG c.e.s.m.MenuMapper.countAuthForUrl - ==> Parameters: /sms/history(String), ROLE_ADMIN(String)
2026-06-04 10:25:03.694 [http-nio-8080-exec-4] INFO  jdbc.sqlonly - SELECT COUNT(1)
        FROM TB_MENU A
        INNER JOIN TB_MENU_AUTH B ON A.MENU_CD = B.MENU_CD
        WHERE A.USE_YN = 'Y'
          AND A.MENU_URL = '/sms/history'
          AND B.AUTH_CD = 'ROLE_ADMIN'

2026-06-04 10:25:03.697 [http-nio-8080-exec-7] DEBUG c.e.s.m.C.selectActiveDepartments - ==>  Preparing: SELECT DEPT_ID AS code, DEPT_NM AS name FROM TB_DEPT ORDER BY DEPT_NM ASC
2026-06-04 10:25:03.697 [http-nio-8080-exec-4] DEBUG c.e.s.m.MenuMapper.countAuthForUrl - <==      Total: 1
2026-06-04 10:25:03.697 [http-nio-8080-exec-7] DEBUG c.e.s.m.C.selectActiveDepartments - ==> Parameters: 
2026-06-04 10:25:03.697 [http-nio-8080-exec-7] INFO  jdbc.sqlonly - SELECT DEPT_ID AS code, DEPT_NM AS name
        FROM TB_DEPT
        ORDER BY DEPT_NM ASC

2026-06-04 10:25:03.700 [http-nio-8080-exec-7] DEBUG c.e.s.m.C.selectActiveDepartments - <==      Total: 3
2026-06-04 10:25:03.719 [http-nio-8080-exec-4] DEBUG c.e.s.m.P.insertAuditLog - ==>  Preparing: INSERT INTO TB_PRIVACY_AUDIT_LOG ( executor_id, executor_ip, request_url, action_type, target_data ) VALUES ( ?, ?, ?, ?, ? )
2026-06-04 10:25:03.720 [http-nio-8080-exec-4] DEBUG c.e.s.m.P.insertAuditLog - ==> Parameters: admin(String), 0:0:0:0:0:0:0:1(String), /sms/history/data(String), SMS 발송내역 조회 (수신번호·메세지 포함)(String), [{"page":1,"size":10,"keyword":null,"searchType":null,"startDateTime":"202606040000","endDateTime":"202606042359","sendStatus":"","receiverNo":"","sendType":"","offset":0}](String)
2026-06-04 10:25:03.720 [http-nio-8080-exec-4] INFO  jdbc.sqlonly - INSERT INTO TB_PRIVACY_AUDIT_LOG (
            executor_id,
            executor_ip,
            request_url,
            action_type,
            target_data
        ) VALUES (
            'admin',
            '0:0:0:0:0:0:0:1',
            '/sms/history/data',
            'SMS 발송내역 조회 (수신번호·메세지 포함)',
            '[{"page":1,"size":10,"keyword":null,"searchType":null,"startDateTime":"202606040000","endDateTime":"202606042359","sendStatus":"","receiverNo":"","sendType":"","offset":0}]'
        )

2026-06-04 10:25:03.726 [http-nio-8080-exec-4] DEBUG c.e.s.m.P.insertAuditLog - <==    Updates: 1
2026-06-04 10:25:03.749 [http-nio-8080-exec-4] DEBUG c.e.s.m.sms.SmsHistoryMapper.count - ==>  Preparing: SELECT COUNT(1) FROM SMS_HISTORY WHERE SENT_AT >= TO_TIMESTAMP(?, 'YYYY-MM-DD"T"HH24:MI') AND SENT_AT <= TO_TIMESTAMP(?, 'YYYY-MM-DD"T"HH24:MI')
2026-06-04 10:25:03.749 [http-nio-8080-exec-4] DEBUG c.e.s.m.sms.SmsHistoryMapper.count - ==> Parameters: 202606040000(String), 202606042359(String)
2026-06-04 10:25:03.749 [http-nio-8080-exec-4] INFO  jdbc.sqlonly - SELECT COUNT(1) FROM SMS_HISTORY

         WHERE  SENT_AT >= TO_TIMESTAMP('202606040000', 'YYYY-MM-DD"T"HH24:MI')
                AND SENT_AT <= TO_TIMESTAMP('202606042359',   'YYYY-MM-DD"T"HH24:MI')

2026-06-04 10:25:03.761 [http-nio-8080-exec-4] ERROR jdbc.sqlonly - 1. PreparedStatement.execute() SELECT COUNT(1) FROM SMS_HISTORY

         WHERE  SENT_AT >= TO_TIMESTAMP('202606040000', 'YYYY-MM-DD"T"HH24:MI')
                AND SENT_AT <= TO_TIMESTAMP('202606042359',   'YYYY-MM-DD"T"HH24:MI')

java.sql.SQLDataException: ORA-01861: 리터럴이 형식 문자열과 일치하지 않음

	at oracle.jdbc.driver.T4CTTIoer11.processError(T4CTTIoer11.java:629)
	at oracle.jdbc.driver.T4CTTIoer11.processError(T4CTTIoer11.java:563)
	at oracle.jdbc.driver.T4C8Oall.processError(T4C8Oall.java:1230)
	at oracle.jdbc.driver.T4CTTIfun.receive(T4CTTIfun.java:771)
	at oracle.jdbc.driver.T4CTTIfun.doRPC(T4CTTIfun.java:298)
	at oracle.jdbc.driver.T4C8Oall.doOALL(T4C8Oall.java:511)
	at oracle.jdbc.driver.T4CPreparedStatement.doOall8(T4CPreparedStatement.java:162)
	at oracle.jdbc.driver.T4CPreparedStatement.executeForDescribe(T4CPreparedStatement.java:1009)
	at oracle.jdbc.driver.OracleStatement.prepareDefineBufferAndExecute(OracleStatement.java:1270)
	at oracle.jdbc.driver.OracleStatement.executeMaybeDescribe(OracleStatement.java:1148)
	at oracle.jdbc.driver.OracleStatement.executeSQLSelect(OracleStatement.java:1660)
	at oracle.jdbc.driver.OracleStatement.doExecuteWithTimeout(OracleStatement.java:1469)
	at oracle.jdbc.driver.OraclePreparedStatement.executeInternal(OraclePreparedStatement.java:3760)
	at oracle.jdbc.driver.OraclePreparedStatement.execute(OraclePreparedStatement.java:4135)
	at oracle.jdbc.driver.OraclePreparedStatementWrapper.execute(OraclePreparedStatementWrapper.java:1013)
	at net.sf.log4jdbc.sql.jdbcapi.PreparedStatementSpy.execute(PreparedStatementSpy.java:443)
	at com.zaxxer.hikari.pool.ProxyPreparedStatement.execute(ProxyPreparedStatement.java:44)
	at com.zaxxer.hikari.pool.HikariProxyPreparedStatement.execute(HikariProxyPreparedStatement.java)
	at java.base/jdk.internal.reflect.DirectMethodHandleAccessor.invoke(DirectMethodHandleAccessor.java:103)
	at java.base/java.lang.reflect.Method.invoke(Method.java:580)
	at org.apache.ibatis.logging.jdbc.PreparedStatementLogger.invoke(PreparedStatementLogger.java:58)
	at jdk.proxy3/jdk.proxy3.$Proxy117.execute(Unknown Source)
	at org.apache.ibatis.executor.statement.PreparedStatementHandler.query(PreparedStatementHandler.java:65)
	at org.apache.ibatis.executor.statement.RoutingStatementHandler.query(RoutingStatementHandler.java:80)
	at org.apache.ibatis.executor.SimpleExecutor.doQuery(SimpleExecutor.java:65)
	at org.apache.ibatis.executor.BaseExecutor.queryFromDatabase(BaseExecutor.java:336)
	at org.apache.ibatis.executor.BaseExecutor.query(BaseExecutor.java:158)
	at org.apache.ibatis.executor.CachingExecutor.query(CachingExecutor.java:110)
	at org.apache.ibatis.executor.CachingExecutor.query(CachingExecutor.java:90)
	at org.apache.ibatis.session.defaults.DefaultSqlSession.selectList(DefaultSqlSession.java:154)
	at org.apache.ibatis.session.defaults.DefaultSqlSession.selectList(DefaultSqlSession.java:147)
	at org.apache.ibatis.session.defaults.DefaultSqlSession.selectList(DefaultSqlSession.java:142)
	at org.apache.ibatis.session.defaults.DefaultSqlSession.selectOne(DefaultSqlSession.java:75)
	at java.base/jdk.internal.reflect.DirectMethodHandleAccessor.invoke(DirectMethodHandleAccessor.java:103)
	at java.base/java.lang.reflect.Method.invoke(Method.java:580)
	at org.mybatis.spring.SqlSessionTemplate$SqlSessionInterceptor.invoke(SqlSessionTemplate.java:425)
	at jdk.proxy2/jdk.proxy2.$Proxy75.selectOne(Unknown Source)
	at org.mybatis.spring.SqlSessionTemplate.selectOne(SqlSessionTemplate.java:160)
	at org.apache.ibatis.binding.MapperMethod.execute(MapperMethod.java:87)
	at org.apache.ibatis.binding.MapperProxy$PlainMethodInvoker.invoke(MapperProxy.java:141)
	at org.apache.ibatis.binding.MapperProxy.invoke(MapperProxy.java:86)
	at jdk.proxy2/jdk.proxy2.$Proxy94.count(Unknown Source)
	at com.example.sms.service.sms.SmsHistoryService.search(SmsHistoryService.java:20)
	at java.base/jdk.internal.reflect.DirectMethodHandleAccessor.invoke(DirectMethodHandleAccessor.java:103)
	at java.base/java.lang.reflect.Method.invoke(Method.java:580)
	at org.springframework.aop.support.AopUtils.invokeJoinpointUsingReflection(AopUtils.java:354)
	at org.springframework.aop.framework.ReflectiveMethodInvocation.invokeJoinpoint(ReflectiveMethodInvocation.java:196)
	at org.springframework.aop.framework.ReflectiveMethodInvocation.proceed(ReflectiveMethodInvocation.java:163)
	at org.springframework.aop.framework.CglibAopProxy$CglibMethodInvocation.proceed(CglibAopProxy.java:768)
	at org.springframework.transaction.interceptor.TransactionInterceptor$1.proceedWithInvocation(TransactionInterceptor.java:123)
	at org.springframework.transaction.interceptor.TransactionAspectSupport.invokeWithinTransaction(TransactionAspectSupport.java:392)
	at org.springframework.transaction.interceptor.TransactionInterceptor.invoke(TransactionInterceptor.java:119)
	at org.springframework.aop.framework.ReflectiveMethodInvocation.proceed(ReflectiveMethodInvocation.java:184)
	at org.springframework.aop.framework.CglibAopProxy$CglibMethodInvocation.proceed(CglibAopProxy.java:768)
	at org.springframework.aop.framework.CglibAopProxy$DynamicAdvisedInterceptor.intercept(CglibAopProxy.java:720)
	at com.example.sms.service.sms.SmsHistoryService$$SpringCGLIB$$0.search(<generated>)
	at com.example.sms.controller.sms.SmsHistoryController.getData(SmsHistoryController.java:29)
	at java.base/jdk.internal.reflect.DirectMethodHandleAccessor.invoke(DirectMethodHandleAccessor.java:103)
	at java.base/java.lang.reflect.Method.invoke(Method.java:580)
	at org.springframework.aop.support.AopUtils.invokeJoinpointUsingReflection(AopUtils.java:354)
	at org.springframework.aop.framework.ReflectiveMethodInvocation.invokeJoinpoint(ReflectiveMethodInvocation.java:196)
	at org.springframework.aop.framework.ReflectiveMethodInvocation.proceed(ReflectiveMethodInvocation.java:163)
	at org.springframework.aop.framework.CglibAopProxy$CglibMethodInvocation.proceed(CglibAopProxy.java:768)
	at org.springframework.aop.aspectj.MethodInvocationProceedingJoinPoint.proceed(MethodInvocationProceedingJoinPoint.java:89)
	at com.example.sms.aop.PrivacyLogAspect.doAuditLog(PrivacyLogAspect.java:76)
	at java.base/jdk.internal.reflect.DirectMethodHandleAccessor.invoke(DirectMethodHandleAccessor.java:103)
	at java.base/java.lang.reflect.Method.invoke(Method.java:580)
	at org.springframework.aop.aspectj.AbstractAspectJAdvice.invokeAdviceMethodWithGivenArgs(AbstractAspectJAdvice.java:637)
	at org.springframework.aop.aspectj.AbstractAspectJAdvice.invokeAdviceMethod(AbstractAspectJAdvice.java:627)
	at org.springframework.aop.aspectj.AspectJAroundAdvice.invoke(AspectJAroundAdvice.java:71)
	at org.springframework.aop.framework.ReflectiveMethodInvocation.proceed(ReflectiveMethodInvocation.java:173)
	at org.springframework.aop.framework.CglibAopProxy$CglibMethodInvocation.proceed(CglibAopProxy.java:768)
	at org.springframework.aop.interceptor.ExposeInvocationInterceptor.invoke(ExposeInvocationInterceptor.java:97)
	at org.springframework.aop.framework.ReflectiveMethodInvocation.proceed(ReflectiveMethodInvocation.java:184)
	at org.springframework.aop.framework.CglibAopProxy$CglibMethodInvocation.proceed(CglibAopProxy.java:768)
	at org.springframework.aop.framework.CglibAopProxy$DynamicAdvisedInterceptor.intercept(CglibAopProxy.java:720)
	at com.example.sms.controller.sms.SmsHistoryController$$SpringCGLIB$$0.getData(<generated>)
	at java.base/jdk.internal.reflect.DirectMethodHandleAccessor.invoke(DirectMethodHandleAccessor.java:103)
	at java.base/java.lang.reflect.Method.invoke(Method.java:580)
	at org.springframework.web.method.support.InvocableHandlerMethod.doInvoke(InvocableHandlerMethod.java:255)
	at org.springframework.web.method.support.InvocableHandlerMethod.invokeForRequest(InvocableHandlerMethod.java:188)
	at org.springframework.web.servlet.mvc.method.annotation.ServletInvocableHandlerMethod.invokeAndHandle(ServletInvocableHandlerMethod.java:118)
	at org.springframework.web.servlet.mvc.method.annotation.RequestMappingHandlerAdapter.invokeHandlerMethod(RequestMappingHandlerAdapter.java:926)
	at org.springframework.web.servlet.mvc.method.annotation.RequestMappingHandlerAdapter.handleInternal(RequestMappingHandlerAdapter.java:831)
	at org.springframework.web.servlet.mvc.method.AbstractHandlerMethodAdapter.handle(AbstractHandlerMethodAdapter.java:87)
	at org.springframework.web.servlet.DispatcherServlet.doDispatch(DispatcherServlet.java:1089)
	at org.springframework.web.servlet.DispatcherServlet.doService(DispatcherServlet.java:979)
	at org.springframework.web.servlet.FrameworkServlet.processRequest(FrameworkServlet.java:1014)
	at org.springframework.web.servlet.FrameworkServlet.doGet(FrameworkServlet.java:903)
	at jakarta.servlet.http.HttpServlet.service(HttpServlet.java:564)
	at org.springframework.web.servlet.FrameworkServlet.service(FrameworkServlet.java:885)
	at jakarta.servlet.http.HttpServlet.service(HttpServlet.java:658)
	at org.apache.catalina.core.ApplicationFilterChain.internalDoFilter(ApplicationFilterChain.java:195)
	at org.apache.catalina.core.ApplicationFilterChain.doFilter(ApplicationFilterChain.java:140)
	at org.apache.tomcat.websocket.server.WsFilter.doFilter(WsFilter.java:51)
	at org.apache.catalina.core.ApplicationFilterChain.internalDoFilter(ApplicationFilterChain.java:164)
	at org.apache.catalina.core.ApplicationFilterChain.doFilter(ApplicationFilterChain.java:140)
	at org.springframework.web.filter.CompositeFilter$VirtualFilterChain.doFilter(CompositeFilter.java:108)
	at org.springframework.security.web.FilterChainProxy.lambda$doFilterInternal$3(FilterChainProxy.java:231)
	at org.springframework.security.web.FilterChainProxy$VirtualFilterChain.doFilter(FilterChainProxy.java:365)
	at org.springframework.security.web.access.intercept.AuthorizationFilter.doFilter(AuthorizationFilter.java:100)
	at org.springframework.security.web.FilterChainProxy$VirtualFilterChain.doFilter(FilterChainProxy.java:374)
	at org.springframework.security.web.access.ExceptionTranslationFilter.doFilter(ExceptionTranslationFilter.java:126)
	at org.springframework.security.web.access.ExceptionTranslationFilter.doFilter(ExceptionTranslationFilter.java:120)
	at org.springframework.security.web.FilterChainProxy$VirtualFilterChain.doFilter(FilterChainProxy.java:374)
	at org.springframework.security.web.authentication.AnonymousAuthenticationFilter.doFilter(AnonymousAuthenticationFilter.java:100)
	at org.springframework.security.web.FilterChainProxy$VirtualFilterChain.doFilter(FilterChainProxy.java:374)
	at org.springframework.security.web.servletapi.SecurityContextHolderAwareRequestFilter.doFilter(SecurityContextHolderAwareRequestFilter.java:179)
	at org.springframework.security.web.FilterChainProxy$VirtualFilterChain.doFilter(FilterChainProxy.java:374)
	at org.springframework.security.web.savedrequest.RequestCacheAwareFilter.doFilter(RequestCacheAwareFilter.java:63)
	at org.springframework.security.web.FilterChainProxy$VirtualFilterChain.doFilter(FilterChainProxy.java:374)
	at org.springframework.security.web.authentication.AbstractAuthenticationProcessingFilter.doFilter(AbstractAuthenticationProcessingFilter.java:227)
	at org.springframework.security.web.authentication.AbstractAuthenticationProcessingFilter.doFilter(AbstractAuthenticationProcessingFilter.java:221)
	at org.springframework.security.web.FilterChainProxy$VirtualFilterChain.doFilter(FilterChainProxy.java:374)
	at org.springframework.security.web.authentication.logout.LogoutFilter.doFilter(LogoutFilter.java:107)
	at org.springframework.security.web.authentication.logout.LogoutFilter.doFilter(LogoutFilter.java:93)
	at org.springframework.security.web.FilterChainProxy$VirtualFilterChain.doFilter(FilterChainProxy.java:374)
	at org.springframework.web.filter.CorsFilter.doFilterInternal(CorsFilter.java:91)
	at org.springframework.web.filter.OncePerRequestFilter.doFilter(OncePerRequestFilter.java:116)
	at org.springframework.security.web.FilterChainProxy$VirtualFilterChain.doFilter(FilterChainProxy.java:374)
	at org.springframework.security.web.header.HeaderWriterFilter.doHeadersAfter(HeaderWriterFilter.java:90)
	at org.springframework.security.web.header.HeaderWriterFilter.doFilterInternal(HeaderWriterFilter.java:75)
	at org.springframework.web.filter.OncePerRequestFilter.doFilter(OncePerRequestFilter.java:116)
	at org.springframework.security.web.FilterChainProxy$VirtualFilterChain.doFilter(FilterChainProxy.java:374)
	at org.springframework.security.web.context.SecurityContextHolderFilter.doFilter(SecurityContextHolderFilter.java:82)
	at org.springframework.security.web.context.SecurityContextHolderFilter.doFilter(SecurityContextHolderFilter.java:69)
	at org.springframework.security.web.FilterChainProxy$VirtualFilterChain.doFilter(FilterChainProxy.java:374)
	at org.springframework.security.web.context.request.async.WebAsyncManagerIntegrationFilter.doFilterInternal(WebAsyncManagerIntegrationFilter.java:62)
	at org.springframework.web.filter.OncePerRequestFilter.doFilter(OncePerRequestFilter.java:116)
	at org.springframework.security.web.FilterChainProxy$VirtualFilterChain.doFilter(FilterChainProxy.java:374)
	at org.springframework.security.web.session.DisableEncodeUrlFilter.doFilterInternal(DisableEncodeUrlFilter.java:42)
	at org.springframework.web.filter.OncePerRequestFilter.doFilter(OncePerRequestFilter.java:116)
	at org.springframework.security.web.FilterChainProxy$VirtualFilterChain.doFilter(FilterChainProxy.java:374)
	at org.springframework.security.web.FilterChainProxy.doFilterInternal(FilterChainProxy.java:233)
	at org.springframework.security.web.FilterChainProxy.doFilter(FilterChainProxy.java:191)
	at org.springframework.web.filter.CompositeFilter$VirtualFilterChain.doFilter(CompositeFilter.java:113)
	at org.springframework.web.servlet.handler.HandlerMappingIntrospector.lambda$createCacheFilter$3(HandlerMappingIntrospector.java:195)
	at org.springframework.web.filter.CompositeFilter$VirtualFilterChain.doFilter(CompositeFilter.java:113)
	at org.springframework.web.filter.CompositeFilter.doFilter(CompositeFilter.java:74)
	at org.springframework.security.config.annotation.web.configuration.WebMvcSecurityConfiguration$CompositeFilterChainProxy.doFilter(WebMvcSecurityConfiguration.java:230)
	at org.springframework.web.filter.DelegatingFilterProxy.invokeDelegate(DelegatingFilterProxy.java:352)
	at org.springframework.web.filter.DelegatingFilterProxy.doFilter(DelegatingFilterProxy.java:268)
	at org.apache.catalina.core.ApplicationFilterChain.internalDoFilter(ApplicationFilterChain.java:164)
	at org.apache.catalina.core.ApplicationFilterChain.doFilter(ApplicationFilterChain.java:140)
	at org.springframework.web.filter.RequestContextFilter.doFilterInternal(RequestContextFilter.java:100)
	at org.springframework.web.filter.OncePerRequestFilter.doFilter(OncePerRequestFilter.java:116)
	at org.apache.catalina.core.ApplicationFilterChain.internalDoFilter(ApplicationFilterChain.java:164)
	at org.apache.catalina.core.ApplicationFilterChain.doFilter(ApplicationFilterChain.java:140)
	at org.springframework.web.filter.FormContentFilter.doFilterInternal(FormContentFilter.java:93)
	at org.springframework.web.filter.OncePerRequestFilter.doFilter(OncePerRequestFilter.java:116)
	at org.apache.catalina.core.ApplicationFilterChain.internalDoFilter(ApplicationFilterChain.java:164)
	at org.apache.catalina.core.ApplicationFilterChain.doFilter(ApplicationFilterChain.java:140)
	at org.springframework.web.filter.CharacterEncodingFilter.doFilterInternal(CharacterEncodingFilter.java:201)
	at org.springframework.web.filter.OncePerRequestFilter.doFilter(OncePerRequestFilter.java:116)
	at org.apache.catalina.core.ApplicationFilterChain.internalDoFilter(ApplicationFilterChain.java:164)
	at org.apache.catalina.core.ApplicationFilterChain.doFilter(ApplicationFilterChain.java:140)
	at org.apache.catalina.core.StandardWrapperValve.invoke(StandardWrapperValve.java:167)
	at org.apache.catalina.core.StandardContextValve.invoke(StandardContextValve.java:90)
	at org.apache.catalina.authenticator.AuthenticatorBase.invoke(AuthenticatorBase.java:482)
	at org.apache.catalina.core.StandardHostValve.invoke(StandardHostValve.java:115)
	at org.apache.catalina.valves.ErrorReportValve.invoke(ErrorReportValve.java:93)
	at org.apache.catalina.core.StandardEngineValve.invoke(StandardEngineValve.java:74)
	at org.apache.catalina.connector.CoyoteAdapter.service(CoyoteAdapter.java:344)
	at org.apache.coyote.http11.Http11Processor.service(Http11Processor.java:389)
	at org.apache.coyote.AbstractProcessorLight.process(AbstractProcessorLight.java:63)
	at org.apache.coyote.AbstractProtocol$ConnectionHandler.process(AbstractProtocol.java:896)
	at org.apache.tomcat.util.net.NioEndpoint$SocketProcessor.doRun(NioEndpoint.java:1741)
	at org.apache.tomcat.util.net.SocketProcessorBase.run(SocketProcessorBase.java:52)
	at org.apache.tomcat.util.threads.ThreadPoolExecutor.runWorker(ThreadPoolExecutor.java:1190)
	at org.apache.tomcat.util.threads.ThreadPoolExecutor$Worker.run(ThreadPoolExecutor.java:659)
	at org.apache.tomcat.util.threads.TaskThread$WrappingRunnable.run(TaskThread.java:63)
	at java.base/java.lang.Thread.run(Thread.java:1583)
Caused by: oracle.jdbc.OracleDatabaseException: ORA-01861: 리터럴이 형식 문자열과 일치하지 않음

	at oracle.jdbc.driver.T4CTTIoer11.processError(T4CTTIoer11.java:636)
	... 171 common frames omitted
2026-06-04 10:25:03.873 [http-nio-8080-exec-4] ERROR c.e.s.e.GlobalExceptionHandler - handleException
org.springframework.dao.DataIntegrityViolationException: 
### Error querying database.  Cause: java.sql.SQLDataException: ORA-01861: 리터럴이 형식 문자열과 일치하지 않음

### The error may exist in file [C:\Work\sms-project-v2\target\classes\mapper\sms\SmsHistoryMapper.xml]
### The error may involve defaultParameterMap
### The error occurred while setting parameters
### SQL: SELECT COUNT(1) FROM SMS_HISTORY                    WHERE  SENT_AT >= TO_TIMESTAMP(?, 'YYYY-MM-DD"T"HH24:MI')                 AND SENT_AT <= TO_TIMESTAMP(?,   'YYYY-MM-DD"T"HH24:MI')
### Cause: java.sql.SQLDataException: ORA-01861: 리터럴이 형식 문자열과 일치하지 않음

; ORA-01861: 리터럴이 형식 문자열과 일치하지 않음

	at org.springframework.jdbc.support.SQLExceptionSubclassTranslator.doTranslate(SQLExceptionSubclassTranslator.java:91)
	at org.springframework.jdbc.support.AbstractFallbackSQLExceptionTranslator.translate(AbstractFallbackSQLExceptionTranslator.java:107)
	at org.springframework.jdbc.support.AbstractFallbackSQLExceptionTranslator.translate(AbstractFallbackSQLExceptionTranslator.java:116)
	at org.mybatis.spring.MyBatisExceptionTranslator.translateExceptionIfPossible(MyBatisExceptionTranslator.java:92)
	at org.mybatis.spring.SqlSessionTemplate$SqlSessionInterceptor.invoke(SqlSessionTemplate.java:439)
	at jdk.proxy2/jdk.proxy2.$Proxy75.selectOne(Unknown Source)
	at org.mybatis.spring.SqlSessionTemplate.selectOne(SqlSessionTemplate.java:160)
	at org.apache.ibatis.binding.MapperMethod.execute(MapperMethod.java:87)
	at org.apache.ibatis.binding.MapperProxy$PlainMethodInvoker.invoke(MapperProxy.java:141)
	at org.apache.ibatis.binding.MapperProxy.invoke(MapperProxy.java:86)
	at jdk.proxy2/jdk.proxy2.$Proxy94.count(Unknown Source)
	at com.example.sms.service.sms.SmsHistoryService.search(SmsHistoryService.java:20)
	at java.base/jdk.internal.reflect.DirectMethodHandleAccessor.invoke(DirectMethodHandleAccessor.java:103)
	at java.base/java.lang.reflect.Method.invoke(Method.java:580)
	at org.springframework.aop.support.AopUtils.invokeJoinpointUsingReflection(AopUtils.java:354)
	at org.springframework.aop.framework.ReflectiveMethodInvocation.invokeJoinpoint(ReflectiveMethodInvocation.java:196)
	at org.springframework.aop.framework.ReflectiveMethodInvocation.proceed(ReflectiveMethodInvocation.java:163)
	at org.springframework.aop.framework.CglibAopProxy$CglibMethodInvocation.proceed(CglibAopProxy.java:768)
	at org.springframework.transaction.interceptor.TransactionInterceptor$1.proceedWithInvocation(TransactionInterceptor.java:123)
	at org.springframework.transaction.interceptor.TransactionAspectSupport.invokeWithinTransaction(TransactionAspectSupport.java:392)
	at org.springframework.transaction.interceptor.TransactionInterceptor.invoke(TransactionInterceptor.java:119)
	at org.springframework.aop.framework.ReflectiveMethodInvocation.proceed(ReflectiveMethodInvocation.java:184)
	at org.springframework.aop.framework.CglibAopProxy$CglibMethodInvocation.proceed(CglibAopProxy.java:768)
	at org.springframework.aop.framework.CglibAopProxy$DynamicAdvisedInterceptor.intercept(CglibAopProxy.java:720)
	at com.example.sms.service.sms.SmsHistoryService$$SpringCGLIB$$0.search(<generated>)
	at com.example.sms.controller.sms.SmsHistoryController.getData(SmsHistoryController.java:29)
	at java.base/jdk.internal.reflect.DirectMethodHandleAccessor.invoke(DirectMethodHandleAccessor.java:103)
	at java.base/java.lang.reflect.Method.invoke(Method.java:580)
	at org.springframework.aop.support.AopUtils.invokeJoinpointUsingReflection(AopUtils.java:354)
	at org.springframework.aop.framework.ReflectiveMethodInvocation.invokeJoinpoint(ReflectiveMethodInvocation.java:196)
	at org.springframework.aop.framework.ReflectiveMethodInvocation.proceed(ReflectiveMethodInvocation.java:163)
	at org.springframework.aop.framework.CglibAopProxy$CglibMethodInvocation.proceed(CglibAopProxy.java:768)
	at org.springframework.aop.aspectj.MethodInvocationProceedingJoinPoint.proceed(MethodInvocationProceedingJoinPoint.java:89)
	at com.example.sms.aop.PrivacyLogAspect.doAuditLog(PrivacyLogAspect.java:76)
	at java.base/jdk.internal.reflect.DirectMethodHandleAccessor.invoke(DirectMethodHandleAccessor.java:103)
	at java.base/java.lang.reflect.Method.invoke(Method.java:580)
	at org.springframework.aop.aspectj.AbstractAspectJAdvice.invokeAdviceMethodWithGivenArgs(AbstractAspectJAdvice.java:637)
	at org.springframework.aop.aspectj.AbstractAspectJAdvice.invokeAdviceMethod(AbstractAspectJAdvice.java:627)
	at org.springframework.aop.aspectj.AspectJAroundAdvice.invoke(AspectJAroundAdvice.java:71)
	at org.springframework.aop.framework.ReflectiveMethodInvocation.proceed(ReflectiveMethodInvocation.java:173)
	at org.springframework.aop.framework.CglibAopProxy$CglibMethodInvocation.proceed(CglibAopProxy.java:768)
	at org.springframework.aop.interceptor.ExposeInvocationInterceptor.invoke(ExposeInvocationInterceptor.java:97)
	at org.springframework.aop.framework.ReflectiveMethodInvocation.proceed(ReflectiveMethodInvocation.java:184)
	at org.springframework.aop.framework.CglibAopProxy$CglibMethodInvocation.proceed(CglibAopProxy.java:768)
	at org.springframework.aop.framework.CglibAopProxy$DynamicAdvisedInterceptor.intercept(CglibAopProxy.java:720)
	at com.example.sms.controller.sms.SmsHistoryController$$SpringCGLIB$$0.getData(<generated>)
	at java.base/jdk.internal.reflect.DirectMethodHandleAccessor.invoke(DirectMethodHandleAccessor.java:103)
	at java.base/java.lang.reflect.Method.invoke(Method.java:580)
	at org.springframework.web.method.support.InvocableHandlerMethod.doInvoke(InvocableHandlerMethod.java:255)
	at org.springframework.web.method.support.InvocableHandlerMethod.invokeForRequest(InvocableHandlerMethod.java:188)
	at org.springframework.web.servlet.mvc.method.annotation.ServletInvocableHandlerMethod.invokeAndHandle(ServletInvocableHandlerMethod.java:118)
	at org.springframework.web.servlet.mvc.method.annotation.RequestMappingHandlerAdapter.invokeHandlerMethod(RequestMappingHandlerAdapter.java:926)
	at org.springframework.web.servlet.mvc.method.annotation.RequestMappingHandlerAdapter.handleInternal(RequestMappingHandlerAdapter.java:831)
	at org.springframework.web.servlet.mvc.method.AbstractHandlerMethodAdapter.handle(AbstractHandlerMethodAdapter.java:87)
	at org.springframework.web.servlet.DispatcherServlet.doDispatch(DispatcherServlet.java:1089)
	at org.springframework.web.servlet.DispatcherServlet.doService(DispatcherServlet.java:979)
	at org.springframework.web.servlet.FrameworkServlet.processRequest(FrameworkServlet.java:1014)
	at org.springframework.web.servlet.FrameworkServlet.doGet(FrameworkServlet.java:903)
	at jakarta.servlet.http.HttpServlet.service(HttpServlet.java:564)
	at org.springframework.web.servlet.FrameworkServlet.service(FrameworkServlet.java:885)
	at jakarta.servlet.http.HttpServlet.service(HttpServlet.java:658)
	at org.apache.catalina.core.ApplicationFilterChain.internalDoFilter(ApplicationFilterChain.java:195)
	at org.apache.catalina.core.ApplicationFilterChain.doFilter(ApplicationFilterChain.java:140)
	at org.apache.tomcat.websocket.server.WsFilter.doFilter(WsFilter.java:51)
	at org.apache.catalina.core.ApplicationFilterChain.internalDoFilter(ApplicationFilterChain.java:164)
	at org.apache.catalina.core.ApplicationFilterChain.doFilter(ApplicationFilterChain.java:140)
	at org.springframework.web.filter.CompositeFilter$VirtualFilterChain.doFilter(CompositeFilter.java:108)
	at org.springframework.security.web.FilterChainProxy.lambda$doFilterInternal$3(FilterChainProxy.java:231)
	at org.springframework.security.web.FilterChainProxy$VirtualFilterChain.doFilter(FilterChainProxy.java:365)
	at org.springframework.security.web.access.intercept.AuthorizationFilter.doFilter(AuthorizationFilter.java:100)
	at org.springframework.security.web.FilterChainProxy$VirtualFilterChain.doFilter(FilterChainProxy.java:374)
	at org.springframework.security.web.access.ExceptionTranslationFilter.doFilter(ExceptionTranslationFilter.java:126)
	at org.springframework.security.web.access.ExceptionTranslationFilter.doFilter(ExceptionTranslationFilter.java:120)
	at org.springframework.security.web.FilterChainProxy$VirtualFilterChain.doFilter(FilterChainProxy.java:374)
	at org.springframework.security.web.authentication.AnonymousAuthenticationFilter.doFilter(AnonymousAuthenticationFilter.java:100)
	at org.springframework.security.web.FilterChainProxy$VirtualFilterChain.doFilter(FilterChainProxy.java:374)
	at org.springframework.security.web.servletapi.SecurityContextHolderAwareRequestFilter.doFilter(SecurityContextHolderAwareRequestFilter.java:179)
	at org.springframework.security.web.FilterChainProxy$VirtualFilterChain.doFilter(FilterChainProxy.java:374)
	at org.springframework.security.web.savedrequest.RequestCacheAwareFilter.doFilter(RequestCacheAwareFilter.java:63)
	at org.springframework.security.web.FilterChainProxy$VirtualFilterChain.doFilter(FilterChainProxy.java:374)
	at org.springframework.security.web.authentication.AbstractAuthenticationProcessingFilter.doFilter(AbstractAuthenticationProcessingFilter.java:227)
	at org.springframework.security.web.authentication.AbstractAuthenticationProcessingFilter.doFilter(AbstractAuthenticationProcessingFilter.java:221)
	at org.springframework.security.web.FilterChainProxy$VirtualFilterChain.doFilter(FilterChainProxy.java:374)
	at org.springframework.security.web.authentication.logout.LogoutFilter.doFilter(LogoutFilter.java:107)
	at org.springframework.security.web.authentication.logout.LogoutFilter.doFilter(LogoutFilter.java:93)
	at org.springframework.security.web.FilterChainProxy$VirtualFilterChain.doFilter(FilterChainProxy.java:374)
	at org.springframework.web.filter.CorsFilter.doFilterInternal(CorsFilter.java:91)
	at org.springframework.web.filter.OncePerRequestFilter.doFilter(OncePerRequestFilter.java:116)
	at org.springframework.security.web.FilterChainProxy$VirtualFilterChain.doFilter(FilterChainProxy.java:374)
	at org.springframework.security.web.header.HeaderWriterFilter.doHeadersAfter(HeaderWriterFilter.java:90)
	at org.springframework.security.web.header.HeaderWriterFilter.doFilterInternal(HeaderWriterFilter.java:75)
	at org.springframework.web.filter.OncePerRequestFilter.doFilter(OncePerRequestFilter.java:116)
	at org.springframework.security.web.FilterChainProxy$VirtualFilterChain.doFilter(FilterChainProxy.java:374)
	at org.springframework.security.web.context.SecurityContextHolderFilter.doFilter(SecurityContextHolderFilter.java:82)
	at org.springframework.security.web.context.SecurityContextHolderFilter.doFilter(SecurityContextHolderFilter.java:69)
	at org.springframework.security.web.FilterChainProxy$VirtualFilterChain.doFilter(FilterChainProxy.java:374)
	at org.springframework.security.web.context.request.async.WebAsyncManagerIntegrationFilter.doFilterInternal(WebAsyncManagerIntegrationFilter.java:62)
	at org.springframework.web.filter.OncePerRequestFilter.doFilter(OncePerRequestFilter.java:116)
	at org.springframework.security.web.FilterChainProxy$VirtualFilterChain.doFilter(FilterChainProxy.java:374)
	at org.springframework.security.web.session.DisableEncodeUrlFilter.doFilterInternal(DisableEncodeUrlFilter.java:42)
	at org.springframework.web.filter.OncePerRequestFilter.doFilter(OncePerRequestFilter.java:116)
	at org.springframework.security.web.FilterChainProxy$VirtualFilterChain.doFilter(FilterChainProxy.java:374)
	at org.springframework.security.web.FilterChainProxy.doFilterInternal(FilterChainProxy.java:233)
	at org.springframework.security.web.FilterChainProxy.doFilter(FilterChainProxy.java:191)
	at org.springframework.web.filter.CompositeFilter$VirtualFilterChain.doFilter(CompositeFilter.java:113)
	at org.springframework.web.servlet.handler.HandlerMappingIntrospector.lambda$createCacheFilter$3(HandlerMappingIntrospector.java:195)
	at org.springframework.web.filter.CompositeFilter$VirtualFilterChain.doFilter(CompositeFilter.java:113)
	at org.springframework.web.filter.CompositeFilter.doFilter(CompositeFilter.java:74)
	at org.springframework.security.config.annotation.web.configuration.WebMvcSecurityConfiguration$CompositeFilterChainProxy.doFilter(WebMvcSecurityConfiguration.java:230)
	at org.springframework.web.filter.DelegatingFilterProxy.invokeDelegate(DelegatingFilterProxy.java:352)
	at org.springframework.web.filter.DelegatingFilterProxy.doFilter(DelegatingFilterProxy.java:268)
	at org.apache.catalina.core.ApplicationFilterChain.internalDoFilter(ApplicationFilterChain.java:164)
	at org.apache.catalina.core.ApplicationFilterChain.doFilter(ApplicationFilterChain.java:140)
	at org.springframework.web.filter.RequestContextFilter.doFilterInternal(RequestContextFilter.java:100)
	at org.springframework.web.filter.OncePerRequestFilter.doFilter(OncePerRequestFilter.java:116)
	at org.apache.catalina.core.ApplicationFilterChain.internalDoFilter(ApplicationFilterChain.java:164)
	at org.apache.catalina.core.ApplicationFilterChain.doFilter(ApplicationFilterChain.java:140)
	at org.springframework.web.filter.FormContentFilter.doFilterInternal(FormContentFilter.java:93)
	at org.springframework.web.filter.OncePerRequestFilter.doFilter(OncePerRequestFilter.java:116)
	at org.apache.catalina.core.ApplicationFilterChain.internalDoFilter(ApplicationFilterChain.java:164)
	at org.apache.catalina.core.ApplicationFilterChain.doFilter(ApplicationFilterChain.java:140)
	at org.springframework.web.filter.CharacterEncodingFilter.doFilterInternal(CharacterEncodingFilter.java:201)
	at org.springframework.web.filter.OncePerRequestFilter.doFilter(OncePerRequestFilter.java:116)
	at org.apache.catalina.core.ApplicationFilterChain.internalDoFilter(ApplicationFilterChain.java:164)
	at org.apache.catalina.core.ApplicationFilterChain.doFilter(ApplicationFilterChain.java:140)
	at org.apache.catalina.core.StandardWrapperValve.invoke(StandardWrapperValve.java:167)
	at org.apache.catalina.core.StandardContextValve.invoke(StandardContextValve.java:90)
	at org.apache.catalina.authenticator.AuthenticatorBase.invoke(AuthenticatorBase.java:482)
	at org.apache.catalina.core.StandardHostValve.invoke(StandardHostValve.java:115)
	at org.apache.catalina.valves.ErrorReportValve.invoke(ErrorReportValve.java:93)
	at org.apache.catalina.core.StandardEngineValve.invoke(StandardEngineValve.java:74)
	at org.apache.catalina.connector.CoyoteAdapter.service(CoyoteAdapter.java:344)
	at org.apache.coyote.http11.Http11Processor.service(Http11Processor.java:389)
	at org.apache.coyote.AbstractProcessorLight.process(AbstractProcessorLight.java:63)
	at org.apache.coyote.AbstractProtocol$ConnectionHandler.process(AbstractProtocol.java:896)
	at org.apache.tomcat.util.net.NioEndpoint$SocketProcessor.doRun(NioEndpoint.java:1741)
	at org.apache.tomcat.util.net.SocketProcessorBase.run(SocketProcessorBase.java:52)
	at org.apache.tomcat.util.threads.ThreadPoolExecutor.runWorker(ThreadPoolExecutor.java:1190)
	at org.apache.tomcat.util.threads.ThreadPoolExecutor$Worker.run(ThreadPoolExecutor.java:659)
	at org.apache.tomcat.util.threads.TaskThread$WrappingRunnable.run(TaskThread.java:63)
	at java.base/java.lang.Thread.run(Thread.java:1583)
Caused by: java.sql.SQLDataException: ORA-01861: 리터럴이 형식 문자열과 일치하지 않음

	at oracle.jdbc.driver.T4CTTIoer11.processError(T4CTTIoer11.java:629)
	at oracle.jdbc.driver.T4CTTIoer11.processError(T4CTTIoer11.java:563)
	at oracle.jdbc.driver.T4C8Oall.processError(T4C8Oall.java:1230)
	at oracle.jdbc.driver.T4CTTIfun.receive(T4CTTIfun.java:771)
	at oracle.jdbc.driver.T4CTTIfun.doRPC(T4CTTIfun.java:298)
	at oracle.jdbc.driver.T4C8Oall.doOALL(T4C8Oall.java:511)
	at oracle.jdbc.driver.T4CPreparedStatement.doOall8(T4CPreparedStatement.java:162)
	at oracle.jdbc.driver.T4CPreparedStatement.executeForDescribe(T4CPreparedStatement.java:1009)
	at oracle.jdbc.driver.OracleStatement.prepareDefineBufferAndExecute(OracleStatement.java:1270)
	at oracle.jdbc.driver.OracleStatement.executeMaybeDescribe(OracleStatement.java:1148)
	at oracle.jdbc.driver.OracleStatement.executeSQLSelect(OracleStatement.java:1660)
	at oracle.jdbc.driver.OracleStatement.doExecuteWithTimeout(OracleStatement.java:1469)
	at oracle.jdbc.driver.OraclePreparedStatement.executeInternal(OraclePreparedStatement.java:3760)
	at oracle.jdbc.driver.OraclePreparedStatement.execute(OraclePreparedStatement.java:4135)
	at oracle.jdbc.driver.OraclePreparedStatementWrapper.execute(OraclePreparedStatementWrapper.java:1013)
	at net.sf.log4jdbc.sql.jdbcapi.PreparedStatementSpy.execute(PreparedStatementSpy.java:443)
	at com.zaxxer.hikari.pool.ProxyPreparedStatement.execute(ProxyPreparedStatement.java:44)
	at com.zaxxer.hikari.pool.HikariProxyPreparedStatement.execute(HikariProxyPreparedStatement.java)
	at java.base/jdk.internal.reflect.DirectMethodHandleAccessor.invoke(DirectMethodHandleAccessor.java:103)
	at java.base/java.lang.reflect.Method.invoke(Method.java:580)
	at org.apache.ibatis.logging.jdbc.PreparedStatementLogger.invoke(PreparedStatementLogger.java:58)
	at jdk.proxy3/jdk.proxy3.$Proxy117.execute(Unknown Source)
	at org.apache.ibatis.executor.statement.PreparedStatementHandler.query(PreparedStatementHandler.java:65)
	at org.apache.ibatis.executor.statement.RoutingStatementHandler.query(RoutingStatementHandler.java:80)
	at org.apache.ibatis.executor.SimpleExecutor.doQuery(SimpleExecutor.java:65)
	at org.apache.ibatis.executor.BaseExecutor.queryFromDatabase(BaseExecutor.java:336)
	at org.apache.ibatis.executor.BaseExecutor.query(BaseExecutor.java:158)
	at org.apache.ibatis.executor.CachingExecutor.query(CachingExecutor.java:110)
	at org.apache.ibatis.executor.CachingExecutor.query(CachingExecutor.java:90)
	at org.apache.ibatis.session.defaults.DefaultSqlSession.selectList(DefaultSqlSession.java:154)
	at org.apache.ibatis.session.defaults.DefaultSqlSession.selectList(DefaultSqlSession.java:147)
	at org.apache.ibatis.session.defaults.DefaultSqlSession.selectList(DefaultSqlSession.java:142)
	at org.apache.ibatis.session.defaults.DefaultSqlSession.selectOne(DefaultSqlSession.java:75)
	at java.base/jdk.internal.reflect.DirectMethodHandleAccessor.invoke(DirectMethodHandleAccessor.java:103)
	at java.base/java.lang.reflect.Method.invoke(Method.java:580)
	at org.mybatis.spring.SqlSessionTemplate$SqlSessionInterceptor.invoke(SqlSessionTemplate.java:425)
	... 136 common frames omitted
Caused by: oracle.jdbc.OracleDatabaseException: ORA-01861: 리터럴이 형식 문자열과 일치하지 않음

	at oracle.jdbc.driver.T4CTTIoer11.processError(T4CTTIoer11.java:636)
	... 171 common frames omitted
2026-06-04 10:30:41.874 [RMI TCP Connection(16)-127.0.0.1] INFO  o.s.b.a.SpringApplicationAdminMXBeanRegistrar$SpringApplicationAdmin - Application shutdown requested.
2026-06-04 10:30:41.877 [RMI TCP Connection(16)-127.0.0.1] INFO  o.a.coyote.http11.Http11NioProtocol - Stopping ProtocolHandler ["http-nio-8080"]
2026-06-04 10:30:41.886 [RMI TCP Connection(16)-127.0.0.1] INFO  com.zaxxer.hikari.HikariDataSource - HikariPool-1 - Shutdown initiated...
2026-06-04 10:30:41.908 [RMI TCP Connection(16)-127.0.0.1] INFO  com.zaxxer.hikari.HikariDataSource - HikariPool-1 - Shutdown completed.
2026-06-04 10:30:43.825 [background-preinit] INFO  o.h.validator.internal.util.Version - HV000001: Hibernate Validator 8.0.1.Final
2026-06-04 10:30:43.849 [main] INFO  com.example.sms.SmsApplication - Starting SmsApplication using Java 21.0.7 with PID 31920 (C:\Work\sms-project-v2\target\classes started by ndk20 in C:\Work\sms-project-v2)
2026-06-04 10:30:43.850 [main] DEBUG com.example.sms.SmsApplication - Running with Spring Boot v3.3.0, Spring v6.1.8
2026-06-04 10:30:43.851 [main] INFO  com.example.sms.SmsApplication - The following 1 profile is active: "dev"
2026-06-04 10:30:44.574 [main] INFO  o.s.d.r.c.RepositoryConfigurationDelegate - Bootstrapping Spring Data LDAP repositories in DEFAULT mode.
2026-06-04 10:30:44.592 [main] INFO  o.s.d.r.c.RepositoryConfigurationDelegate - Finished Spring Data repository scanning in 12 ms. Found 0 LDAP repository interfaces.
2026-06-04 10:30:45.128 [main] INFO  o.s.b.w.e.tomcat.TomcatWebServer - Tomcat initialized with port 8080 (http)
2026-06-04 10:30:45.132 [main] INFO  o.a.c.core.AprLifecycleListener - An older version [1.3.1] of the Apache Tomcat Native library is installed, while Tomcat recommends a minimum version of [2.0.5]
2026-06-04 10:30:45.132 [main] INFO  o.a.c.core.AprLifecycleListener - Loaded Apache Tomcat Native library [1.3.1] using APR version [1.7.4].
2026-06-04 10:30:45.136 [main] INFO  o.a.c.core.AprLifecycleListener - OpenSSL successfully initialized [OpenSSL 3.0.14 4 Jun 2024]
2026-06-04 10:30:45.145 [main] INFO  o.a.coyote.http11.Http11NioProtocol - Initializing ProtocolHandler ["http-nio-8080"]
2026-06-04 10:30:45.147 [main] INFO  o.a.catalina.core.StandardService - Starting service [Tomcat]
2026-06-04 10:30:45.147 [main] INFO  o.a.catalina.core.StandardEngine - Starting Servlet engine: [Apache Tomcat/10.1.24]
2026-06-04 10:30:45.199 [main] INFO  o.a.c.c.C.[Tomcat].[localhost].[/] - Initializing Spring embedded WebApplicationContext
2026-06-04 10:30:45.199 [main] INFO  o.s.b.w.s.c.ServletWebServerApplicationContext - Root WebApplicationContext: initialization completed in 1139 ms
2026-06-04 10:30:45.849 [main] INFO  o.s.s.c.a.a.c.InitializeUserDetailsBeanManagerConfigurer$InitializeUserDetailsManagerConfigurer - Global AuthenticationManager configured with UserDetailsService bean with name devUserDetailsService
2026-06-04 10:30:45.907 [main] INFO  o.s.b.a.w.s.WelcomePageHandlerMapping - Adding welcome page template: index
2026-06-04 10:30:46.063 [main] INFO  o.s.s.web.DefaultSecurityFilterChain - Will secure any request with [org.springframework.security.web.session.DisableEncodeUrlFilter@1214c98b, org.springframework.security.web.context.request.async.WebAsyncManagerIntegrationFilter@6ab50d1c, org.springframework.security.web.context.SecurityContextHolderFilter@48d31d25, org.springframework.security.web.header.HeaderWriterFilter@5f5a33ed, org.springframework.web.filter.CorsFilter@6e0d058a, org.springframework.security.web.authentication.logout.LogoutFilter@30ef32eb, org.springframework.security.web.authentication.UsernamePasswordAuthenticationFilter@7ebc5be6, org.springframework.security.web.savedrequest.RequestCacheAwareFilter@6f65a203, org.springframework.security.web.servletapi.SecurityContextHolderAwareRequestFilter@4de158ca, org.springframework.security.web.authentication.AnonymousAuthenticationFilter@3eb0fd88, org.springframework.security.web.access.ExceptionTranslationFilter@3c3cd13a, org.springframework.security.web.access.intercept.AuthorizationFilter@355493bf]
2026-06-04 10:30:46.270 [main] INFO  o.s.l.c.s.AbstractContextSource - Property 'userDn' not set - anonymous context will be used for read-only operations
2026-06-04 10:30:46.319 [main] INFO  o.a.coyote.http11.Http11NioProtocol - Starting ProtocolHandler ["http-nio-8080"]
2026-06-04 10:30:46.333 [main] INFO  o.s.b.w.e.tomcat.TomcatWebServer - Tomcat started on port 8080 (http) with context path '/'
2026-06-04 10:30:46.338 [main] INFO  com.example.sms.SmsApplication - Started SmsApplication in 2.887 seconds (process running for 3.438)
2026-06-04 10:30:46.344 [main] INFO  com.zaxxer.hikari.HikariDataSource - HikariPool-1 - Starting...
2026-06-04 10:30:46.610 [main] INFO  com.zaxxer.hikari.pool.HikariPool - HikariPool-1 - Added connection net.sf.log4jdbc.sql.jdbcapi.ConnectionSpy@6ae32ff0
2026-06-04 10:30:46.611 [main] INFO  com.zaxxer.hikari.HikariDataSource - HikariPool-1 - Start completed.
2026-06-04 10:30:46.666 [main] INFO  jdbc.sqlonly - CREATE USER SMS IDENTIFIED BY 1234

2026-06-04 10:30:46.673 [main] ERROR jdbc.sqlonly - 1. Statement.execute(CREATE USER SMS IDENTIFIED BY 1234) CREATE USER SMS IDENTIFIED BY 1234

java.sql.SQLSyntaxErrorException: ORA-01920: 사용자명 'SMS'(이)가 다른 사용자나 롤 이름과 상충됩니다

	at oracle.jdbc.driver.T4CTTIoer11.processError(T4CTTIoer11.java:629)
	at oracle.jdbc.driver.T4CTTIoer11.processError(T4CTTIoer11.java:563)
	at oracle.jdbc.driver.T4C8Oall.processError(T4C8Oall.java:1230)
	at oracle.jdbc.driver.T4CTTIfun.receive(T4CTTIfun.java:771)
	at oracle.jdbc.driver.T4CTTIfun.doRPC(T4CTTIfun.java:298)
	at oracle.jdbc.driver.T4C8Oall.doOALL(T4C8Oall.java:511)
	at oracle.jdbc.driver.T4CStatement.doOall8(T4CStatement.java:122)
	at oracle.jdbc.driver.T4CStatement.executeForRows(T4CStatement.java:1199)
	at oracle.jdbc.driver.OracleStatement.executeSQLStatement(OracleStatement.java:1819)
	at oracle.jdbc.driver.OracleStatement.doExecuteWithTimeout(OracleStatement.java:1471)
	at oracle.jdbc.driver.OracleStatement.executeInternal(OracleStatement.java:2504)
	at oracle.jdbc.driver.OracleStatement.execute(OracleStatement.java:2459)
	at oracle.jdbc.driver.OracleStatementWrapper.execute(OracleStatementWrapper.java:327)
	at net.sf.log4jdbc.sql.jdbcapi.StatementSpy.execute(StatementSpy.java:923)
	at com.zaxxer.hikari.pool.ProxyStatement.execute(ProxyStatement.java:94)
	at com.zaxxer.hikari.pool.HikariProxyStatement.execute(HikariProxyStatement.java)
	at org.springframework.jdbc.core.JdbcTemplate$1ExecuteStatementCallback.doInStatement(JdbcTemplate.java:435)
	at org.springframework.jdbc.core.JdbcTemplate.execute(JdbcTemplate.java:393)
	at org.springframework.jdbc.core.JdbcTemplate.execute(JdbcTemplate.java:444)
	at com.example.sms.config.TableInitRunner.run(TableInitRunner.java:20)
	at org.springframework.boot.SpringApplication.lambda$callRunner$5(SpringApplication.java:790)
	at org.springframework.util.function.ThrowingConsumer$1.acceptWithException(ThrowingConsumer.java:83)
	at org.springframework.util.function.ThrowingConsumer.accept(ThrowingConsumer.java:60)
	at org.springframework.util.function.ThrowingConsumer$1.accept(ThrowingConsumer.java:88)
	at org.springframework.boot.SpringApplication.callRunner(SpringApplication.java:798)
	at org.springframework.boot.SpringApplication.callRunner(SpringApplication.java:789)
	at org.springframework.boot.SpringApplication.lambda$callRunners$3(SpringApplication.java:774)
	at java.base/java.util.stream.ForEachOps$ForEachOp$OfRef.accept(ForEachOps.java:184)
	at java.base/java.util.stream.SortedOps$SizedRefSortingSink.end(SortedOps.java:357)
	at java.base/java.util.stream.AbstractPipeline.copyInto(AbstractPipeline.java:510)
	at java.base/java.util.stream.AbstractPipeline.wrapAndCopyInto(AbstractPipeline.java:499)
	at java.base/java.util.stream.ForEachOps$ForEachOp.evaluateSequential(ForEachOps.java:151)
	at java.base/java.util.stream.ForEachOps$ForEachOp$OfRef.evaluateSequential(ForEachOps.java:174)
	at java.base/java.util.stream.AbstractPipeline.evaluate(AbstractPipeline.java:234)
	at java.base/java.util.stream.ReferencePipeline.forEach(ReferencePipeline.java:596)
	at org.springframework.boot.SpringApplication.callRunners(SpringApplication.java:774)
	at org.springframework.boot.SpringApplication.run(SpringApplication.java:342)
	at org.springframework.boot.SpringApplication.run(SpringApplication.java:1363)
	at org.springframework.boot.SpringApplication.run(SpringApplication.java:1352)
	at com.example.sms.SmsApplication.main(SmsApplication.java:14)
Caused by: oracle.jdbc.OracleDatabaseException: ORA-01920: 사용자명 'SMS'(이)가 다른 사용자나 롤 이름과 상충됩니다

	at oracle.jdbc.driver.T4CTTIoer11.processError(T4CTTIoer11.java:636)
	... 39 common frames omitted
2026-06-04 10:30:46.683 [main] INFO  jdbc.sqlonly - BEGIN
  EXECUTE IMMEDIATE 'CREATE TABLE TB_DEP (
      DEPT_ID VARCHAR2(12) PRIMARY KEY,
      DEP_NM VARCHAR2(20),
      WRT_DTTM CHAR(14),
      DEL_DTTM CHAR(14),
      ACT_YN CHAR(1)
  )';
EXCEPTION
  WHEN OTHERS THEN
    IF SQLCODE != -955 THEN RAISE; END IF;
END;

2026-06-04 10:30:46.690 [main] INFO  jdbc.sqlonly - BEGIN
  EXECUTE IMMEDIATE 'CREATE TABLE TB_EMP (
      EMP_ID VARCHAR2(12) NOT NULL,
      DEPT_ID VARCHAR2(12) NOT NULL,
      EMP_PASS VARCHAR2(24) NULL,
      EMP_NM VARCHAR2(20) NULL,
      EMP_LEV CHAR(1) NULL,
      REG_DTTM VARCHAR2(14) NULL,
      MAX_SEND_CNT NUMBER NULL,
      PERM_CPN CHAR(1) NULL,
      PERM_SYS CHAR(1) NULL,
      PERM_STA CHAR(1) NULL,
      NOW_SEND_CNT NUMBER NULL,
      LAST_SEND_DT CHAR(8) NULL,
      LOGIN_FAIL_CNT NUMBER NULL,
      EMP_PHONE VARCHAR2(15) NULL,
      PERM_PSN CHAR(1) NULL,
      PERM_AUT CHAR(1) NULL,
      PERM_CPN_AGREE CHAR(1) NULL,
      DEL_DTTM VARCHAR2(14) NULL,
      ACT_YN CHAR(1) NULL,
      LAST_LOGIN_DTTM VARCHAR2(14) NULL,
      PASS_UPDATE_DTTM CHAR(14) NULL,
      PASS_UPDATE_YN CHAR(1) DEFAULT ''N'' NOT NULL,
      PERM_SND_CANCEL CHAR(1) NULL,
      UPDATE_DTTM CHAR(14) NULL,
      PERM_NOM CHAR(1) NULL,
      PERM_NOM_AGREE CHAR(1) NULL,
      PERM_MMS CHAR(1) NULL,
      PERM_MMS_AGREE CHAR(1) NULL,
      OLD_PWD1 VARCHAR2(24) NULL,
      OLD_PWD2 VARCHAR2(24) NULL,
      OLD_PWD3 VARCHAR2(24) NULL,
      OLD_PWD4 VARCHAR2(24) NULL,
      OLD_PWD5 VARCHAR2(24) NULL,
      OLD_PWD6 VARCHAR2(24) NULL,
      OLD_PWD7 VARCHAR2(24) NULL,
      OLD_PWD8 VARCHAR2(24) NULL,
      OLD_PWD9 VARCHAR2(24) NULL,
      OLD_PWD10 VARCHAR2(24) NULL,
      MFA_YN CHAR(1) NULL,
      CONSTRAINT EMP_PK PRIMARY KEY (EMP_ID, DEPT_ID)
  )';
EXCEPTION
  WHEN OTHERS THEN
    IF SQLCODE != -955 THEN RAISE; END IF;
END;

2026-06-04 10:30:46.695 [main] INFO  jdbc.sqlonly - SELECT COUNT(1) FROM EMPLOYEE WHERE EMP_ID = 'admin'

2026-06-04 10:30:46.737 [main] INFO  jdbc.sqlonly - SELECT COUNT(1) FROM TB_DEP

2026-06-04 10:30:46.739 [main] INFO  jdbc.sqlonly - BEGIN
  EXECUTE IMMEDIATE 'CREATE TABLE TB_PRIVACY_AUDIT_LOG (
      log_id NUMBER GENERATED ALWAYS AS IDENTITY PRIMARY KEY,
      executor_id VARCHAR2(50) NOT NULL,
      executor_ip VARCHAR2(50),
      request_url VARCHAR2(200),
      action_type VARCHAR2(100) NOT NULL,
      target_data VARCHAR2(500),
      created_at TIMESTAMP DEFAULT CURRENT_TIMESTAMP
  )';
EXCEPTION
  WHEN OTHERS THEN
    IF SQLCODE != -955 THEN RAISE; END IF;
END;

2026-06-04 10:30:46.744 [main] INFO  jdbc.sqlonly - BEGIN
  EXECUTE IMMEDIATE 'CREATE TABLE TB_ATTACH_FILE (
      file_id NUMBER GENERATED ALWAYS AS IDENTITY PRIMARY KEY,
      original_name VARCHAR2(300) NOT NULL,
      save_name VARCHAR2(300) NOT NULL,
      file_path VARCHAR2(500) NOT NULL,
      file_size NUMBER,
      ext VARCHAR2(10),
      created_at TIMESTAMP DEFAULT CURRENT_TIMESTAMP
  )';
EXCEPTION
  WHEN OTHERS THEN
    IF SQLCODE != -955 THEN RAISE; END IF;
END;

2026-06-04 10:30:46.748 [main] INFO  jdbc.sqlonly - BEGIN
  EXECUTE IMMEDIATE 'CREATE TABLE TB_MESSAGE (
      MSG_ID      NUMBER GENERATED ALWAYS AS IDENTITY PRIMARY KEY,
      DEPT_ID     VARCHAR2(50),
      MSG_CODE    VARCHAR2(50) UNIQUE NOT NULL,
      MSG_TYPE    VARCHAR2(20) DEFAULT ''NORMAL'' NOT NULL,
      MSG_TITLE   VARCHAR2(200) NOT NULL,
      MSG_CONTENT CLOB,
      FORBID_YN   CHAR(1) DEFAULT ''N'',
      SEND_POINT  VARCHAR2(100),
      USE_YN      CHAR(1) DEFAULT ''Y'',
      REG_ID      VARCHAR2(50),
      REG_DT      TIMESTAMP DEFAULT CURRENT_TIMESTAMP,
      UPD_ID      VARCHAR2(50),
      UPD_DT      TIMESTAMP
  )';
EXCEPTION
  WHEN OTHERS THEN
    IF SQLCODE != -955 THEN RAISE; END IF;
END;

2026-06-04 10:30:46.751 [main] INFO  jdbc.sqlonly - BEGIN
  EXECUTE IMMEDIATE 'CREATE TABLE TB_BANK (
      BANK_CD  VARCHAR2(10)  PRIMARY KEY,
      BANK_NM  VARCHAR2(100) NOT NULL,
      SWIFT_CD VARCHAR2(20),
      USE_YN   CHAR(1) DEFAULT ''Y''
  )';
EXCEPTION WHEN OTHERS THEN IF SQLCODE != -955 THEN RAISE; END IF;
END;

2026-06-04 10:30:46.774 [main] INFO  jdbc.sqlonly - SELECT COUNT(1) FROM TB_BANK WHERE BANK_CD = 'KB'

2026-06-04 10:30:46.778 [main] INFO  jdbc.sqlonly - SELECT COUNT(1) FROM TB_BANK WHERE BANK_CD = 'SHIN'

2026-06-04 10:30:46.781 [main] INFO  jdbc.sqlonly - SELECT COUNT(1) FROM TB_BANK WHERE BANK_CD = 'WOORI'

2026-06-04 10:30:46.783 [main] INFO  jdbc.sqlonly - SELECT COUNT(1) FROM TB_BANK WHERE BANK_CD = 'HANA'

2026-06-04 10:30:46.784 [main] INFO  jdbc.sqlonly - SELECT COUNT(1) FROM TB_BANK WHERE BANK_CD = 'IBK'

2026-06-04 10:30:46.786 [main] INFO  jdbc.sqlonly - SELECT COUNT(1) FROM TB_BANK WHERE BANK_CD = 'KEB'

2026-06-04 10:30:46.787 [main] INFO  jdbc.sqlonly - SELECT COUNT(1) FROM TB_BANK WHERE BANK_CD = 'NH'

2026-06-04 10:30:46.789 [main] INFO  jdbc.sqlonly - SELECT COUNT(1) FROM TB_BANK WHERE BANK_CD = 'SC'

2026-06-04 10:30:46.790 [main] INFO  jdbc.sqlonly - SELECT COUNT(1) FROM TB_BANK WHERE BANK_CD = 'CITI'

2026-06-04 10:30:46.792 [main] INFO  jdbc.sqlonly - SELECT COUNT(1) FROM TB_BANK WHERE BANK_CD = 'DGB'

2026-06-04 10:30:46.793 [main] INFO  jdbc.sqlonly - SELECT COUNT(1) FROM TB_BANK WHERE BANK_CD = 'BNK'

2026-06-04 10:30:46.794 [main] INFO  jdbc.sqlonly - SELECT COUNT(1) FROM TB_BANK WHERE BANK_CD = 'JB'

2026-06-04 10:30:46.796 [main] INFO  jdbc.sqlonly - SELECT COUNT(1) FROM TB_BANK WHERE BANK_CD = 'KDB'

2026-06-04 10:30:46.797 [main] INFO  jdbc.sqlonly - SELECT COUNT(1) FROM TB_BANK WHERE BANK_CD = 'KIBO'

2026-06-04 10:30:46.799 [main] INFO  jdbc.sqlonly - BEGIN
  EXECUTE IMMEDIATE 'CREATE TABLE TB_CUSTOMER_SSN (
      PHONE_NO     VARCHAR2(20) PRIMARY KEY,
      SSN_MASKED   VARCHAR2(14),
      HOLDER_NAME  VARCHAR2(100),
      DEPT_NM      VARCHAR2(100),
      INTERMEDIARY VARCHAR2(100),
      REG_DT       TIMESTAMP DEFAULT CURRENT_TIMESTAMP
  )';
EXCEPTION WHEN OTHERS THEN IF SQLCODE != -955 THEN RAISE; END IF;
END;

2026-06-04 10:30:46.803 [main] INFO  jdbc.sqlonly - SELECT COUNT(1) FROM USER_TAB_COLUMNS WHERE TABLE_NAME = 'EMPLOYEE' AND COLUMN_NAME = 'MFA_YN'

2026-06-04 10:30:46.807 [main] INFO  jdbc.sqlonly - SELECT COUNT(1) FROM USER_TAB_COLUMNS WHERE TABLE_NAME = 'CAMPAIGN' AND COLUMN_NAME = 'REG_ID'

2026-06-04 10:30:46.810 [main] INFO  jdbc.sqlonly - SELECT COUNT(1) FROM USER_TAB_COLUMNS WHERE TABLE_NAME = 'CAMPAIGN' AND COLUMN_NAME = 'TARGET_COUNT'

2026-06-04 10:30:46.812 [main] INFO  jdbc.sqlonly - SELECT COUNT(1) FROM USER_TAB_COLUMNS WHERE TABLE_NAME = 'CAMPAIGN' AND COLUMN_NAME = 'APRV_USER'

2026-06-04 10:30:46.814 [main] INFO  jdbc.sqlonly - SELECT COUNT(1) FROM USER_TAB_COLUMNS WHERE TABLE_NAME = 'CAMPAIGN' AND COLUMN_NAME = 'APRV_DT'

2026-06-04 10:30:46.816 [main] INFO  jdbc.sqlonly - SELECT COUNT(1) FROM TB_SMS_HISTORY

2026-06-04 10:30:46.818 [main] INFO  jdbc.sqlonly - DELETE FROM TB_GROUP_CONTACT_MAP

2026-06-04 10:30:46.824 [main] INFO  jdbc.sqlonly - DELETE FROM TB_CONTACT

2026-06-04 10:30:46.829 [main] INFO  jdbc.sqlonly - SELECT GROUP_ID FROM (SELECT GROUP_ID FROM TB_CONTACT_GROUP ORDER BY GROUP_ID DESC) WHERE ROWNUM <= 5

2026-06-04 10:30:46.835 [main] INFO  jdbc.sqlonly - INSERT INTO TB_CONTACT (CONTACT_NM, PHONE_NO, COMPANY_NM, REG_DT, REG_ID) VALUES ('테스트고객1', '010-0001-0001', '(주)테스트기업2', SYSDATE, 'SYSTEM')

2026-06-04 10:30:46.840 [main] INFO  jdbc.sqlonly - INSERT INTO TB_CONTACT (CONTACT_NM, PHONE_NO, COMPANY_NM, REG_DT, REG_ID) VALUES ('테스트고객2', '010-0002-0002', '(주)테스트기업3', SYSDATE, 'SYSTEM')

2026-06-04 10:30:46.844 [main] INFO  jdbc.sqlonly - INSERT INTO TB_CONTACT (CONTACT_NM, PHONE_NO, COMPANY_NM, REG_DT, REG_ID) VALUES ('테스트고객3', '010-0003-0003', '(주)테스트기업1', SYSDATE, 'SYSTEM')

2026-06-04 10:30:46.847 [main] INFO  jdbc.sqlonly - INSERT INTO TB_CONTACT (CONTACT_NM, PHONE_NO, COMPANY_NM, REG_DT, REG_ID) VALUES ('테스트고객4', '010-0004-0004', '(주)테스트기업2', SYSDATE, 'SYSTEM')

2026-06-04 10:30:46.851 [main] INFO  jdbc.sqlonly - INSERT INTO TB_CONTACT (CONTACT_NM, PHONE_NO, COMPANY_NM, REG_DT, REG_ID) VALUES ('테스트고객5', '010-0005-0005', '(주)테스트기업3', SYSDATE, 'SYSTEM')

2026-06-04 10:30:46.854 [main] INFO  jdbc.sqlonly - INSERT INTO TB_CONTACT (CONTACT_NM, PHONE_NO, COMPANY_NM, REG_DT, REG_ID) VALUES ('테스트고객6', '010-0006-0006', '(주)테스트기업1', SYSDATE, 'SYSTEM')

2026-06-04 10:30:46.859 [main] INFO  jdbc.sqlonly - INSERT INTO TB_CONTACT (CONTACT_NM, PHONE_NO, COMPANY_NM, REG_DT, REG_ID) VALUES ('테스트고객7', '010-0007-0007', '(주)테스트기업2', SYSDATE, 'SYSTEM')

2026-06-04 10:30:46.864 [main] INFO  jdbc.sqlonly - INSERT INTO TB_CONTACT (CONTACT_NM, PHONE_NO, COMPANY_NM, REG_DT, REG_ID) VALUES ('테스트고객8', '010-0008-0008', '(주)테스트기업3', SYSDATE, 'SYSTEM')

2026-06-04 10:30:46.867 [main] INFO  jdbc.sqlonly - INSERT INTO TB_CONTACT (CONTACT_NM, PHONE_NO, COMPANY_NM, REG_DT, REG_ID) VALUES ('테스트고객9', '010-0009-0009', '(주)테스트기업1', SYSDATE, 'SYSTEM')

2026-06-04 10:30:46.871 [main] INFO  jdbc.sqlonly - INSERT INTO TB_CONTACT (CONTACT_NM, PHONE_NO, COMPANY_NM, REG_DT, REG_ID) VALUES ('테스트고객10', '010-0010-0010', '(주)테스트기업2', SYSDATE, 'SYSTEM')

2026-06-04 10:30:46.875 [main] INFO  jdbc.sqlonly - INSERT INTO TB_CONTACT (CONTACT_NM, PHONE_NO, COMPANY_NM, REG_DT, REG_ID) VALUES ('테스트고객11', '010-0011-0011', '(주)테스트기업3', SYSDATE, 'SYSTEM')

2026-06-04 10:30:46.879 [main] INFO  jdbc.sqlonly - INSERT INTO TB_CONTACT (CONTACT_NM, PHONE_NO, COMPANY_NM, REG_DT, REG_ID) VALUES ('테스트고객12', '010-0012-0012', '(주)테스트기업1', SYSDATE, 'SYSTEM')

2026-06-04 10:30:46.882 [main] INFO  jdbc.sqlonly - INSERT INTO TB_CONTACT (CONTACT_NM, PHONE_NO, COMPANY_NM, REG_DT, REG_ID) VALUES ('테스트고객13', '010-0013-0013', '(주)테스트기업2', SYSDATE, 'SYSTEM')

2026-06-04 10:30:46.886 [main] INFO  jdbc.sqlonly - INSERT INTO TB_CONTACT (CONTACT_NM, PHONE_NO, COMPANY_NM, REG_DT, REG_ID) VALUES ('테스트고객14', '010-0014-0014', '(주)테스트기업3', SYSDATE, 'SYSTEM')

2026-06-04 10:30:46.888 [main] INFO  jdbc.sqlonly - INSERT INTO TB_CONTACT (CONTACT_NM, PHONE_NO, COMPANY_NM, REG_DT, REG_ID) VALUES ('테스트고객15', '010-0015-0015', '(주)테스트기업1', SYSDATE, 'SYSTEM')

2026-06-04 10:30:46.892 [main] INFO  jdbc.sqlonly - INSERT INTO TB_CONTACT (CONTACT_NM, PHONE_NO, COMPANY_NM, REG_DT, REG_ID) VALUES ('테스트고객16', '010-0016-0016', '(주)테스트기업2', SYSDATE, 'SYSTEM')

2026-06-04 10:30:46.895 [main] INFO  jdbc.sqlonly - INSERT INTO TB_CONTACT (CONTACT_NM, PHONE_NO, COMPANY_NM, REG_DT, REG_ID) VALUES ('테스트고객17', '010-0017-0017', '(주)테스트기업3', SYSDATE, 'SYSTEM')

2026-06-04 10:30:46.898 [main] INFO  jdbc.sqlonly - INSERT INTO TB_CONTACT (CONTACT_NM, PHONE_NO, COMPANY_NM, REG_DT, REG_ID) VALUES ('테스트고객18', '010-0018-0018', '(주)테스트기업1', SYSDATE, 'SYSTEM')

2026-06-04 10:30:46.901 [main] INFO  jdbc.sqlonly - INSERT INTO TB_CONTACT (CONTACT_NM, PHONE_NO, COMPANY_NM, REG_DT, REG_ID) VALUES ('테스트고객19', '010-0019-0019', '(주)테스트기업2', SYSDATE, 'SYSTEM')

2026-06-04 10:30:46.903 [main] INFO  jdbc.sqlonly - INSERT INTO TB_CONTACT (CONTACT_NM, PHONE_NO, COMPANY_NM, REG_DT, REG_ID) VALUES ('테스트고객20', '010-0020-0020', '(주)테스트기업3', SYSDATE, 'SYSTEM')

2026-06-04 10:30:46.907 [main] INFO  jdbc.sqlonly - INSERT INTO TB_CONTACT (CONTACT_NM, PHONE_NO, COMPANY_NM, REG_DT, REG_ID) VALUES ('테스트고객21', '010-0021-0021', '(주)테스트기업1', SYSDATE, 'SYSTEM')

2026-06-04 10:30:46.911 [main] INFO  jdbc.sqlonly - INSERT INTO TB_CONTACT (CONTACT_NM, PHONE_NO, COMPANY_NM, REG_DT, REG_ID) VALUES ('테스트고객22', '010-0022-0022', '(주)테스트기업2', SYSDATE, 'SYSTEM')

2026-06-04 10:30:46.915 [main] INFO  jdbc.sqlonly - INSERT INTO TB_CONTACT (CONTACT_NM, PHONE_NO, COMPANY_NM, REG_DT, REG_ID) VALUES ('테스트고객23', '010-0023-0023', '(주)테스트기업3', SYSDATE, 'SYSTEM')

2026-06-04 10:30:46.918 [main] INFO  jdbc.sqlonly - INSERT INTO TB_CONTACT (CONTACT_NM, PHONE_NO, COMPANY_NM, REG_DT, REG_ID) VALUES ('테스트고객24', '010-0024-0024', '(주)테스트기업1', SYSDATE, 'SYSTEM')

2026-06-04 10:30:46.921 [main] INFO  jdbc.sqlonly - INSERT INTO TB_CONTACT (CONTACT_NM, PHONE_NO, COMPANY_NM, REG_DT, REG_ID) VALUES ('테스트고객25', '010-0025-0025', '(주)테스트기업2', SYSDATE, 'SYSTEM')

2026-06-04 10:30:46.923 [main] INFO  jdbc.sqlonly - INSERT INTO TB_CONTACT (CONTACT_NM, PHONE_NO, COMPANY_NM, REG_DT, REG_ID) VALUES ('테스트고객26', '010-0026-0026', '(주)테스트기업3', SYSDATE, 'SYSTEM')

2026-06-04 10:30:46.927 [main] INFO  jdbc.sqlonly - INSERT INTO TB_CONTACT (CONTACT_NM, PHONE_NO, COMPANY_NM, REG_DT, REG_ID) VALUES ('테스트고객27', '010-0027-0027', '(주)테스트기업1', SYSDATE, 'SYSTEM')

2026-06-04 10:30:46.931 [main] INFO  jdbc.sqlonly - INSERT INTO TB_CONTACT (CONTACT_NM, PHONE_NO, COMPANY_NM, REG_DT, REG_ID) VALUES ('테스트고객28', '010-0028-0028', '(주)테스트기업2', SYSDATE, 'SYSTEM')

2026-06-04 10:30:46.934 [main] INFO  jdbc.sqlonly - INSERT INTO TB_CONTACT (CONTACT_NM, PHONE_NO, COMPANY_NM, REG_DT, REG_ID) VALUES ('테스트고객29', '010-0029-0029', '(주)테스트기업3', SYSDATE, 'SYSTEM')

2026-06-04 10:30:46.937 [main] INFO  jdbc.sqlonly - INSERT INTO TB_CONTACT (CONTACT_NM, PHONE_NO, COMPANY_NM, REG_DT, REG_ID) VALUES ('테스트고객30', '010-0030-0030', '(주)테스트기업1', SYSDATE, 'SYSTEM')

2026-06-04 10:30:46.941 [main] INFO  jdbc.sqlonly - INSERT INTO TB_CONTACT (CONTACT_NM, PHONE_NO, COMPANY_NM, REG_DT, REG_ID) VALUES ('테스트고객31', '010-0031-0031', '(주)테스트기업2', SYSDATE, 'SYSTEM')

2026-06-04 10:30:46.944 [main] INFO  jdbc.sqlonly - INSERT INTO TB_CONTACT (CONTACT_NM, PHONE_NO, COMPANY_NM, REG_DT, REG_ID) VALUES ('테스트고객32', '010-0032-0032', '(주)테스트기업3', SYSDATE, 'SYSTEM')

2026-06-04 10:30:46.948 [main] INFO  jdbc.sqlonly - INSERT INTO TB_CONTACT (CONTACT_NM, PHONE_NO, COMPANY_NM, REG_DT, REG_ID) VALUES ('테스트고객33', '010-0033-0033', '(주)테스트기업1', SYSDATE, 'SYSTEM')

2026-06-04 10:30:46.950 [main] INFO  jdbc.sqlonly - INSERT INTO TB_CONTACT (CONTACT_NM, PHONE_NO, COMPANY_NM, REG_DT, REG_ID) VALUES ('테스트고객34', '010-0034-0034', '(주)테스트기업2', SYSDATE, 'SYSTEM')

2026-06-04 10:30:46.954 [main] INFO  jdbc.sqlonly - INSERT INTO TB_CONTACT (CONTACT_NM, PHONE_NO, COMPANY_NM, REG_DT, REG_ID) VALUES ('테스트고객35', '010-0035-0035', '(주)테스트기업3', SYSDATE, 'SYSTEM')

2026-06-04 10:30:46.957 [main] INFO  jdbc.sqlonly - INSERT INTO TB_CONTACT (CONTACT_NM, PHONE_NO, COMPANY_NM, REG_DT, REG_ID) VALUES ('테스트고객36', '010-0036-0036', '(주)테스트기업1', SYSDATE, 'SYSTEM')

2026-06-04 10:30:46.960 [main] INFO  jdbc.sqlonly - INSERT INTO TB_CONTACT (CONTACT_NM, PHONE_NO, COMPANY_NM, REG_DT, REG_ID) VALUES ('테스트고객37', '010-0037-0037', '(주)테스트기업2', SYSDATE, 'SYSTEM')

2026-06-04 10:30:46.963 [main] INFO  jdbc.sqlonly - INSERT INTO TB_CONTACT (CONTACT_NM, PHONE_NO, COMPANY_NM, REG_DT, REG_ID) VALUES ('테스트고객38', '010-0038-0038', '(주)테스트기업3', SYSDATE, 'SYSTEM')

2026-06-04 10:30:46.967 [main] INFO  jdbc.sqlonly - INSERT INTO TB_CONTACT (CONTACT_NM, PHONE_NO, COMPANY_NM, REG_DT, REG_ID) VALUES ('테스트고객39', '010-0039-0039', '(주)테스트기업1', SYSDATE, 'SYSTEM')

2026-06-04 10:30:46.970 [main] INFO  jdbc.sqlonly - INSERT INTO TB_CONTACT (CONTACT_NM, PHONE_NO, COMPANY_NM, REG_DT, REG_ID) VALUES ('테스트고객40', '010-0040-0040', '(주)테스트기업2', SYSDATE, 'SYSTEM')

2026-06-04 10:30:46.973 [main] INFO  jdbc.sqlonly - INSERT INTO TB_CONTACT (CONTACT_NM, PHONE_NO, COMPANY_NM, REG_DT, REG_ID) VALUES ('테스트고객41', '010-0041-0041', '(주)테스트기업3', SYSDATE, 'SYSTEM')

2026-06-04 10:30:46.978 [main] INFO  jdbc.sqlonly - INSERT INTO TB_CONTACT (CONTACT_NM, PHONE_NO, COMPANY_NM, REG_DT, REG_ID) VALUES ('테스트고객42', '010-0042-0042', '(주)테스트기업1', SYSDATE, 'SYSTEM')

2026-06-04 10:30:46.981 [main] INFO  jdbc.sqlonly - INSERT INTO TB_CONTACT (CONTACT_NM, PHONE_NO, COMPANY_NM, REG_DT, REG_ID) VALUES ('테스트고객43', '010-0043-0043', '(주)테스트기업2', SYSDATE, 'SYSTEM')

2026-06-04 10:30:46.984 [main] INFO  jdbc.sqlonly - INSERT INTO TB_CONTACT (CONTACT_NM, PHONE_NO, COMPANY_NM, REG_DT, REG_ID) VALUES ('테스트고객44', '010-0044-0044', '(주)테스트기업3', SYSDATE, 'SYSTEM')

2026-06-04 10:30:46.987 [main] INFO  jdbc.sqlonly - INSERT INTO TB_CONTACT (CONTACT_NM, PHONE_NO, COMPANY_NM, REG_DT, REG_ID) VALUES ('테스트고객45', '010-0045-0045', '(주)테스트기업1', SYSDATE, 'SYSTEM')

2026-06-04 10:30:46.990 [main] INFO  jdbc.sqlonly - INSERT INTO TB_CONTACT (CONTACT_NM, PHONE_NO, COMPANY_NM, REG_DT, REG_ID) VALUES ('테스트고객46', '010-0046-0046', '(주)테스트기업2', SYSDATE, 'SYSTEM')

2026-06-04 10:30:46.993 [main] INFO  jdbc.sqlonly - INSERT INTO TB_CONTACT (CONTACT_NM, PHONE_NO, COMPANY_NM, REG_DT, REG_ID) VALUES ('테스트고객47', '010-0047-0047', '(주)테스트기업3', SYSDATE, 'SYSTEM')

2026-06-04 10:30:46.995 [main] INFO  jdbc.sqlonly - INSERT INTO TB_CONTACT (CONTACT_NM, PHONE_NO, COMPANY_NM, REG_DT, REG_ID) VALUES ('테스트고객48', '010-0048-0048', '(주)테스트기업1', SYSDATE, 'SYSTEM')

2026-06-04 10:30:46.999 [main] INFO  jdbc.sqlonly - INSERT INTO TB_CONTACT (CONTACT_NM, PHONE_NO, COMPANY_NM, REG_DT, REG_ID) VALUES ('테스트고객49', '010-0049-0049', '(주)테스트기업2', SYSDATE, 'SYSTEM')

2026-06-04 10:30:47.002 [main] INFO  jdbc.sqlonly - INSERT INTO TB_CONTACT (CONTACT_NM, PHONE_NO, COMPANY_NM, REG_DT, REG_ID) VALUES ('테스트고객50', '010-0050-0050', '(주)테스트기업3', SYSDATE, 'SYSTEM')

2026-06-04 10:30:47.005 [main] INFO  jdbc.sqlonly - SELECT CONTACT_ID FROM TB_CONTACT

2026-06-04 10:30:47.012 [main] INFO  jdbc.sqlonly - INSERT INTO TB_GROUP_CONTACT_MAP (GROUP_ID, CONTACT_ID, REG_DT) VALUES ('205', '5621', SYSDATE)

2026-06-04 10:30:47.016 [main] INFO  jdbc.sqlonly - INSERT INTO TB_GROUP_CONTACT_MAP (GROUP_ID, CONTACT_ID, REG_DT) VALUES ('204', '5622', SYSDATE)

2026-06-04 10:30:47.020 [main] INFO  jdbc.sqlonly - INSERT INTO TB_GROUP_CONTACT_MAP (GROUP_ID, CONTACT_ID, REG_DT) VALUES ('203', '5623', SYSDATE)

2026-06-04 10:30:47.022 [main] INFO  jdbc.sqlonly - INSERT INTO TB_GROUP_CONTACT_MAP (GROUP_ID, CONTACT_ID, REG_DT) VALUES ('202', '5624', SYSDATE)

2026-06-04 10:30:47.026 [main] INFO  jdbc.sqlonly - INSERT INTO TB_GROUP_CONTACT_MAP (GROUP_ID, CONTACT_ID, REG_DT) VALUES ('201', '5625', SYSDATE)

2026-06-04 10:30:47.028 [main] INFO  jdbc.sqlonly - INSERT INTO TB_GROUP_CONTACT_MAP (GROUP_ID, CONTACT_ID, REG_DT) VALUES ('205', '5626', SYSDATE)

2026-06-04 10:30:47.031 [main] INFO  jdbc.sqlonly - INSERT INTO TB_GROUP_CONTACT_MAP (GROUP_ID, CONTACT_ID, REG_DT) VALUES ('204', '5627', SYSDATE)

2026-06-04 10:30:47.034 [main] INFO  jdbc.sqlonly - INSERT INTO TB_GROUP_CONTACT_MAP (GROUP_ID, CONTACT_ID, REG_DT) VALUES ('203', '5628', SYSDATE)

2026-06-04 10:30:47.037 [main] INFO  jdbc.sqlonly - INSERT INTO TB_GROUP_CONTACT_MAP (GROUP_ID, CONTACT_ID, REG_DT) VALUES ('202', '5629', SYSDATE)

2026-06-04 10:30:47.040 [main] INFO  jdbc.sqlonly - INSERT INTO TB_GROUP_CONTACT_MAP (GROUP_ID, CONTACT_ID, REG_DT) VALUES ('201', '5630', SYSDATE)

2026-06-04 10:30:47.043 [main] INFO  jdbc.sqlonly - INSERT INTO TB_GROUP_CONTACT_MAP (GROUP_ID, CONTACT_ID, REG_DT) VALUES ('205', '5631', SYSDATE)

2026-06-04 10:30:47.046 [main] INFO  jdbc.sqlonly - INSERT INTO TB_GROUP_CONTACT_MAP (GROUP_ID, CONTACT_ID, REG_DT) VALUES ('204', '5632', SYSDATE)

2026-06-04 10:30:47.049 [main] INFO  jdbc.sqlonly - INSERT INTO TB_GROUP_CONTACT_MAP (GROUP_ID, CONTACT_ID, REG_DT) VALUES ('203', '5633', SYSDATE)

2026-06-04 10:30:47.053 [main] INFO  jdbc.sqlonly - INSERT INTO TB_GROUP_CONTACT_MAP (GROUP_ID, CONTACT_ID, REG_DT) VALUES ('202', '5634', SYSDATE)

2026-06-04 10:30:47.055 [main] INFO  jdbc.sqlonly - INSERT INTO TB_GROUP_CONTACT_MAP (GROUP_ID, CONTACT_ID, REG_DT) VALUES ('201', '5635', SYSDATE)

2026-06-04 10:30:47.058 [main] INFO  jdbc.sqlonly - INSERT INTO TB_GROUP_CONTACT_MAP (GROUP_ID, CONTACT_ID, REG_DT) VALUES ('205', '5636', SYSDATE)

2026-06-04 10:30:47.062 [main] INFO  jdbc.sqlonly - INSERT INTO TB_GROUP_CONTACT_MAP (GROUP_ID, CONTACT_ID, REG_DT) VALUES ('204', '5637', SYSDATE)

2026-06-04 10:30:47.065 [main] INFO  jdbc.sqlonly - INSERT INTO TB_GROUP_CONTACT_MAP (GROUP_ID, CONTACT_ID, REG_DT) VALUES ('203', '5638', SYSDATE)

2026-06-04 10:30:47.068 [main] INFO  jdbc.sqlonly - INSERT INTO TB_GROUP_CONTACT_MAP (GROUP_ID, CONTACT_ID, REG_DT) VALUES ('202', '5639', SYSDATE)

2026-06-04 10:30:47.072 [main] INFO  jdbc.sqlonly - INSERT INTO TB_GROUP_CONTACT_MAP (GROUP_ID, CONTACT_ID, REG_DT) VALUES ('201', '5640', SYSDATE)

2026-06-04 10:30:47.075 [main] INFO  jdbc.sqlonly - INSERT INTO TB_GROUP_CONTACT_MAP (GROUP_ID, CONTACT_ID, REG_DT) VALUES ('205', '5641', SYSDATE)

2026-06-04 10:30:47.079 [main] INFO  jdbc.sqlonly - INSERT INTO TB_GROUP_CONTACT_MAP (GROUP_ID, CONTACT_ID, REG_DT) VALUES ('204', '5642', SYSDATE)

2026-06-04 10:30:47.082 [main] INFO  jdbc.sqlonly - INSERT INTO TB_GROUP_CONTACT_MAP (GROUP_ID, CONTACT_ID, REG_DT) VALUES ('203', '5643', SYSDATE)

2026-06-04 10:30:47.085 [main] INFO  jdbc.sqlonly - INSERT INTO TB_GROUP_CONTACT_MAP (GROUP_ID, CONTACT_ID, REG_DT) VALUES ('202', '5644', SYSDATE)

2026-06-04 10:30:47.088 [main] INFO  jdbc.sqlonly - INSERT INTO TB_GROUP_CONTACT_MAP (GROUP_ID, CONTACT_ID, REG_DT) VALUES ('201', '5645', SYSDATE)

2026-06-04 10:30:47.091 [main] INFO  jdbc.sqlonly - INSERT INTO TB_GROUP_CONTACT_MAP (GROUP_ID, CONTACT_ID, REG_DT) VALUES ('205', '5646', SYSDATE)

2026-06-04 10:30:47.094 [main] INFO  jdbc.sqlonly - INSERT INTO TB_GROUP_CONTACT_MAP (GROUP_ID, CONTACT_ID, REG_DT) VALUES ('204', '5647', SYSDATE)

2026-06-04 10:30:47.096 [main] INFO  jdbc.sqlonly - INSERT INTO TB_GROUP_CONTACT_MAP (GROUP_ID, CONTACT_ID, REG_DT) VALUES ('203', '5648', SYSDATE)

2026-06-04 10:30:47.099 [main] INFO  jdbc.sqlonly - INSERT INTO TB_GROUP_CONTACT_MAP (GROUP_ID, CONTACT_ID, REG_DT) VALUES ('202', '5649', SYSDATE)

2026-06-04 10:30:47.103 [main] INFO  jdbc.sqlonly - INSERT INTO TB_GROUP_CONTACT_MAP (GROUP_ID, CONTACT_ID, REG_DT) VALUES ('201', '5650', SYSDATE)

2026-06-04 10:30:47.105 [main] INFO  jdbc.sqlonly - INSERT INTO TB_GROUP_CONTACT_MAP (GROUP_ID, CONTACT_ID, REG_DT) VALUES ('205', '5651', SYSDATE)

2026-06-04 10:30:47.108 [main] INFO  jdbc.sqlonly - INSERT INTO TB_GROUP_CONTACT_MAP (GROUP_ID, CONTACT_ID, REG_DT) VALUES ('204', '5652', SYSDATE)

2026-06-04 10:30:47.111 [main] INFO  jdbc.sqlonly - INSERT INTO TB_GROUP_CONTACT_MAP (GROUP_ID, CONTACT_ID, REG_DT) VALUES ('203', '5653', SYSDATE)

2026-06-04 10:30:47.114 [main] INFO  jdbc.sqlonly - INSERT INTO TB_GROUP_CONTACT_MAP (GROUP_ID, CONTACT_ID, REG_DT) VALUES ('202', '5654', SYSDATE)

2026-06-04 10:30:47.117 [main] INFO  jdbc.sqlonly - INSERT INTO TB_GROUP_CONTACT_MAP (GROUP_ID, CONTACT_ID, REG_DT) VALUES ('201', '5655', SYSDATE)

2026-06-04 10:30:47.121 [main] INFO  jdbc.sqlonly - INSERT INTO TB_GROUP_CONTACT_MAP (GROUP_ID, CONTACT_ID, REG_DT) VALUES ('205', '5656', SYSDATE)

2026-06-04 10:30:47.123 [main] INFO  jdbc.sqlonly - INSERT INTO TB_GROUP_CONTACT_MAP (GROUP_ID, CONTACT_ID, REG_DT) VALUES ('204', '5657', SYSDATE)

2026-06-04 10:30:47.126 [main] INFO  jdbc.sqlonly - INSERT INTO TB_GROUP_CONTACT_MAP (GROUP_ID, CONTACT_ID, REG_DT) VALUES ('203', '5658', SYSDATE)

2026-06-04 10:30:47.130 [main] INFO  jdbc.sqlonly - INSERT INTO TB_GROUP_CONTACT_MAP (GROUP_ID, CONTACT_ID, REG_DT) VALUES ('202', '5659', SYSDATE)

2026-06-04 10:30:47.133 [main] INFO  jdbc.sqlonly - INSERT INTO TB_GROUP_CONTACT_MAP (GROUP_ID, CONTACT_ID, REG_DT) VALUES ('201', '5660', SYSDATE)

2026-06-04 10:30:47.135 [main] INFO  jdbc.sqlonly - INSERT INTO TB_GROUP_CONTACT_MAP (GROUP_ID, CONTACT_ID, REG_DT) VALUES ('205', '5661', SYSDATE)

2026-06-04 10:30:47.139 [main] INFO  jdbc.sqlonly - INSERT INTO TB_GROUP_CONTACT_MAP (GROUP_ID, CONTACT_ID, REG_DT) VALUES ('204', '5662', SYSDATE)

2026-06-04 10:30:47.142 [main] INFO  jdbc.sqlonly - INSERT INTO TB_GROUP_CONTACT_MAP (GROUP_ID, CONTACT_ID, REG_DT) VALUES ('203', '5663', SYSDATE)

2026-06-04 10:30:47.145 [main] INFO  jdbc.sqlonly - INSERT INTO TB_GROUP_CONTACT_MAP (GROUP_ID, CONTACT_ID, REG_DT) VALUES ('202', '5664', SYSDATE)

2026-06-04 10:30:47.149 [main] INFO  jdbc.sqlonly - INSERT INTO TB_GROUP_CONTACT_MAP (GROUP_ID, CONTACT_ID, REG_DT) VALUES ('201', '5665', SYSDATE)

2026-06-04 10:30:47.151 [main] INFO  jdbc.sqlonly - INSERT INTO TB_GROUP_CONTACT_MAP (GROUP_ID, CONTACT_ID, REG_DT) VALUES ('205', '5666', SYSDATE)

2026-06-04 10:30:47.154 [main] INFO  jdbc.sqlonly - INSERT INTO TB_GROUP_CONTACT_MAP (GROUP_ID, CONTACT_ID, REG_DT) VALUES ('204', '5667', SYSDATE)

2026-06-04 10:30:47.157 [main] INFO  jdbc.sqlonly - INSERT INTO TB_GROUP_CONTACT_MAP (GROUP_ID, CONTACT_ID, REG_DT) VALUES ('203', '5668', SYSDATE)

2026-06-04 10:30:47.160 [main] INFO  jdbc.sqlonly - INSERT INTO TB_GROUP_CONTACT_MAP (GROUP_ID, CONTACT_ID, REG_DT) VALUES ('202', '5669', SYSDATE)

2026-06-04 10:30:47.162 [main] INFO  jdbc.sqlonly - INSERT INTO TB_GROUP_CONTACT_MAP (GROUP_ID, CONTACT_ID, REG_DT) VALUES ('201', '5670', SYSDATE)

2026-06-04 10:30:47.166 [main] INFO  jdbc.sqlonly - DELETE FROM TB_MENU_AUTH WHERE MENU_CD IN (SELECT MENU_CD FROM TB_MENU WHERE MENU_URL LIKE '/contact%')

2026-06-04 10:30:47.168 [main] INFO  jdbc.sqlonly - DELETE FROM TB_MENU WHERE MENU_URL LIKE '/contact%'

2026-06-04 10:30:47.169 [main] INFO  jdbc.sqlonly - DELETE FROM TB_MENU_AUTH WHERE MENU_CD IN (SELECT MENU_CD FROM TB_MENU WHERE MENU_URL = '/basic/notice' AND MENU_CD != 'M_BASIC_NOTICE')

2026-06-04 10:30:47.171 [main] INFO  jdbc.sqlonly - DELETE FROM TB_MENU WHERE MENU_URL = '/basic/notice' AND MENU_CD != 'M_BASIC_NOTICE'

2026-06-04 10:30:47.173 [main] INFO  jdbc.sqlonly - DELETE FROM TB_MENU_AUTH WHERE MENU_CD IN (SELECT MENU_CD FROM TB_MENU WHERE MENU_NM = 'SMS발송조회' AND MENU_CD != 'M_SMS_SEND')

2026-06-04 10:30:47.174 [main] INFO  jdbc.sqlonly - DELETE FROM TB_MENU WHERE MENU_NM = 'SMS발송조회' AND MENU_CD != 'M_SMS_SEND'

2026-06-04 10:30:47.175 [main] INFO  jdbc.sqlonly - DELETE FROM TB_MENU_AUTH WHERE MENU_CD IN (SELECT MENU_CD FROM TB_MENU WHERE MENU_NM = '메세지 발송 이력 조회')

2026-06-04 10:30:47.176 [main] INFO  jdbc.sqlonly - DELETE FROM TB_MENU WHERE MENU_NM = '메세지 발송 이력 조회'

2026-06-04 10:30:47.177 [main] INFO  jdbc.sqlonly - DELETE FROM TB_MENU_AUTH WHERE MENU_CD IN (SELECT MENU_CD FROM TB_MENU WHERE MENU_NM = '발송 이력(엔진 테스트)')

2026-06-04 10:30:47.178 [main] INFO  jdbc.sqlonly - DELETE FROM TB_MENU WHERE MENU_NM = '발송 이력(엔진 테스트)'

2026-06-04 10:30:47.179 [main] INFO  jdbc.sqlonly - DELETE FROM TB_MENU_AUTH WHERE MENU_CD IN (SELECT MENU_CD FROM TB_MENU WHERE MENU_NM = 'SMS 발송조회')

2026-06-04 10:30:47.179 [main] INFO  jdbc.sqlonly - DELETE FROM TB_MENU WHERE MENU_NM = 'SMS 발송조회'

2026-06-04 10:30:47.180 [main] INFO  jdbc.sqlonly - DELETE FROM TB_MENU_AUTH WHERE MENU_CD IN (SELECT MENU_CD FROM TB_MENU WHERE MENU_URL LIKE '/basic/motice')

2026-06-04 10:30:47.182 [main] INFO  jdbc.sqlonly - DELETE FROM TB_MENU WHERE MENU_URL LIKE '/basic/motice'

2026-06-04 10:30:47.183 [main] INFO  jdbc.sqlonly - SELECT COUNT(1) FROM TB_MENU WHERE MENU_CD = 'M_BASIC'

2026-06-04 10:30:47.184 [main] INFO  jdbc.sqlonly - SELECT COUNT(1) FROM TB_MENU WHERE MENU_CD = 'M_SMS_SEND'

2026-06-04 10:30:47.186 [main] INFO  jdbc.sqlonly - SELECT COUNT(1) FROM TB_MENU WHERE MENU_CD = 'M_CAMPAIGN'

2026-06-04 10:30:47.187 [main] INFO  jdbc.sqlonly - SELECT COUNT(1) FROM TB_MENU WHERE MENU_CD = 'M_SYSTEM'

2026-06-04 10:30:47.188 [main] INFO  jdbc.sqlonly - SELECT COUNT(1) FROM TB_MENU WHERE MENU_CD = 'M_ACCOUNT'

2026-06-04 10:30:47.189 [main] INFO  jdbc.sqlonly - SELECT COUNT(1) FROM TB_MENU WHERE MENU_CD = 'M_STAT'

2026-06-04 10:30:47.192 [main] INFO  jdbc.sqlonly - UPDATE TB_MENU SET SORT_ORD = 1 WHERE MENU_CD = 'M_BASIC'

2026-06-04 10:30:47.195 [main] INFO  jdbc.sqlonly - UPDATE TB_MENU SET SORT_ORD = 2 WHERE MENU_CD = 'M_SMS_SEND'

2026-06-04 10:30:47.197 [main] INFO  jdbc.sqlonly - UPDATE TB_MENU SET SORT_ORD = 3 WHERE MENU_CD = 'M_CAMPAIGN'

2026-06-04 10:30:47.201 [main] INFO  jdbc.sqlonly - UPDATE TB_MENU SET SORT_ORD = 4 WHERE MENU_CD = 'M_SYSTEM'

2026-06-04 10:30:47.203 [main] INFO  jdbc.sqlonly - UPDATE TB_MENU SET SORT_ORD = 5 WHERE MENU_CD = 'M_ACCOUNT'

2026-06-04 10:30:47.207 [main] INFO  jdbc.sqlonly - UPDATE TB_MENU SET SORT_ORD = 6 WHERE MENU_CD = 'M_STAT'

2026-06-04 10:30:47.210 [main] INFO  jdbc.sqlonly - SELECT COUNT(1) FROM TB_MENU WHERE MENU_CD = 'M_BASIC_NOTICE'

2026-06-04 10:30:47.211 [main] INFO  jdbc.sqlonly - SELECT COUNT(1) FROM TB_MENU WHERE MENU_CD = 'M_BASIC_MSG'

2026-06-04 10:30:47.212 [main] INFO  jdbc.sqlonly - SELECT COUNT(1) FROM TB_MENU WHERE MENU_CD = 'M_BASIC_MFA'

2026-06-04 10:30:47.213 [main] INFO  jdbc.sqlonly - SELECT COUNT(1) FROM TB_MENU WHERE MENU_CD = 'M_BASIC_CURRENCY'

2026-06-04 10:30:47.215 [main] INFO  jdbc.sqlonly - SELECT COUNT(1) FROM TB_MENU WHERE MENU_CD = 'M_SMS_HISTORY'

2026-06-04 10:30:47.216 [main] INFO  jdbc.sqlonly - SELECT COUNT(1) FROM TB_MENU WHERE MENU_CD = 'M_SMS_CUSTOMER'

2026-06-04 10:30:47.217 [main] INFO  jdbc.sqlonly - SELECT COUNT(1) FROM TB_MENU WHERE MENU_CD = 'M_SMS_SSN'

2026-06-04 10:30:47.219 [main] INFO  jdbc.sqlonly - SELECT COUNT(1) FROM TB_MENU WHERE MENU_CD = 'M_CAMP_TARGET'

2026-06-04 10:30:47.220 [main] INFO  jdbc.sqlonly - SELECT COUNT(1) FROM TB_MENU WHERE MENU_CD = 'M_CAMP_APRV'

2026-06-04 10:30:47.221 [main] INFO  jdbc.sqlonly - SELECT COUNT(1) FROM TB_MENU WHERE MENU_CD = 'M_CAMP_SMS_REG'

2026-06-04 10:30:47.222 [main] INFO  jdbc.sqlonly - SELECT COUNT(1) FROM TB_MENU WHERE MENU_CD = 'M_CAMP_LMS_REG'

2026-06-04 10:30:47.223 [main] INFO  jdbc.sqlonly - SELECT COUNT(1) FROM TB_MENU WHERE MENU_CD = 'M_CAMP_ALM_REG'

2026-06-04 10:30:47.224 [main] INFO  jdbc.sqlonly - SELECT COUNT(1) FROM TB_MENU WHERE MENU_CD = 'M_CAMP_SMS_APR'

2026-06-04 10:30:47.224 [main] INFO  jdbc.sqlonly - SELECT COUNT(1) FROM TB_MENU WHERE MENU_CD = 'M_CAMP_LMS_APR'

2026-06-04 10:30:47.225 [main] INFO  jdbc.sqlonly - SELECT COUNT(1) FROM TB_MENU WHERE MENU_CD = 'M_CAMP_ALM_APR'

2026-06-04 10:30:47.226 [main] INFO  jdbc.sqlonly - SELECT COUNT(1) FROM TB_MENU WHERE MENU_CD = 'M_CAMP_SMS_HIST'

2026-06-04 10:30:47.227 [main] INFO  jdbc.sqlonly - SELECT COUNT(1) FROM TB_MENU WHERE MENU_CD = 'M_CAMP_LMS_HIST'

2026-06-04 10:30:47.228 [main] INFO  jdbc.sqlonly - SELECT COUNT(1) FROM TB_MENU WHERE MENU_CD = 'M_CAMP_ALM_HIST'

2026-06-04 10:30:47.229 [main] INFO  jdbc.sqlonly - SELECT COUNT(1) FROM TB_MENU WHERE MENU_CD = 'M_SYS_DEPT'

2026-06-04 10:30:47.230 [main] INFO  jdbc.sqlonly - SELECT COUNT(1) FROM TB_MENU WHERE MENU_CD = 'M_SYS_MSG'

2026-06-04 10:30:47.231 [main] INFO  jdbc.sqlonly - SELECT COUNT(1) FROM TB_MENU WHERE MENU_CD = 'M_SYS_KAKAO'

2026-06-04 10:30:47.233 [main] INFO  jdbc.sqlonly - SELECT COUNT(1) FROM TB_MENU WHERE MENU_CD = 'M_SYS_AD'

2026-06-04 10:30:47.234 [main] INFO  jdbc.sqlonly - SELECT COUNT(1) FROM TB_MENU WHERE MENU_CD = 'M_SYS_TIME'

2026-06-04 10:30:47.236 [main] INFO  jdbc.sqlonly - SELECT COUNT(1) FROM TB_MENU WHERE MENU_CD = 'M_MENU_MNG'

2026-06-04 10:30:47.237 [main] INFO  jdbc.sqlonly - SELECT COUNT(1) FROM TB_MENU WHERE MENU_CD = 'M_ACCT_USER'

2026-06-04 10:30:47.238 [main] INFO  jdbc.sqlonly - SELECT COUNT(1) FROM TB_MENU WHERE MENU_CD = 'M_STAT_MKTG'

2026-06-04 10:30:49.128 [http-nio-8080-exec-1] INFO  o.a.c.c.C.[Tomcat].[localhost].[/] - Initializing Spring DispatcherServlet 'dispatcherServlet'
2026-06-04 10:30:49.128 [http-nio-8080-exec-1] INFO  o.s.web.servlet.DispatcherServlet - Initializing Servlet 'dispatcherServlet'
2026-06-04 10:30:49.130 [http-nio-8080-exec-1] INFO  o.s.web.servlet.DispatcherServlet - Completed initialization in 2 ms
2026-06-04 10:30:50.726 [http-nio-8080-exec-5] DEBUG c.e.s.mapper.EmployeeMapper.findById - ==>  Preparing: SELECT e.EMP_ID, e.EMP_NAME, e.DEPT_ID, d.DEPT_NM, e.USE_YN, e.USER_ROLE, e.AUTH_READ, e.AUTH_APPROVE, e.AUTH_CAMPAIGN, e.LAST_LOGIN_IP, e.LAST_LOGIN_TIME, e.CREATED_AT, e.UPDATED_AT FROM EMPLOYEE e LEFT JOIN TB_DEPT d ON e.DEPT_ID = d.DEPT_ID WHERE e.EMP_ID = ?
2026-06-04 10:30:50.736 [http-nio-8080-exec-5] DEBUG c.e.s.mapper.EmployeeMapper.findById - ==> Parameters: admin(String)
2026-06-04 10:30:50.736 [http-nio-8080-exec-5] INFO  jdbc.sqlonly - SELECT
            e.EMP_ID, e.EMP_NAME, e.DEPT_ID, d.DEPT_NM, e.USE_YN, e.USER_ROLE,
            e.AUTH_READ, e.AUTH_APPROVE, e.AUTH_CAMPAIGN,
            e.LAST_LOGIN_IP, e.LAST_LOGIN_TIME, e.CREATED_AT, e.UPDATED_AT
        FROM EMPLOYEE e
        LEFT JOIN TB_DEPT d ON e.DEPT_ID = d.DEPT_ID
        WHERE e.EMP_ID = 'admin'

2026-06-04 10:30:50.757 [http-nio-8080-exec-5] DEBUG c.e.s.mapper.EmployeeMapper.findById - <==      Total: 1
2026-06-04 10:30:50.762 [http-nio-8080-exec-5] DEBUG c.e.s.m.M.selectMenusByAuthCode - ==>  Preparing: SELECT A.MENU_CD, A.MENU_NM, A.MENU_URL, A.UP_MENU_CD, A.SORT_ORD, A.USE_YN FROM TB_MENU A INNER JOIN TB_MENU_AUTH B ON A.MENU_CD = B.MENU_CD WHERE A.USE_YN = 'Y' AND B.AUTH_CD = ? ORDER BY A.UP_MENU_CD ASC NULLS FIRST, A.SORT_ORD ASC
2026-06-04 10:30:50.762 [http-nio-8080-exec-5] DEBUG c.e.s.m.M.selectMenusByAuthCode - ==> Parameters: ROLE_ADMIN(String)
2026-06-04 10:30:50.762 [http-nio-8080-exec-5] INFO  jdbc.sqlonly - SELECT 
            A.MENU_CD,
            A.MENU_NM,
            A.MENU_URL,
            A.UP_MENU_CD,
            A.SORT_ORD,
            A.USE_YN
        FROM TB_MENU A
        INNER JOIN TB_MENU_AUTH B ON A.MENU_CD = B.MENU_CD
        WHERE A.USE_YN = 'Y'
          AND B.AUTH_CD = 'ROLE_ADMIN'
        ORDER BY A.UP_MENU_CD ASC NULLS FIRST, A.SORT_ORD ASC

2026-06-04 10:30:50.774 [http-nio-8080-exec-5] DEBUG c.e.s.m.M.selectMenusByAuthCode - <==      Total: 43
2026-06-04 10:30:50.776 [http-nio-8080-exec-5] DEBUG c.e.s.m.E.updateLastLogin - ==>  Preparing: UPDATE EMPLOYEE SET LAST_LOGIN_TIME = CURRENT_TIMESTAMP, LAST_LOGIN_IP = ?, UPDATED_AT = CURRENT_TIMESTAMP WHERE EMP_ID = ?
2026-06-04 10:30:50.776 [http-nio-8080-exec-5] DEBUG c.e.s.m.E.updateLastLogin - ==> Parameters: 0:0:0:0:0:0:0:1(String), admin(String)
2026-06-04 10:30:50.776 [http-nio-8080-exec-5] INFO  jdbc.sqlonly - UPDATE EMPLOYEE
        SET LAST_LOGIN_TIME = CURRENT_TIMESTAMP,
            LAST_LOGIN_IP   = '0:0:0:0:0:0:0:1',
            UPDATED_AT      = CURRENT_TIMESTAMP
        WHERE EMP_ID = 'admin'

2026-06-04 10:30:50.780 [http-nio-8080-exec-5] DEBUG c.e.s.m.E.updateLastLogin - <==    Updates: 1
2026-06-04 10:30:51.473 [http-nio-8080-exec-3] DEBUG c.e.s.m.D.selectKpiSummary - ==>  Preparing: SELECT 1204500 AS totalSendCount, 98.5 AS successRate, 12400 AS failCount, 3500000 AS estimatedCost FROM DUAL
2026-06-04 10:30:51.475 [http-nio-8080-exec-3] DEBUG c.e.s.m.D.selectKpiSummary - ==> Parameters: 
2026-06-04 10:30:51.475 [http-nio-8080-exec-3] INFO  jdbc.sqlonly - SELECT 
            1204500 AS totalSendCount,
            98.5 AS successRate,
            12400 AS failCount,
            3500000 AS estimatedCost
        FROM DUAL

2026-06-04 10:30:51.485 [http-nio-8080-exec-3] DEBUG c.e.s.m.D.selectKpiSummary - <==      Total: 1
2026-06-04 10:30:51.486 [http-nio-8080-exec-3] DEBUG c.e.s.m.D.selectWeeklyTrend - ==>  Preparing: SELECT '월요일' AS dayOfWeek, 240000 AS sendCount, 80 AS percentage FROM DUAL UNION ALL SELECT '화요일' AS dayOfWeek, 180500 AS sendCount, 60 AS percentage FROM DUAL UNION ALL SELECT '수요일' AS dayOfWeek, 310200 AS sendCount, 95 AS percentage FROM DUAL UNION ALL SELECT '목요일' AS dayOfWeek, 150000 AS sendCount, 50 AS percentage FROM DUAL UNION ALL SELECT '금요일' AS dayOfWeek, 290000 AS sendCount, 85 AS percentage FROM DUAL
2026-06-04 10:30:51.487 [http-nio-8080-exec-3] DEBUG c.e.s.m.D.selectWeeklyTrend - ==> Parameters: 
2026-06-04 10:30:51.487 [http-nio-8080-exec-3] INFO  jdbc.sqlonly - SELECT '월요일' AS dayOfWeek, 240000 AS sendCount, 80 AS percentage FROM DUAL UNION ALL
        SELECT '화요일' AS dayOfWeek, 180500 AS sendCount, 60 AS percentage FROM DUAL UNION ALL
        SELECT '수요일' AS dayOfWeek, 310200 AS sendCount, 95 AS percentage FROM DUAL UNION ALL
        SELECT '목요일' AS dayOfWeek, 150000 AS sendCount, 50 AS percentage FROM DUAL UNION ALL
        SELECT '금요일' AS dayOfWeek, 290000 AS sendCount, 85 AS percentage FROM DUAL

2026-06-04 10:30:51.491 [http-nio-8080-exec-3] DEBUG c.e.s.m.D.selectWeeklyTrend - <==      Total: 5
2026-06-04 10:30:51.492 [http-nio-8080-exec-3] DEBUG c.e.s.m.D.selectChannelRatio - ==>  Preparing: SELECT '단문 (SMS)' AS channelName, 65.0 AS ratio, 'bg-primary' AS colorClass FROM DUAL UNION ALL SELECT '장문 (LMS)' AS channelName, 20.5 AS ratio, 'bg-success' AS colorClass FROM DUAL UNION ALL SELECT '알림톡' AS channelName, 10.0 AS ratio, 'bg-warning' AS colorClass FROM DUAL UNION ALL SELECT 'MMS (이미지)' AS channelName, 4.5 AS ratio, 'bg-danger' AS colorClass FROM DUAL
2026-06-04 10:30:51.492 [http-nio-8080-exec-3] DEBUG c.e.s.m.D.selectChannelRatio - ==> Parameters: 
2026-06-04 10:30:51.493 [http-nio-8080-exec-3] INFO  jdbc.sqlonly - SELECT '단문 (SMS)' AS channelName, 65.0 AS ratio, 'bg-primary' AS colorClass FROM DUAL UNION ALL
        SELECT '장문 (LMS)' AS channelName, 20.5 AS ratio, 'bg-success' AS colorClass FROM DUAL UNION ALL
        SELECT '알림톡' AS channelName, 10.0 AS ratio, 'bg-warning' AS colorClass FROM DUAL UNION ALL
        SELECT 'MMS (이미지)' AS channelName, 4.5 AS ratio, 'bg-danger' AS colorClass FROM DUAL

2026-06-04 10:30:51.496 [http-nio-8080-exec-3] DEBUG c.e.s.m.D.selectChannelRatio - <==      Total: 4
2026-06-04 10:30:51.497 [http-nio-8080-exec-3] DEBUG c.e.s.m.D.selectRecentFailLogs - ==>  Preparing: SELECT '2026-06-01 13:42:11' AS failDate, 'SMS' AS sendType, '010-****-1234' AS receiverNo, 'ERR_001' AS errorCode, '결번 / 없는 번호 (통신사 반환)' AS failReason FROM DUAL UNION ALL SELECT '2026-06-01 13:10:05' AS failDate, 'LMS' AS sendType, '010-****-5678' AS receiverNo, 'ERR_042' AS errorCode, '수신자 단말기 전원 꺼짐 (TimeOut)' AS failReason FROM DUAL UNION ALL SELECT '2026-06-01 12:55:30' AS failDate, 'ALIMTALK' AS sendType, '010-****-9999' AS receiverNo, 'ERR_K01' AS errorCode, '카카오톡 채널 차단 고객' AS failReason FROM DUAL UNION ALL SELECT '2026-06-01 11:20:44' AS failDate, 'SMS' AS sendType, '010-****-1111' AS receiverNo, 'ERR_003' AS errorCode, '통신사 스팸 필터링 차단' AS failReason FROM DUAL UNION ALL SELECT '2026-06-01 09:05:12' AS failDate, 'MMS' AS sendType, '010-****-2222' AS receiverNo, 'ERR_099' AS errorCode, '첨부 이미지 용량 초과 (300KB 제한)' AS failReason FROM DUAL
2026-06-04 10:30:51.497 [http-nio-8080-exec-3] DEBUG c.e.s.m.D.selectRecentFailLogs - ==> Parameters: 
2026-06-04 10:30:51.498 [http-nio-8080-exec-3] INFO  jdbc.sqlonly - SELECT '2026-06-01 13:42:11' AS failDate, 'SMS' AS sendType, '010-****-1234' AS receiverNo, 'ERR_001' AS errorCode, '결번 / 없는 번호 (통신사 반환)' AS failReason FROM DUAL UNION ALL
        SELECT '2026-06-01 13:10:05' AS failDate, 'LMS' AS sendType, '010-****-5678' AS receiverNo, 'ERR_042' AS errorCode, '수신자 단말기 전원 꺼짐 (TimeOut)' AS failReason FROM DUAL UNION ALL
        SELECT '2026-06-01 12:55:30' AS failDate, 'ALIMTALK' AS sendType, '010-****-9999' AS receiverNo, 'ERR_K01' AS errorCode, '카카오톡 채널 차단 고객' AS failReason FROM DUAL UNION ALL
        SELECT '2026-06-01 11:20:44' AS failDate, 'SMS' AS sendType, '010-****-1111' AS receiverNo, 'ERR_003' AS errorCode, '통신사 스팸 필터링 차단' AS failReason FROM DUAL UNION ALL
        SELECT '2026-06-01 09:05:12' AS failDate, 'MMS' AS sendType, '010-****-2222' AS receiverNo, 'ERR_099' AS errorCode, '첨부 이미지 용량 초과 (300KB 제한)' AS failReason FROM DUAL

2026-06-04 10:30:51.502 [http-nio-8080-exec-3] DEBUG c.e.s.m.D.selectRecentFailLogs - <==      Total: 5
2026-06-04 10:30:55.481 [http-nio-8080-exec-2] DEBUG c.e.s.m.MenuMapper.countAuthForUrl - ==>  Preparing: SELECT COUNT(1) FROM TB_MENU A INNER JOIN TB_MENU_AUTH B ON A.MENU_CD = B.MENU_CD WHERE A.USE_YN = 'Y' AND A.MENU_URL = ? AND B.AUTH_CD = ?
2026-06-04 10:30:55.482 [http-nio-8080-exec-2] DEBUG c.e.s.m.MenuMapper.countAuthForUrl - ==> Parameters: /sms/history(String), ROLE_ADMIN(String)
2026-06-04 10:30:55.482 [http-nio-8080-exec-2] INFO  jdbc.sqlonly - SELECT COUNT(1)
        FROM TB_MENU A
        INNER JOIN TB_MENU_AUTH B ON A.MENU_CD = B.MENU_CD
        WHERE A.USE_YN = 'Y'
          AND A.MENU_URL = '/sms/history'
          AND B.AUTH_CD = 'ROLE_ADMIN'

2026-06-04 10:30:55.488 [http-nio-8080-exec-2] DEBUG c.e.s.m.MenuMapper.countAuthForUrl - <==      Total: 1
2026-06-04 10:30:55.655 [http-nio-8080-exec-9] DEBUG c.e.s.m.MenuMapper.countAuthForUrl - ==>  Preparing: SELECT COUNT(1) FROM TB_MENU A INNER JOIN TB_MENU_AUTH B ON A.MENU_CD = B.MENU_CD WHERE A.USE_YN = 'Y' AND A.MENU_URL = ? AND B.AUTH_CD = ?
2026-06-04 10:30:55.655 [http-nio-8080-exec-9] DEBUG c.e.s.m.MenuMapper.countAuthForUrl - ==> Parameters: /sms/history(String), ROLE_ADMIN(String)
2026-06-04 10:30:55.655 [http-nio-8080-exec-9] INFO  jdbc.sqlonly - SELECT COUNT(1)
        FROM TB_MENU A
        INNER JOIN TB_MENU_AUTH B ON A.MENU_CD = B.MENU_CD
        WHERE A.USE_YN = 'Y'
          AND A.MENU_URL = '/sms/history'
          AND B.AUTH_CD = 'ROLE_ADMIN'

2026-06-04 10:30:55.658 [http-nio-8080-exec-9] DEBUG c.e.s.m.MenuMapper.countAuthForUrl - <==      Total: 1
2026-06-04 10:30:55.658 [http-nio-8080-exec-4] DEBUG c.e.s.m.C.selectActiveDepartments - ==>  Preparing: SELECT DEPT_ID AS code, DEPT_NM AS name FROM TB_DEPT ORDER BY DEPT_NM ASC
2026-06-04 10:30:55.659 [http-nio-8080-exec-4] DEBUG c.e.s.m.C.selectActiveDepartments - ==> Parameters: 
2026-06-04 10:30:55.659 [http-nio-8080-exec-4] INFO  jdbc.sqlonly - SELECT DEPT_ID AS code, DEPT_NM AS name
        FROM TB_DEPT
        ORDER BY DEPT_NM ASC

2026-06-04 10:30:55.662 [http-nio-8080-exec-4] DEBUG c.e.s.m.C.selectActiveDepartments - <==      Total: 3
2026-06-04 10:30:55.678 [http-nio-8080-exec-9] DEBUG c.e.s.m.P.insertAuditLog - ==>  Preparing: INSERT INTO TB_PRIVACY_AUDIT_LOG ( executor_id, executor_ip, request_url, action_type, target_data ) VALUES ( ?, ?, ?, ?, ? )
2026-06-04 10:30:55.678 [http-nio-8080-exec-9] DEBUG c.e.s.m.P.insertAuditLog - ==> Parameters: admin(String), 0:0:0:0:0:0:0:1(String), /sms/history/data(String), SMS 발송내역 조회 (수신번호·메세지 포함)(String), [{"page":1,"size":10,"keyword":null,"searchType":null,"startDateTime":"202606040000","endDateTime":"202606042359","sendStatus":"","receiverNo":"","sendType":"","offset":0}](String)
2026-06-04 10:30:55.679 [http-nio-8080-exec-9] INFO  jdbc.sqlonly - INSERT INTO TB_PRIVACY_AUDIT_LOG (
            executor_id,
            executor_ip,
            request_url,
            action_type,
            target_data
        ) VALUES (
            'admin',
            '0:0:0:0:0:0:0:1',
            '/sms/history/data',
            'SMS 발송내역 조회 (수신번호·메세지 포함)',
            '[{"page":1,"size":10,"keyword":null,"searchType":null,"startDateTime":"202606040000","endDateTime":"202606042359","sendStatus":"","receiverNo":"","sendType":"","offset":0}]'
        )

2026-06-04 10:30:55.684 [http-nio-8080-exec-9] DEBUG c.e.s.m.P.insertAuditLog - <==    Updates: 1
2026-06-04 10:30:55.705 [http-nio-8080-exec-9] DEBUG c.e.s.m.sms.SmsHistoryMapper.count - ==>  Preparing: SELECT COUNT(1) FROM SMS_HISTORY WHERE SENT_AT >= TO_TIMESTAMP(REPLACE(?, 'T', ' '), 'YYYY-MM-DD HH24:MI') AND SENT_AT <= TO_TIMESTAMP(REPLACE(?, 'T', ' '), 'YYYY-MM-DD HH24:MI')
2026-06-04 10:30:55.706 [http-nio-8080-exec-9] DEBUG c.e.s.m.sms.SmsHistoryMapper.count - ==> Parameters: 202606040000(String), 202606042359(String)
2026-06-04 10:30:55.706 [http-nio-8080-exec-9] INFO  jdbc.sqlonly - SELECT COUNT(1) FROM SMS_HISTORY

         WHERE  SENT_AT >= TO_TIMESTAMP(REPLACE('202606040000', 'T', ' '), 'YYYY-MM-DD HH24:MI')
                AND SENT_AT <= TO_TIMESTAMP(REPLACE('202606042359',   'T', ' '), 'YYYY-MM-DD HH24:MI')

2026-06-04 10:30:55.713 [http-nio-8080-exec-9] DEBUG c.e.s.m.sms.SmsHistoryMapper.count - <==      Total: 1
2026-06-04 10:30:55.714 [http-nio-8080-exec-9] DEBUG c.e.s.m.s.S.selectList - ==>  Preparing: SELECT h.ID, h.CAMPAIGN_NAME, h.SEND_TYPE, h.SENDER_NO, h.RECEIVER_NO, h.MESSAGE, h.SEND_STATUS, h.RESEND_YN, h.RESULT_CODE, h.RESULT_MESSAGE, (SELECT sl.TELECOM FROM SMS_SEND_LOG sl WHERE sl.RECEIVER_NO = h.RECEIVER_NO AND ROWNUM = 1) AS telecom, h.RESERVED_AT, h.SENT_AT, h.CREATED_AT, h.UPDATED_AT FROM SMS_HISTORY h WHERE SENT_AT >= TO_TIMESTAMP(REPLACE(?, 'T', ' '), 'YYYY-MM-DD HH24:MI') AND SENT_AT <= TO_TIMESTAMP(REPLACE(?, 'T', ' '), 'YYYY-MM-DD HH24:MI') ORDER BY h.SENT_AT DESC, h.ID DESC OFFSET ? ROWS FETCH NEXT ? ROWS ONLY
2026-06-04 10:30:55.715 [http-nio-8080-exec-9] DEBUG c.e.s.m.s.S.selectList - ==> Parameters: 202606040000(String), 202606042359(String), 0(Integer), 10(Integer)
2026-06-04 10:30:55.716 [http-nio-8080-exec-9] INFO  jdbc.sqlonly - SELECT
            h.ID, h.CAMPAIGN_NAME, h.SEND_TYPE, h.SENDER_NO, h.RECEIVER_NO,
            h.MESSAGE, h.SEND_STATUS, h.RESEND_YN, h.RESULT_CODE, h.RESULT_MESSAGE,
            (SELECT sl.TELECOM FROM SMS_SEND_LOG sl
             WHERE sl.RECEIVER_NO = h.RECEIVER_NO AND ROWNUM = 1) AS telecom,
            h.RESERVED_AT, h.SENT_AT, h.CREATED_AT, h.UPDATED_AT
        FROM SMS_HISTORY h

         WHERE  SENT_AT >= TO_TIMESTAMP(REPLACE('202606040000', 'T', ' '), 'YYYY-MM-DD HH24:MI')
                AND SENT_AT <= TO_TIMESTAMP(REPLACE('202606042359',   'T', ' '), 'YYYY-MM-DD HH24:MI') 

        ORDER BY h.SENT_AT DESC, h.ID DESC
        OFFSET 0 ROWS FETCH NEXT 10 ROWS ONLY

2026-06-04 10:30:55.731 [http-nio-8080-exec-9] DEBUG c.e.s.m.s.S.selectList - <==      Total: 0
2026-06-04 10:54:01.782 [HikariPool-1 housekeeper] WARN  com.zaxxer.hikari.pool.HikariPool - HikariPool-1 - Thread starvation or clock leap detected (housekeeper delta=7m14s942ms21µs200ns).
2026-06-04 11:11:37.998 [http-nio-8080-exec-6] DEBUG c.e.s.mapper.EmployeeMapper.findById - ==>  Preparing: SELECT e.EMP_ID, e.EMP_NAME, e.DEPT_ID, d.DEPT_NM, e.USE_YN, e.USER_ROLE, e.AUTH_READ, e.AUTH_APPROVE, e.AUTH_CAMPAIGN, e.LAST_LOGIN_IP, e.LAST_LOGIN_TIME, e.CREATED_AT, e.UPDATED_AT FROM EMPLOYEE e LEFT JOIN TB_DEPT d ON e.DEPT_ID = d.DEPT_ID WHERE e.EMP_ID = ?
2026-06-04 11:11:37.999 [http-nio-8080-exec-6] DEBUG c.e.s.mapper.EmployeeMapper.findById - ==> Parameters: admin(String)
2026-06-04 11:11:37.999 [http-nio-8080-exec-6] INFO  jdbc.sqlonly - SELECT
            e.EMP_ID, e.EMP_NAME, e.DEPT_ID, d.DEPT_NM, e.USE_YN, e.USER_ROLE,
            e.AUTH_READ, e.AUTH_APPROVE, e.AUTH_CAMPAIGN,
            e.LAST_LOGIN_IP, e.LAST_LOGIN_TIME, e.CREATED_AT, e.UPDATED_AT
        FROM EMPLOYEE e
        LEFT JOIN TB_DEPT d ON e.DEPT_ID = d.DEPT_ID
        WHERE e.EMP_ID = 'admin'

2026-06-04 11:11:38.006 [http-nio-8080-exec-6] DEBUG c.e.s.mapper.EmployeeMapper.findById - <==      Total: 1
2026-06-04 11:11:38.007 [http-nio-8080-exec-6] DEBUG c.e.s.m.M.selectMenusByAuthCode - ==>  Preparing: SELECT A.MENU_CD, A.MENU_NM, A.MENU_URL, A.UP_MENU_CD, A.SORT_ORD, A.USE_YN FROM TB_MENU A INNER JOIN TB_MENU_AUTH B ON A.MENU_CD = B.MENU_CD WHERE A.USE_YN = 'Y' AND B.AUTH_CD = ? ORDER BY A.UP_MENU_CD ASC NULLS FIRST, A.SORT_ORD ASC
2026-06-04 11:11:38.007 [http-nio-8080-exec-6] DEBUG c.e.s.m.M.selectMenusByAuthCode - ==> Parameters: ROLE_ADMIN(String)
2026-06-04 11:11:38.007 [http-nio-8080-exec-6] INFO  jdbc.sqlonly - SELECT 
            A.MENU_CD,
            A.MENU_NM,
            A.MENU_URL,
            A.UP_MENU_CD,
            A.SORT_ORD,
            A.USE_YN
        FROM TB_MENU A
        INNER JOIN TB_MENU_AUTH B ON A.MENU_CD = B.MENU_CD
        WHERE A.USE_YN = 'Y'
          AND B.AUTH_CD = 'ROLE_ADMIN'
        ORDER BY A.UP_MENU_CD ASC NULLS FIRST, A.SORT_ORD ASC

2026-06-04 11:11:38.020 [http-nio-8080-exec-6] DEBUG c.e.s.m.M.selectMenusByAuthCode - <==      Total: 43
2026-06-04 11:11:38.021 [http-nio-8080-exec-6] DEBUG c.e.s.m.E.updateLastLogin - ==>  Preparing: UPDATE EMPLOYEE SET LAST_LOGIN_TIME = CURRENT_TIMESTAMP, LAST_LOGIN_IP = ?, UPDATED_AT = CURRENT_TIMESTAMP WHERE EMP_ID = ?
2026-06-04 11:11:38.021 [http-nio-8080-exec-6] DEBUG c.e.s.m.E.updateLastLogin - ==> Parameters: 0:0:0:0:0:0:0:1(String), admin(String)
2026-06-04 11:11:38.021 [http-nio-8080-exec-6] INFO  jdbc.sqlonly - UPDATE EMPLOYEE
        SET LAST_LOGIN_TIME = CURRENT_TIMESTAMP,
            LAST_LOGIN_IP   = '0:0:0:0:0:0:0:1',
            UPDATED_AT      = CURRENT_TIMESTAMP
        WHERE EMP_ID = 'admin'

2026-06-04 11:11:38.026 [http-nio-8080-exec-6] DEBUG c.e.s.m.E.updateLastLogin - <==    Updates: 1
2026-06-04 11:11:38.285 [http-nio-8080-exec-1] DEBUG c.e.s.m.D.selectKpiSummary - ==>  Preparing: SELECT 1204500 AS totalSendCount, 98.5 AS successRate, 12400 AS failCount, 3500000 AS estimatedCost FROM DUAL
2026-06-04 11:11:38.286 [http-nio-8080-exec-1] DEBUG c.e.s.m.D.selectKpiSummary - ==> Parameters: 
2026-06-04 11:11:38.286 [http-nio-8080-exec-1] INFO  jdbc.sqlonly - SELECT 
            1204500 AS totalSendCount,
            98.5 AS successRate,
            12400 AS failCount,
            3500000 AS estimatedCost
        FROM DUAL

2026-06-04 11:11:38.289 [http-nio-8080-exec-1] DEBUG c.e.s.m.D.selectKpiSummary - <==      Total: 1
2026-06-04 11:11:38.290 [http-nio-8080-exec-1] DEBUG c.e.s.m.D.selectWeeklyTrend - ==>  Preparing: SELECT '월요일' AS dayOfWeek, 240000 AS sendCount, 80 AS percentage FROM DUAL UNION ALL SELECT '화요일' AS dayOfWeek, 180500 AS sendCount, 60 AS percentage FROM DUAL UNION ALL SELECT '수요일' AS dayOfWeek, 310200 AS sendCount, 95 AS percentage FROM DUAL UNION ALL SELECT '목요일' AS dayOfWeek, 150000 AS sendCount, 50 AS percentage FROM DUAL UNION ALL SELECT '금요일' AS dayOfWeek, 290000 AS sendCount, 85 AS percentage FROM DUAL
2026-06-04 11:11:38.290 [http-nio-8080-exec-1] DEBUG c.e.s.m.D.selectWeeklyTrend - ==> Parameters: 
2026-06-04 11:11:38.290 [http-nio-8080-exec-1] INFO  jdbc.sqlonly - SELECT '월요일' AS dayOfWeek, 240000 AS sendCount, 80 AS percentage FROM DUAL UNION ALL
        SELECT '화요일' AS dayOfWeek, 180500 AS sendCount, 60 AS percentage FROM DUAL UNION ALL
        SELECT '수요일' AS dayOfWeek, 310200 AS sendCount, 95 AS percentage FROM DUAL UNION ALL
        SELECT '목요일' AS dayOfWeek, 150000 AS sendCount, 50 AS percentage FROM DUAL UNION ALL
        SELECT '금요일' AS dayOfWeek, 290000 AS sendCount, 85 AS percentage FROM DUAL

2026-06-04 11:11:38.294 [http-nio-8080-exec-1] DEBUG c.e.s.m.D.selectWeeklyTrend - <==      Total: 5
2026-06-04 11:11:38.295 [http-nio-8080-exec-1] DEBUG c.e.s.m.D.selectChannelRatio - ==>  Preparing: SELECT '단문 (SMS)' AS channelName, 65.0 AS ratio, 'bg-primary' AS colorClass FROM DUAL UNION ALL SELECT '장문 (LMS)' AS channelName, 20.5 AS ratio, 'bg-success' AS colorClass FROM DUAL UNION ALL SELECT '알림톡' AS channelName, 10.0 AS ratio, 'bg-warning' AS colorClass FROM DUAL UNION ALL SELECT 'MMS (이미지)' AS channelName, 4.5 AS ratio, 'bg-danger' AS colorClass FROM DUAL
2026-06-04 11:11:38.295 [http-nio-8080-exec-1] DEBUG c.e.s.m.D.selectChannelRatio - ==> Parameters: 
2026-06-04 11:11:38.295 [http-nio-8080-exec-1] INFO  jdbc.sqlonly - SELECT '단문 (SMS)' AS channelName, 65.0 AS ratio, 'bg-primary' AS colorClass FROM DUAL UNION ALL
        SELECT '장문 (LMS)' AS channelName, 20.5 AS ratio, 'bg-success' AS colorClass FROM DUAL UNION ALL
        SELECT '알림톡' AS channelName, 10.0 AS ratio, 'bg-warning' AS colorClass FROM DUAL UNION ALL
        SELECT 'MMS (이미지)' AS channelName, 4.5 AS ratio, 'bg-danger' AS colorClass FROM DUAL

2026-06-04 11:11:38.298 [http-nio-8080-exec-1] DEBUG c.e.s.m.D.selectChannelRatio - <==      Total: 4
2026-06-04 11:11:38.299 [http-nio-8080-exec-1] DEBUG c.e.s.m.D.selectRecentFailLogs - ==>  Preparing: SELECT '2026-06-01 13:42:11' AS failDate, 'SMS' AS sendType, '010-****-1234' AS receiverNo, 'ERR_001' AS errorCode, '결번 / 없는 번호 (통신사 반환)' AS failReason FROM DUAL UNION ALL SELECT '2026-06-01 13:10:05' AS failDate, 'LMS' AS sendType, '010-****-5678' AS receiverNo, 'ERR_042' AS errorCode, '수신자 단말기 전원 꺼짐 (TimeOut)' AS failReason FROM DUAL UNION ALL SELECT '2026-06-01 12:55:30' AS failDate, 'ALIMTALK' AS sendType, '010-****-9999' AS receiverNo, 'ERR_K01' AS errorCode, '카카오톡 채널 차단 고객' AS failReason FROM DUAL UNION ALL SELECT '2026-06-01 11:20:44' AS failDate, 'SMS' AS sendType, '010-****-1111' AS receiverNo, 'ERR_003' AS errorCode, '통신사 스팸 필터링 차단' AS failReason FROM DUAL UNION ALL SELECT '2026-06-01 09:05:12' AS failDate, 'MMS' AS sendType, '010-****-2222' AS receiverNo, 'ERR_099' AS errorCode, '첨부 이미지 용량 초과 (300KB 제한)' AS failReason FROM DUAL
2026-06-04 11:11:38.299 [http-nio-8080-exec-1] DEBUG c.e.s.m.D.selectRecentFailLogs - ==> Parameters: 
2026-06-04 11:11:38.299 [http-nio-8080-exec-1] INFO  jdbc.sqlonly - SELECT '2026-06-01 13:42:11' AS failDate, 'SMS' AS sendType, '010-****-1234' AS receiverNo, 'ERR_001' AS errorCode, '결번 / 없는 번호 (통신사 반환)' AS failReason FROM DUAL UNION ALL
        SELECT '2026-06-01 13:10:05' AS failDate, 'LMS' AS sendType, '010-****-5678' AS receiverNo, 'ERR_042' AS errorCode, '수신자 단말기 전원 꺼짐 (TimeOut)' AS failReason FROM DUAL UNION ALL
        SELECT '2026-06-01 12:55:30' AS failDate, 'ALIMTALK' AS sendType, '010-****-9999' AS receiverNo, 'ERR_K01' AS errorCode, '카카오톡 채널 차단 고객' AS failReason FROM DUAL UNION ALL
        SELECT '2026-06-01 11:20:44' AS failDate, 'SMS' AS sendType, '010-****-1111' AS receiverNo, 'ERR_003' AS errorCode, '통신사 스팸 필터링 차단' AS failReason FROM DUAL UNION ALL
        SELECT '2026-06-01 09:05:12' AS failDate, 'MMS' AS sendType, '010-****-2222' AS receiverNo, 'ERR_099' AS errorCode, '첨부 이미지 용량 초과 (300KB 제한)' AS failReason FROM DUAL

2026-06-04 11:11:38.303 [http-nio-8080-exec-1] DEBUG c.e.s.m.D.selectRecentFailLogs - <==      Total: 5
2026-06-04 11:16:38.292 [http-nio-8080-exec-5] DEBUG c.e.s.m.D.selectKpiSummary - ==>  Preparing: SELECT 1204500 AS totalSendCount, 98.5 AS successRate, 12400 AS failCount, 3500000 AS estimatedCost FROM DUAL
2026-06-04 11:16:38.294 [http-nio-8080-exec-5] DEBUG c.e.s.m.D.selectKpiSummary - ==> Parameters: 
2026-06-04 11:16:38.299 [http-nio-8080-exec-5] INFO  jdbc.sqlonly - SELECT 
            1204500 AS totalSendCount,
            98.5 AS successRate,
            12400 AS failCount,
            3500000 AS estimatedCost
        FROM DUAL

2026-06-04 11:16:38.365 [http-nio-8080-exec-5] DEBUG c.e.s.m.D.selectKpiSummary - <==      Total: 1
2026-06-04 11:16:38.366 [http-nio-8080-exec-5] DEBUG c.e.s.m.D.selectWeeklyTrend - ==>  Preparing: SELECT '월요일' AS dayOfWeek, 240000 AS sendCount, 80 AS percentage FROM DUAL UNION ALL SELECT '화요일' AS dayOfWeek, 180500 AS sendCount, 60 AS percentage FROM DUAL UNION ALL SELECT '수요일' AS dayOfWeek, 310200 AS sendCount, 95 AS percentage FROM DUAL UNION ALL SELECT '목요일' AS dayOfWeek, 150000 AS sendCount, 50 AS percentage FROM DUAL UNION ALL SELECT '금요일' AS dayOfWeek, 290000 AS sendCount, 85 AS percentage FROM DUAL
2026-06-04 11:16:38.366 [http-nio-8080-exec-5] DEBUG c.e.s.m.D.selectWeeklyTrend - ==> Parameters: 
2026-06-04 11:16:38.366 [http-nio-8080-exec-5] INFO  jdbc.sqlonly - SELECT '월요일' AS dayOfWeek, 240000 AS sendCount, 80 AS percentage FROM DUAL UNION ALL
        SELECT '화요일' AS dayOfWeek, 180500 AS sendCount, 60 AS percentage FROM DUAL UNION ALL
        SELECT '수요일' AS dayOfWeek, 310200 AS sendCount, 95 AS percentage FROM DUAL UNION ALL
        SELECT '목요일' AS dayOfWeek, 150000 AS sendCount, 50 AS percentage FROM DUAL UNION ALL
        SELECT '금요일' AS dayOfWeek, 290000 AS sendCount, 85 AS percentage FROM DUAL

2026-06-04 11:16:38.374 [http-nio-8080-exec-5] DEBUG c.e.s.m.D.selectWeeklyTrend - <==      Total: 5
2026-06-04 11:16:38.375 [http-nio-8080-exec-5] DEBUG c.e.s.m.D.selectChannelRatio - ==>  Preparing: SELECT '단문 (SMS)' AS channelName, 65.0 AS ratio, 'bg-primary' AS colorClass FROM DUAL UNION ALL SELECT '장문 (LMS)' AS channelName, 20.5 AS ratio, 'bg-success' AS colorClass FROM DUAL UNION ALL SELECT '알림톡' AS channelName, 10.0 AS ratio, 'bg-warning' AS colorClass FROM DUAL UNION ALL SELECT 'MMS (이미지)' AS channelName, 4.5 AS ratio, 'bg-danger' AS colorClass FROM DUAL
2026-06-04 11:16:38.375 [http-nio-8080-exec-5] DEBUG c.e.s.m.D.selectChannelRatio - ==> Parameters: 
2026-06-04 11:16:38.375 [http-nio-8080-exec-5] INFO  jdbc.sqlonly - SELECT '단문 (SMS)' AS channelName, 65.0 AS ratio, 'bg-primary' AS colorClass FROM DUAL UNION ALL
        SELECT '장문 (LMS)' AS channelName, 20.5 AS ratio, 'bg-success' AS colorClass FROM DUAL UNION ALL
        SELECT '알림톡' AS channelName, 10.0 AS ratio, 'bg-warning' AS colorClass FROM DUAL UNION ALL
        SELECT 'MMS (이미지)' AS channelName, 4.5 AS ratio, 'bg-danger' AS colorClass FROM DUAL

2026-06-04 11:16:38.380 [http-nio-8080-exec-5] DEBUG c.e.s.m.D.selectChannelRatio - <==      Total: 4
2026-06-04 11:16:38.381 [http-nio-8080-exec-5] DEBUG c.e.s.m.D.selectRecentFailLogs - ==>  Preparing: SELECT '2026-06-01 13:42:11' AS failDate, 'SMS' AS sendType, '010-****-1234' AS receiverNo, 'ERR_001' AS errorCode, '결번 / 없는 번호 (통신사 반환)' AS failReason FROM DUAL UNION ALL SELECT '2026-06-01 13:10:05' AS failDate, 'LMS' AS sendType, '010-****-5678' AS receiverNo, 'ERR_042' AS errorCode, '수신자 단말기 전원 꺼짐 (TimeOut)' AS failReason FROM DUAL UNION ALL SELECT '2026-06-01 12:55:30' AS failDate, 'ALIMTALK' AS sendType, '010-****-9999' AS receiverNo, 'ERR_K01' AS errorCode, '카카오톡 채널 차단 고객' AS failReason FROM DUAL UNION ALL SELECT '2026-06-01 11:20:44' AS failDate, 'SMS' AS sendType, '010-****-1111' AS receiverNo, 'ERR_003' AS errorCode, '통신사 스팸 필터링 차단' AS failReason FROM DUAL UNION ALL SELECT '2026-06-01 09:05:12' AS failDate, 'MMS' AS sendType, '010-****-2222' AS receiverNo, 'ERR_099' AS errorCode, '첨부 이미지 용량 초과 (300KB 제한)' AS failReason FROM DUAL
2026-06-04 11:16:38.381 [http-nio-8080-exec-5] DEBUG c.e.s.m.D.selectRecentFailLogs - ==> Parameters: 
2026-06-04 11:16:38.381 [http-nio-8080-exec-5] INFO  jdbc.sqlonly - SELECT '2026-06-01 13:42:11' AS failDate, 'SMS' AS sendType, '010-****-1234' AS receiverNo, 'ERR_001' AS errorCode, '결번 / 없는 번호 (통신사 반환)' AS failReason FROM DUAL UNION ALL
        SELECT '2026-06-01 13:10:05' AS failDate, 'LMS' AS sendType, '010-****-5678' AS receiverNo, 'ERR_042' AS errorCode, '수신자 단말기 전원 꺼짐 (TimeOut)' AS failReason FROM DUAL UNION ALL
        SELECT '2026-06-01 12:55:30' AS failDate, 'ALIMTALK' AS sendType, '010-****-9999' AS receiverNo, 'ERR_K01' AS errorCode, '카카오톡 채널 차단 고객' AS failReason FROM DUAL UNION ALL
        SELECT '2026-06-01 11:20:44' AS failDate, 'SMS' AS sendType, '010-****-1111' AS receiverNo, 'ERR_003' AS errorCode, '통신사 스팸 필터링 차단' AS failReason FROM DUAL UNION ALL
        SELECT '2026-06-01 09:05:12' AS failDate, 'MMS' AS sendType, '010-****-2222' AS receiverNo, 'ERR_099' AS errorCode, '첨부 이미지 용량 초과 (300KB 제한)' AS failReason FROM DUAL

2026-06-04 11:16:38.384 [http-nio-8080-exec-5] DEBUG c.e.s.m.D.selectRecentFailLogs - <==      Total: 5
2026-06-04 11:21:38.305 [http-nio-8080-exec-1] DEBUG c.e.s.m.D.selectKpiSummary - ==>  Preparing: SELECT 1204500 AS totalSendCount, 98.5 AS successRate, 12400 AS failCount, 3500000 AS estimatedCost FROM DUAL
2026-06-04 11:21:38.305 [http-nio-8080-exec-1] DEBUG c.e.s.m.D.selectKpiSummary - ==> Parameters: 
2026-06-04 11:21:38.306 [http-nio-8080-exec-1] INFO  jdbc.sqlonly - SELECT 
            1204500 AS totalSendCount,
            98.5 AS successRate,
            12400 AS failCount,
            3500000 AS estimatedCost
        FROM DUAL

2026-06-04 11:21:38.309 [http-nio-8080-exec-1] DEBUG c.e.s.m.D.selectKpiSummary - <==      Total: 1
2026-06-04 11:21:38.309 [http-nio-8080-exec-1] DEBUG c.e.s.m.D.selectWeeklyTrend - ==>  Preparing: SELECT '월요일' AS dayOfWeek, 240000 AS sendCount, 80 AS percentage FROM DUAL UNION ALL SELECT '화요일' AS dayOfWeek, 180500 AS sendCount, 60 AS percentage FROM DUAL UNION ALL SELECT '수요일' AS dayOfWeek, 310200 AS sendCount, 95 AS percentage FROM DUAL UNION ALL SELECT '목요일' AS dayOfWeek, 150000 AS sendCount, 50 AS percentage FROM DUAL UNION ALL SELECT '금요일' AS dayOfWeek, 290000 AS sendCount, 85 AS percentage FROM DUAL
2026-06-04 11:21:38.310 [http-nio-8080-exec-1] DEBUG c.e.s.m.D.selectWeeklyTrend - ==> Parameters: 
2026-06-04 11:21:38.310 [http-nio-8080-exec-1] INFO  jdbc.sqlonly - SELECT '월요일' AS dayOfWeek, 240000 AS sendCount, 80 AS percentage FROM DUAL UNION ALL
        SELECT '화요일' AS dayOfWeek, 180500 AS sendCount, 60 AS percentage FROM DUAL UNION ALL
        SELECT '수요일' AS dayOfWeek, 310200 AS sendCount, 95 AS percentage FROM DUAL UNION ALL
        SELECT '목요일' AS dayOfWeek, 150000 AS sendCount, 50 AS percentage FROM DUAL UNION ALL
        SELECT '금요일' AS dayOfWeek, 290000 AS sendCount, 85 AS percentage FROM DUAL

2026-06-04 11:21:38.312 [http-nio-8080-exec-1] DEBUG c.e.s.m.D.selectWeeklyTrend - <==      Total: 5
2026-06-04 11:21:38.312 [http-nio-8080-exec-1] DEBUG c.e.s.m.D.selectChannelRatio - ==>  Preparing: SELECT '단문 (SMS)' AS channelName, 65.0 AS ratio, 'bg-primary' AS colorClass FROM DUAL UNION ALL SELECT '장문 (LMS)' AS channelName, 20.5 AS ratio, 'bg-success' AS colorClass FROM DUAL UNION ALL SELECT '알림톡' AS channelName, 10.0 AS ratio, 'bg-warning' AS colorClass FROM DUAL UNION ALL SELECT 'MMS (이미지)' AS channelName, 4.5 AS ratio, 'bg-danger' AS colorClass FROM DUAL
2026-06-04 11:21:38.312 [http-nio-8080-exec-1] DEBUG c.e.s.m.D.selectChannelRatio - ==> Parameters: 
2026-06-04 11:21:38.312 [http-nio-8080-exec-1] INFO  jdbc.sqlonly - SELECT '단문 (SMS)' AS channelName, 65.0 AS ratio, 'bg-primary' AS colorClass FROM DUAL UNION ALL
        SELECT '장문 (LMS)' AS channelName, 20.5 AS ratio, 'bg-success' AS colorClass FROM DUAL UNION ALL
        SELECT '알림톡' AS channelName, 10.0 AS ratio, 'bg-warning' AS colorClass FROM DUAL UNION ALL
        SELECT 'MMS (이미지)' AS channelName, 4.5 AS ratio, 'bg-danger' AS colorClass FROM DUAL

2026-06-04 11:21:38.315 [http-nio-8080-exec-1] DEBUG c.e.s.m.D.selectChannelRatio - <==      Total: 4
2026-06-04 11:21:38.316 [http-nio-8080-exec-1] DEBUG c.e.s.m.D.selectRecentFailLogs - ==>  Preparing: SELECT '2026-06-01 13:42:11' AS failDate, 'SMS' AS sendType, '010-****-1234' AS receiverNo, 'ERR_001' AS errorCode, '결번 / 없는 번호 (통신사 반환)' AS failReason FROM DUAL UNION ALL SELECT '2026-06-01 13:10:05' AS failDate, 'LMS' AS sendType, '010-****-5678' AS receiverNo, 'ERR_042' AS errorCode, '수신자 단말기 전원 꺼짐 (TimeOut)' AS failReason FROM DUAL UNION ALL SELECT '2026-06-01 12:55:30' AS failDate, 'ALIMTALK' AS sendType, '010-****-9999' AS receiverNo, 'ERR_K01' AS errorCode, '카카오톡 채널 차단 고객' AS failReason FROM DUAL UNION ALL SELECT '2026-06-01 11:20:44' AS failDate, 'SMS' AS sendType, '010-****-1111' AS receiverNo, 'ERR_003' AS errorCode, '통신사 스팸 필터링 차단' AS failReason FROM DUAL UNION ALL SELECT '2026-06-01 09:05:12' AS failDate, 'MMS' AS sendType, '010-****-2222' AS receiverNo, 'ERR_099' AS errorCode, '첨부 이미지 용량 초과 (300KB 제한)' AS failReason FROM DUAL
2026-06-04 11:21:38.316 [http-nio-8080-exec-1] DEBUG c.e.s.m.D.selectRecentFailLogs - ==> Parameters: 
2026-06-04 11:21:38.316 [http-nio-8080-exec-1] INFO  jdbc.sqlonly - SELECT '2026-06-01 13:42:11' AS failDate, 'SMS' AS sendType, '010-****-1234' AS receiverNo, 'ERR_001' AS errorCode, '결번 / 없는 번호 (통신사 반환)' AS failReason FROM DUAL UNION ALL
        SELECT '2026-06-01 13:10:05' AS failDate, 'LMS' AS sendType, '010-****-5678' AS receiverNo, 'ERR_042' AS errorCode, '수신자 단말기 전원 꺼짐 (TimeOut)' AS failReason FROM DUAL UNION ALL
        SELECT '2026-06-01 12:55:30' AS failDate, 'ALIMTALK' AS sendType, '010-****-9999' AS receiverNo, 'ERR_K01' AS errorCode, '카카오톡 채널 차단 고객' AS failReason FROM DUAL UNION ALL
        SELECT '2026-06-01 11:20:44' AS failDate, 'SMS' AS sendType, '010-****-1111' AS receiverNo, 'ERR_003' AS errorCode, '통신사 스팸 필터링 차단' AS failReason FROM DUAL UNION ALL
        SELECT '2026-06-01 09:05:12' AS failDate, 'MMS' AS sendType, '010-****-2222' AS receiverNo, 'ERR_099' AS errorCode, '첨부 이미지 용량 초과 (300KB 제한)' AS failReason FROM DUAL

2026-06-04 11:21:38.319 [http-nio-8080-exec-1] DEBUG c.e.s.m.D.selectRecentFailLogs - <==      Total: 5
2026-06-04 11:26:38.838 [http-nio-8080-exec-2] DEBUG c.e.s.m.D.selectKpiSummary - ==>  Preparing: SELECT 1204500 AS totalSendCount, 98.5 AS successRate, 12400 AS failCount, 3500000 AS estimatedCost FROM DUAL
2026-06-04 11:26:38.839 [http-nio-8080-exec-2] DEBUG c.e.s.m.D.selectKpiSummary - ==> Parameters: 
2026-06-04 11:26:38.839 [http-nio-8080-exec-2] INFO  jdbc.sqlonly - SELECT 
            1204500 AS totalSendCount,
            98.5 AS successRate,
            12400 AS failCount,
            3500000 AS estimatedCost
        FROM DUAL

2026-06-04 11:26:38.841 [http-nio-8080-exec-2] DEBUG c.e.s.m.D.selectKpiSummary - <==      Total: 1
2026-06-04 11:26:38.841 [http-nio-8080-exec-2] DEBUG c.e.s.m.D.selectWeeklyTrend - ==>  Preparing: SELECT '월요일' AS dayOfWeek, 240000 AS sendCount, 80 AS percentage FROM DUAL UNION ALL SELECT '화요일' AS dayOfWeek, 180500 AS sendCount, 60 AS percentage FROM DUAL UNION ALL SELECT '수요일' AS dayOfWeek, 310200 AS sendCount, 95 AS percentage FROM DUAL UNION ALL SELECT '목요일' AS dayOfWeek, 150000 AS sendCount, 50 AS percentage FROM DUAL UNION ALL SELECT '금요일' AS dayOfWeek, 290000 AS sendCount, 85 AS percentage FROM DUAL
2026-06-04 11:26:38.842 [http-nio-8080-exec-2] DEBUG c.e.s.m.D.selectWeeklyTrend - ==> Parameters: 
2026-06-04 11:26:38.842 [http-nio-8080-exec-2] INFO  jdbc.sqlonly - SELECT '월요일' AS dayOfWeek, 240000 AS sendCount, 80 AS percentage FROM DUAL UNION ALL
        SELECT '화요일' AS dayOfWeek, 180500 AS sendCount, 60 AS percentage FROM DUAL UNION ALL
        SELECT '수요일' AS dayOfWeek, 310200 AS sendCount, 95 AS percentage FROM DUAL UNION ALL
        SELECT '목요일' AS dayOfWeek, 150000 AS sendCount, 50 AS percentage FROM DUAL UNION ALL
        SELECT '금요일' AS dayOfWeek, 290000 AS sendCount, 85 AS percentage FROM DUAL

2026-06-04 11:26:38.844 [http-nio-8080-exec-2] DEBUG c.e.s.m.D.selectWeeklyTrend - <==      Total: 5
2026-06-04 11:26:38.845 [http-nio-8080-exec-2] DEBUG c.e.s.m.D.selectChannelRatio - ==>  Preparing: SELECT '단문 (SMS)' AS channelName, 65.0 AS ratio, 'bg-primary' AS colorClass FROM DUAL UNION ALL SELECT '장문 (LMS)' AS channelName, 20.5 AS ratio, 'bg-success' AS colorClass FROM DUAL UNION ALL SELECT '알림톡' AS channelName, 10.0 AS ratio, 'bg-warning' AS colorClass FROM DUAL UNION ALL SELECT 'MMS (이미지)' AS channelName, 4.5 AS ratio, 'bg-danger' AS colorClass FROM DUAL
2026-06-04 11:26:38.845 [http-nio-8080-exec-2] DEBUG c.e.s.m.D.selectChannelRatio - ==> Parameters: 
2026-06-04 11:26:38.845 [http-nio-8080-exec-2] INFO  jdbc.sqlonly - SELECT '단문 (SMS)' AS channelName, 65.0 AS ratio, 'bg-primary' AS colorClass FROM DUAL UNION ALL
        SELECT '장문 (LMS)' AS channelName, 20.5 AS ratio, 'bg-success' AS colorClass FROM DUAL UNION ALL
        SELECT '알림톡' AS channelName, 10.0 AS ratio, 'bg-warning' AS colorClass FROM DUAL UNION ALL
        SELECT 'MMS (이미지)' AS channelName, 4.5 AS ratio, 'bg-danger' AS colorClass FROM DUAL

2026-06-04 11:26:38.847 [http-nio-8080-exec-2] DEBUG c.e.s.m.D.selectChannelRatio - <==      Total: 4
2026-06-04 11:26:38.847 [http-nio-8080-exec-2] DEBUG c.e.s.m.D.selectRecentFailLogs - ==>  Preparing: SELECT '2026-06-01 13:42:11' AS failDate, 'SMS' AS sendType, '010-****-1234' AS receiverNo, 'ERR_001' AS errorCode, '결번 / 없는 번호 (통신사 반환)' AS failReason FROM DUAL UNION ALL SELECT '2026-06-01 13:10:05' AS failDate, 'LMS' AS sendType, '010-****-5678' AS receiverNo, 'ERR_042' AS errorCode, '수신자 단말기 전원 꺼짐 (TimeOut)' AS failReason FROM DUAL UNION ALL SELECT '2026-06-01 12:55:30' AS failDate, 'ALIMTALK' AS sendType, '010-****-9999' AS receiverNo, 'ERR_K01' AS errorCode, '카카오톡 채널 차단 고객' AS failReason FROM DUAL UNION ALL SELECT '2026-06-01 11:20:44' AS failDate, 'SMS' AS sendType, '010-****-1111' AS receiverNo, 'ERR_003' AS errorCode, '통신사 스팸 필터링 차단' AS failReason FROM DUAL UNION ALL SELECT '2026-06-01 09:05:12' AS failDate, 'MMS' AS sendType, '010-****-2222' AS receiverNo, 'ERR_099' AS errorCode, '첨부 이미지 용량 초과 (300KB 제한)' AS failReason FROM DUAL
2026-06-04 11:26:38.847 [http-nio-8080-exec-2] DEBUG c.e.s.m.D.selectRecentFailLogs - ==> Parameters: 
2026-06-04 11:26:38.847 [http-nio-8080-exec-2] INFO  jdbc.sqlonly - SELECT '2026-06-01 13:42:11' AS failDate, 'SMS' AS sendType, '010-****-1234' AS receiverNo, 'ERR_001' AS errorCode, '결번 / 없는 번호 (통신사 반환)' AS failReason FROM DUAL UNION ALL
        SELECT '2026-06-01 13:10:05' AS failDate, 'LMS' AS sendType, '010-****-5678' AS receiverNo, 'ERR_042' AS errorCode, '수신자 단말기 전원 꺼짐 (TimeOut)' AS failReason FROM DUAL UNION ALL
        SELECT '2026-06-01 12:55:30' AS failDate, 'ALIMTALK' AS sendType, '010-****-9999' AS receiverNo, 'ERR_K01' AS errorCode, '카카오톡 채널 차단 고객' AS failReason FROM DUAL UNION ALL
        SELECT '2026-06-01 11:20:44' AS failDate, 'SMS' AS sendType, '010-****-1111' AS receiverNo, 'ERR_003' AS errorCode, '통신사 스팸 필터링 차단' AS failReason FROM DUAL UNION ALL
        SELECT '2026-06-01 09:05:12' AS failDate, 'MMS' AS sendType, '010-****-2222' AS receiverNo, 'ERR_099' AS errorCode, '첨부 이미지 용량 초과 (300KB 제한)' AS failReason FROM DUAL

2026-06-04 11:26:38.849 [http-nio-8080-exec-2] DEBUG c.e.s.m.D.selectRecentFailLogs - <==      Total: 5
2026-06-04 11:31:38.858 [http-nio-8080-exec-3] DEBUG c.e.s.m.D.selectKpiSummary - ==>  Preparing: SELECT 1204500 AS totalSendCount, 98.5 AS successRate, 12400 AS failCount, 3500000 AS estimatedCost FROM DUAL
2026-06-04 11:31:38.858 [http-nio-8080-exec-3] DEBUG c.e.s.m.D.selectKpiSummary - ==> Parameters: 
2026-06-04 11:31:38.858 [http-nio-8080-exec-3] INFO  jdbc.sqlonly - SELECT 
            1204500 AS totalSendCount,
            98.5 AS successRate,
            12400 AS failCount,
            3500000 AS estimatedCost
        FROM DUAL

2026-06-04 11:31:38.862 [http-nio-8080-exec-3] DEBUG c.e.s.m.D.selectKpiSummary - <==      Total: 1
2026-06-04 11:31:38.863 [http-nio-8080-exec-3] DEBUG c.e.s.m.D.selectWeeklyTrend - ==>  Preparing: SELECT '월요일' AS dayOfWeek, 240000 AS sendCount, 80 AS percentage FROM DUAL UNION ALL SELECT '화요일' AS dayOfWeek, 180500 AS sendCount, 60 AS percentage FROM DUAL UNION ALL SELECT '수요일' AS dayOfWeek, 310200 AS sendCount, 95 AS percentage FROM DUAL UNION ALL SELECT '목요일' AS dayOfWeek, 150000 AS sendCount, 50 AS percentage FROM DUAL UNION ALL SELECT '금요일' AS dayOfWeek, 290000 AS sendCount, 85 AS percentage FROM DUAL
2026-06-04 11:31:38.863 [http-nio-8080-exec-3] DEBUG c.e.s.m.D.selectWeeklyTrend - ==> Parameters: 
2026-06-04 11:31:38.863 [http-nio-8080-exec-3] INFO  jdbc.sqlonly - SELECT '월요일' AS dayOfWeek, 240000 AS sendCount, 80 AS percentage FROM DUAL UNION ALL
        SELECT '화요일' AS dayOfWeek, 180500 AS sendCount, 60 AS percentage FROM DUAL UNION ALL
        SELECT '수요일' AS dayOfWeek, 310200 AS sendCount, 95 AS percentage FROM DUAL UNION ALL
        SELECT '목요일' AS dayOfWeek, 150000 AS sendCount, 50 AS percentage FROM DUAL UNION ALL
        SELECT '금요일' AS dayOfWeek, 290000 AS sendCount, 85 AS percentage FROM DUAL

2026-06-04 11:31:38.865 [http-nio-8080-exec-3] DEBUG c.e.s.m.D.selectWeeklyTrend - <==      Total: 5
2026-06-04 11:31:38.866 [http-nio-8080-exec-3] DEBUG c.e.s.m.D.selectChannelRatio - ==>  Preparing: SELECT '단문 (SMS)' AS channelName, 65.0 AS ratio, 'bg-primary' AS colorClass FROM DUAL UNION ALL SELECT '장문 (LMS)' AS channelName, 20.5 AS ratio, 'bg-success' AS colorClass FROM DUAL UNION ALL SELECT '알림톡' AS channelName, 10.0 AS ratio, 'bg-warning' AS colorClass FROM DUAL UNION ALL SELECT 'MMS (이미지)' AS channelName, 4.5 AS ratio, 'bg-danger' AS colorClass FROM DUAL
2026-06-04 11:31:38.867 [http-nio-8080-exec-3] DEBUG c.e.s.m.D.selectChannelRatio - ==> Parameters: 
2026-06-04 11:31:38.867 [http-nio-8080-exec-3] INFO  jdbc.sqlonly - SELECT '단문 (SMS)' AS channelName, 65.0 AS ratio, 'bg-primary' AS colorClass FROM DUAL UNION ALL
        SELECT '장문 (LMS)' AS channelName, 20.5 AS ratio, 'bg-success' AS colorClass FROM DUAL UNION ALL
        SELECT '알림톡' AS channelName, 10.0 AS ratio, 'bg-warning' AS colorClass FROM DUAL UNION ALL
        SELECT 'MMS (이미지)' AS channelName, 4.5 AS ratio, 'bg-danger' AS colorClass FROM DUAL

2026-06-04 11:31:38.869 [http-nio-8080-exec-3] DEBUG c.e.s.m.D.selectChannelRatio - <==      Total: 4
2026-06-04 11:31:38.869 [http-nio-8080-exec-3] DEBUG c.e.s.m.D.selectRecentFailLogs - ==>  Preparing: SELECT '2026-06-01 13:42:11' AS failDate, 'SMS' AS sendType, '010-****-1234' AS receiverNo, 'ERR_001' AS errorCode, '결번 / 없는 번호 (통신사 반환)' AS failReason FROM DUAL UNION ALL SELECT '2026-06-01 13:10:05' AS failDate, 'LMS' AS sendType, '010-****-5678' AS receiverNo, 'ERR_042' AS errorCode, '수신자 단말기 전원 꺼짐 (TimeOut)' AS failReason FROM DUAL UNION ALL SELECT '2026-06-01 12:55:30' AS failDate, 'ALIMTALK' AS sendType, '010-****-9999' AS receiverNo, 'ERR_K01' AS errorCode, '카카오톡 채널 차단 고객' AS failReason FROM DUAL UNION ALL SELECT '2026-06-01 11:20:44' AS failDate, 'SMS' AS sendType, '010-****-1111' AS receiverNo, 'ERR_003' AS errorCode, '통신사 스팸 필터링 차단' AS failReason FROM DUAL UNION ALL SELECT '2026-06-01 09:05:12' AS failDate, 'MMS' AS sendType, '010-****-2222' AS receiverNo, 'ERR_099' AS errorCode, '첨부 이미지 용량 초과 (300KB 제한)' AS failReason FROM DUAL
2026-06-04 11:31:38.869 [http-nio-8080-exec-3] DEBUG c.e.s.m.D.selectRecentFailLogs - ==> Parameters: 
2026-06-04 11:31:38.869 [http-nio-8080-exec-3] INFO  jdbc.sqlonly - SELECT '2026-06-01 13:42:11' AS failDate, 'SMS' AS sendType, '010-****-1234' AS receiverNo, 'ERR_001' AS errorCode, '결번 / 없는 번호 (통신사 반환)' AS failReason FROM DUAL UNION ALL
        SELECT '2026-06-01 13:10:05' AS failDate, 'LMS' AS sendType, '010-****-5678' AS receiverNo, 'ERR_042' AS errorCode, '수신자 단말기 전원 꺼짐 (TimeOut)' AS failReason FROM DUAL UNION ALL
        SELECT '2026-06-01 12:55:30' AS failDate, 'ALIMTALK' AS sendType, '010-****-9999' AS receiverNo, 'ERR_K01' AS errorCode, '카카오톡 채널 차단 고객' AS failReason FROM DUAL UNION ALL
        SELECT '2026-06-01 11:20:44' AS failDate, 'SMS' AS sendType, '010-****-1111' AS receiverNo, 'ERR_003' AS errorCode, '통신사 스팸 필터링 차단' AS failReason FROM DUAL UNION ALL
        SELECT '2026-06-01 09:05:12' AS failDate, 'MMS' AS sendType, '010-****-2222' AS receiverNo, 'ERR_099' AS errorCode, '첨부 이미지 용량 초과 (300KB 제한)' AS failReason FROM DUAL

2026-06-04 11:31:38.873 [http-nio-8080-exec-3] DEBUG c.e.s.m.D.selectRecentFailLogs - <==      Total: 5
2026-06-04 11:36:38.884 [http-nio-8080-exec-6] DEBUG c.e.s.m.D.selectKpiSummary - ==>  Preparing: SELECT 1204500 AS totalSendCount, 98.5 AS successRate, 12400 AS failCount, 3500000 AS estimatedCost FROM DUAL
2026-06-04 11:36:38.884 [http-nio-8080-exec-6] DEBUG c.e.s.m.D.selectKpiSummary - ==> Parameters: 
2026-06-04 11:36:38.884 [http-nio-8080-exec-6] INFO  jdbc.sqlonly - SELECT 
            1204500 AS totalSendCount,
            98.5 AS successRate,
            12400 AS failCount,
            3500000 AS estimatedCost
        FROM DUAL

2026-06-04 11:36:38.888 [http-nio-8080-exec-6] DEBUG c.e.s.m.D.selectKpiSummary - <==      Total: 1
2026-06-04 11:36:38.889 [http-nio-8080-exec-6] DEBUG c.e.s.m.D.selectWeeklyTrend - ==>  Preparing: SELECT '월요일' AS dayOfWeek, 240000 AS sendCount, 80 AS percentage FROM DUAL UNION ALL SELECT '화요일' AS dayOfWeek, 180500 AS sendCount, 60 AS percentage FROM DUAL UNION ALL SELECT '수요일' AS dayOfWeek, 310200 AS sendCount, 95 AS percentage FROM DUAL UNION ALL SELECT '목요일' AS dayOfWeek, 150000 AS sendCount, 50 AS percentage FROM DUAL UNION ALL SELECT '금요일' AS dayOfWeek, 290000 AS sendCount, 85 AS percentage FROM DUAL
2026-06-04 11:36:38.889 [http-nio-8080-exec-6] DEBUG c.e.s.m.D.selectWeeklyTrend - ==> Parameters: 
2026-06-04 11:36:38.889 [http-nio-8080-exec-6] INFO  jdbc.sqlonly - SELECT '월요일' AS dayOfWeek, 240000 AS sendCount, 80 AS percentage FROM DUAL UNION ALL
        SELECT '화요일' AS dayOfWeek, 180500 AS sendCount, 60 AS percentage FROM DUAL UNION ALL
        SELECT '수요일' AS dayOfWeek, 310200 AS sendCount, 95 AS percentage FROM DUAL UNION ALL
        SELECT '목요일' AS dayOfWeek, 150000 AS sendCount, 50 AS percentage FROM DUAL UNION ALL
        SELECT '금요일' AS dayOfWeek, 290000 AS sendCount, 85 AS percentage FROM DUAL

2026-06-04 11:36:38.893 [http-nio-8080-exec-6] DEBUG c.e.s.m.D.selectWeeklyTrend - <==      Total: 5
2026-06-04 11:36:38.894 [http-nio-8080-exec-6] DEBUG c.e.s.m.D.selectChannelRatio - ==>  Preparing: SELECT '단문 (SMS)' AS channelName, 65.0 AS ratio, 'bg-primary' AS colorClass FROM DUAL UNION ALL SELECT '장문 (LMS)' AS channelName, 20.5 AS ratio, 'bg-success' AS colorClass FROM DUAL UNION ALL SELECT '알림톡' AS channelName, 10.0 AS ratio, 'bg-warning' AS colorClass FROM DUAL UNION ALL SELECT 'MMS (이미지)' AS channelName, 4.5 AS ratio, 'bg-danger' AS colorClass FROM DUAL
2026-06-04 11:36:38.894 [http-nio-8080-exec-6] DEBUG c.e.s.m.D.selectChannelRatio - ==> Parameters: 
2026-06-04 11:36:38.894 [http-nio-8080-exec-6] INFO  jdbc.sqlonly - SELECT '단문 (SMS)' AS channelName, 65.0 AS ratio, 'bg-primary' AS colorClass FROM DUAL UNION ALL
        SELECT '장문 (LMS)' AS channelName, 20.5 AS ratio, 'bg-success' AS colorClass FROM DUAL UNION ALL
        SELECT '알림톡' AS channelName, 10.0 AS ratio, 'bg-warning' AS colorClass FROM DUAL UNION ALL
        SELECT 'MMS (이미지)' AS channelName, 4.5 AS ratio, 'bg-danger' AS colorClass FROM DUAL

2026-06-04 11:36:38.897 [http-nio-8080-exec-6] DEBUG c.e.s.m.D.selectChannelRatio - <==      Total: 4
2026-06-04 11:36:38.898 [http-nio-8080-exec-6] DEBUG c.e.s.m.D.selectRecentFailLogs - ==>  Preparing: SELECT '2026-06-01 13:42:11' AS failDate, 'SMS' AS sendType, '010-****-1234' AS receiverNo, 'ERR_001' AS errorCode, '결번 / 없는 번호 (통신사 반환)' AS failReason FROM DUAL UNION ALL SELECT '2026-06-01 13:10:05' AS failDate, 'LMS' AS sendType, '010-****-5678' AS receiverNo, 'ERR_042' AS errorCode, '수신자 단말기 전원 꺼짐 (TimeOut)' AS failReason FROM DUAL UNION ALL SELECT '2026-06-01 12:55:30' AS failDate, 'ALIMTALK' AS sendType, '010-****-9999' AS receiverNo, 'ERR_K01' AS errorCode, '카카오톡 채널 차단 고객' AS failReason FROM DUAL UNION ALL SELECT '2026-06-01 11:20:44' AS failDate, 'SMS' AS sendType, '010-****-1111' AS receiverNo, 'ERR_003' AS errorCode, '통신사 스팸 필터링 차단' AS failReason FROM DUAL UNION ALL SELECT '2026-06-01 09:05:12' AS failDate, 'MMS' AS sendType, '010-****-2222' AS receiverNo, 'ERR_099' AS errorCode, '첨부 이미지 용량 초과 (300KB 제한)' AS failReason FROM DUAL
2026-06-04 11:36:38.898 [http-nio-8080-exec-6] DEBUG c.e.s.m.D.selectRecentFailLogs - ==> Parameters: 
2026-06-04 11:36:38.899 [http-nio-8080-exec-6] INFO  jdbc.sqlonly - SELECT '2026-06-01 13:42:11' AS failDate, 'SMS' AS sendType, '010-****-1234' AS receiverNo, 'ERR_001' AS errorCode, '결번 / 없는 번호 (통신사 반환)' AS failReason FROM DUAL UNION ALL
        SELECT '2026-06-01 13:10:05' AS failDate, 'LMS' AS sendType, '010-****-5678' AS receiverNo, 'ERR_042' AS errorCode, '수신자 단말기 전원 꺼짐 (TimeOut)' AS failReason FROM DUAL UNION ALL
        SELECT '2026-06-01 12:55:30' AS failDate, 'ALIMTALK' AS sendType, '010-****-9999' AS receiverNo, 'ERR_K01' AS errorCode, '카카오톡 채널 차단 고객' AS failReason FROM DUAL UNION ALL
        SELECT '2026-06-01 11:20:44' AS failDate, 'SMS' AS sendType, '010-****-1111' AS receiverNo, 'ERR_003' AS errorCode, '통신사 스팸 필터링 차단' AS failReason FROM DUAL UNION ALL
        SELECT '2026-06-01 09:05:12' AS failDate, 'MMS' AS sendType, '010-****-2222' AS receiverNo, 'ERR_099' AS errorCode, '첨부 이미지 용량 초과 (300KB 제한)' AS failReason FROM DUAL

2026-06-04 11:36:38.902 [http-nio-8080-exec-6] DEBUG c.e.s.m.D.selectRecentFailLogs - <==      Total: 5
2026-06-04 11:41:38.860 [http-nio-8080-exec-5] DEBUG c.e.s.m.D.selectKpiSummary - ==>  Preparing: SELECT 1204500 AS totalSendCount, 98.5 AS successRate, 12400 AS failCount, 3500000 AS estimatedCost FROM DUAL
2026-06-04 11:41:38.860 [http-nio-8080-exec-5] DEBUG c.e.s.m.D.selectKpiSummary - ==> Parameters: 
2026-06-04 11:41:38.861 [http-nio-8080-exec-5] INFO  jdbc.sqlonly - SELECT 
            1204500 AS totalSendCount,
            98.5 AS successRate,
            12400 AS failCount,
            3500000 AS estimatedCost
        FROM DUAL

2026-06-04 11:41:38.864 [http-nio-8080-exec-5] DEBUG c.e.s.m.D.selectKpiSummary - <==      Total: 1
2026-06-04 11:41:38.864 [http-nio-8080-exec-5] DEBUG c.e.s.m.D.selectWeeklyTrend - ==>  Preparing: SELECT '월요일' AS dayOfWeek, 240000 AS sendCount, 80 AS percentage FROM DUAL UNION ALL SELECT '화요일' AS dayOfWeek, 180500 AS sendCount, 60 AS percentage FROM DUAL UNION ALL SELECT '수요일' AS dayOfWeek, 310200 AS sendCount, 95 AS percentage FROM DUAL UNION ALL SELECT '목요일' AS dayOfWeek, 150000 AS sendCount, 50 AS percentage FROM DUAL UNION ALL SELECT '금요일' AS dayOfWeek, 290000 AS sendCount, 85 AS percentage FROM DUAL
2026-06-04 11:41:38.865 [http-nio-8080-exec-5] DEBUG c.e.s.m.D.selectWeeklyTrend - ==> Parameters: 
2026-06-04 11:41:38.865 [http-nio-8080-exec-5] INFO  jdbc.sqlonly - SELECT '월요일' AS dayOfWeek, 240000 AS sendCount, 80 AS percentage FROM DUAL UNION ALL
        SELECT '화요일' AS dayOfWeek, 180500 AS sendCount, 60 AS percentage FROM DUAL UNION ALL
        SELECT '수요일' AS dayOfWeek, 310200 AS sendCount, 95 AS percentage FROM DUAL UNION ALL
        SELECT '목요일' AS dayOfWeek, 150000 AS sendCount, 50 AS percentage FROM DUAL UNION ALL
        SELECT '금요일' AS dayOfWeek, 290000 AS sendCount, 85 AS percentage FROM DUAL

2026-06-04 11:41:38.869 [http-nio-8080-exec-5] DEBUG c.e.s.m.D.selectWeeklyTrend - <==      Total: 5
2026-06-04 11:41:38.869 [http-nio-8080-exec-5] DEBUG c.e.s.m.D.selectChannelRatio - ==>  Preparing: SELECT '단문 (SMS)' AS channelName, 65.0 AS ratio, 'bg-primary' AS colorClass FROM DUAL UNION ALL SELECT '장문 (LMS)' AS channelName, 20.5 AS ratio, 'bg-success' AS colorClass FROM DUAL UNION ALL SELECT '알림톡' AS channelName, 10.0 AS ratio, 'bg-warning' AS colorClass FROM DUAL UNION ALL SELECT 'MMS (이미지)' AS channelName, 4.5 AS ratio, 'bg-danger' AS colorClass FROM DUAL
2026-06-04 11:41:38.869 [http-nio-8080-exec-5] DEBUG c.e.s.m.D.selectChannelRatio - ==> Parameters: 
2026-06-04 11:41:38.869 [http-nio-8080-exec-5] INFO  jdbc.sqlonly - SELECT '단문 (SMS)' AS channelName, 65.0 AS ratio, 'bg-primary' AS colorClass FROM DUAL UNION ALL
        SELECT '장문 (LMS)' AS channelName, 20.5 AS ratio, 'bg-success' AS colorClass FROM DUAL UNION ALL
        SELECT '알림톡' AS channelName, 10.0 AS ratio, 'bg-warning' AS colorClass FROM DUAL UNION ALL
        SELECT 'MMS (이미지)' AS channelName, 4.5 AS ratio, 'bg-danger' AS colorClass FROM DUAL

2026-06-04 11:41:38.872 [http-nio-8080-exec-5] DEBUG c.e.s.m.D.selectChannelRatio - <==      Total: 4
2026-06-04 11:41:38.873 [http-nio-8080-exec-5] DEBUG c.e.s.m.D.selectRecentFailLogs - ==>  Preparing: SELECT '2026-06-01 13:42:11' AS failDate, 'SMS' AS sendType, '010-****-1234' AS receiverNo, 'ERR_001' AS errorCode, '결번 / 없는 번호 (통신사 반환)' AS failReason FROM DUAL UNION ALL SELECT '2026-06-01 13:10:05' AS failDate, 'LMS' AS sendType, '010-****-5678' AS receiverNo, 'ERR_042' AS errorCode, '수신자 단말기 전원 꺼짐 (TimeOut)' AS failReason FROM DUAL UNION ALL SELECT '2026-06-01 12:55:30' AS failDate, 'ALIMTALK' AS sendType, '010-****-9999' AS receiverNo, 'ERR_K01' AS errorCode, '카카오톡 채널 차단 고객' AS failReason FROM DUAL UNION ALL SELECT '2026-06-01 11:20:44' AS failDate, 'SMS' AS sendType, '010-****-1111' AS receiverNo, 'ERR_003' AS errorCode, '통신사 스팸 필터링 차단' AS failReason FROM DUAL UNION ALL SELECT '2026-06-01 09:05:12' AS failDate, 'MMS' AS sendType, '010-****-2222' AS receiverNo, 'ERR_099' AS errorCode, '첨부 이미지 용량 초과 (300KB 제한)' AS failReason FROM DUAL
2026-06-04 11:41:38.874 [http-nio-8080-exec-5] DEBUG c.e.s.m.D.selectRecentFailLogs - ==> Parameters: 
2026-06-04 11:41:38.874 [http-nio-8080-exec-5] INFO  jdbc.sqlonly - SELECT '2026-06-01 13:42:11' AS failDate, 'SMS' AS sendType, '010-****-1234' AS receiverNo, 'ERR_001' AS errorCode, '결번 / 없는 번호 (통신사 반환)' AS failReason FROM DUAL UNION ALL
        SELECT '2026-06-01 13:10:05' AS failDate, 'LMS' AS sendType, '010-****-5678' AS receiverNo, 'ERR_042' AS errorCode, '수신자 단말기 전원 꺼짐 (TimeOut)' AS failReason FROM DUAL UNION ALL
        SELECT '2026-06-01 12:55:30' AS failDate, 'ALIMTALK' AS sendType, '010-****-9999' AS receiverNo, 'ERR_K01' AS errorCode, '카카오톡 채널 차단 고객' AS failReason FROM DUAL UNION ALL
        SELECT '2026-06-01 11:20:44' AS failDate, 'SMS' AS sendType, '010-****-1111' AS receiverNo, 'ERR_003' AS errorCode, '통신사 스팸 필터링 차단' AS failReason FROM DUAL UNION ALL
        SELECT '2026-06-01 09:05:12' AS failDate, 'MMS' AS sendType, '010-****-2222' AS receiverNo, 'ERR_099' AS errorCode, '첨부 이미지 용량 초과 (300KB 제한)' AS failReason FROM DUAL

2026-06-04 11:41:38.876 [http-nio-8080-exec-5] DEBUG c.e.s.m.D.selectRecentFailLogs - <==      Total: 5
2026-06-04 12:08:28.684 [HikariPool-1 housekeeper] WARN  com.zaxxer.hikari.pool.HikariPool - HikariPool-1 - Thread starvation or clock leap detected (housekeeper delta=26m56s430ms392µs500ns).
2026-06-04 12:36:44.034 [HikariPool-1 housekeeper] WARN  com.zaxxer.hikari.pool.HikariPool - HikariPool-1 - Thread starvation or clock leap detected (housekeeper delta=28m22s682ms607µs700ns).
2026-06-04 13:15:40.391 [RMI TCP Connection(116)-127.0.0.1] INFO  o.s.b.a.SpringApplicationAdminMXBeanRegistrar$SpringApplicationAdmin - Application shutdown requested.
2026-06-04 13:15:40.459 [RMI TCP Connection(116)-127.0.0.1] INFO  o.a.coyote.http11.Http11NioProtocol - Stopping ProtocolHandler ["http-nio-8080"]
2026-06-04 13:15:40.506 [RMI TCP Connection(116)-127.0.0.1] INFO  com.zaxxer.hikari.HikariDataSource - HikariPool-1 - Shutdown initiated...
2026-06-04 13:15:40.528 [RMI TCP Connection(116)-127.0.0.1] INFO  com.zaxxer.hikari.HikariDataSource - HikariPool-1 - Shutdown completed.
2026-06-04 14:06:09.586 [background-preinit] INFO  o.h.validator.internal.util.Version - HV000001: Hibernate Validator 8.0.1.Final
2026-06-04 14:06:09.651 [main] INFO  com.example.sms.SmsApplication - Starting SmsApplication using Java 21.0.7 with PID 16500 (C:\Work\sms-project-v2\target\classes started by ndk20 in C:\Work\sms-project-v2)
2026-06-04 14:06:09.651 [main] DEBUG com.example.sms.SmsApplication - Running with Spring Boot v3.3.0, Spring v6.1.8
2026-06-04 14:06:09.652 [main] INFO  com.example.sms.SmsApplication - The following 1 profile is active: "dev"
2026-06-04 14:06:12.255 [main] INFO  o.s.d.r.c.RepositoryConfigurationDelegate - Bootstrapping Spring Data LDAP repositories in DEFAULT mode.
2026-06-04 14:06:12.282 [main] INFO  o.s.d.r.c.RepositoryConfigurationDelegate - Finished Spring Data repository scanning in 20 ms. Found 0 LDAP repository interfaces.
2026-06-04 14:06:13.014 [main] INFO  o.s.b.w.e.tomcat.TomcatWebServer - Tomcat initialized with port 8080 (http)
2026-06-04 14:06:13.019 [main] INFO  o.a.c.core.AprLifecycleListener - An older version [1.3.1] of the Apache Tomcat Native library is installed, while Tomcat recommends a minimum version of [2.0.5]
2026-06-04 14:06:13.019 [main] INFO  o.a.c.core.AprLifecycleListener - Loaded Apache Tomcat Native library [1.3.1] using APR version [1.7.4].
2026-06-04 14:06:13.042 [main] INFO  o.a.c.core.AprLifecycleListener - OpenSSL successfully initialized [OpenSSL 3.0.14 4 Jun 2024]
2026-06-04 14:06:13.051 [main] INFO  o.a.coyote.http11.Http11NioProtocol - Initializing ProtocolHandler ["http-nio-8080"]
2026-06-04 14:06:13.053 [main] INFO  o.a.catalina.core.StandardService - Starting service [Tomcat]
2026-06-04 14:06:13.053 [main] INFO  o.a.catalina.core.StandardEngine - Starting Servlet engine: [Apache Tomcat/10.1.24]
2026-06-04 14:06:13.131 [main] INFO  o.a.c.c.C.[Tomcat].[localhost].[/] - Initializing Spring embedded WebApplicationContext
2026-06-04 14:06:13.132 [main] INFO  o.s.b.w.s.c.ServletWebServerApplicationContext - Root WebApplicationContext: initialization completed in 3147 ms
2026-06-04 14:06:14.226 [main] INFO  o.s.s.c.a.a.c.InitializeUserDetailsBeanManagerConfigurer$InitializeUserDetailsManagerConfigurer - Global AuthenticationManager configured with UserDetailsService bean with name devUserDetailsService
2026-06-04 14:06:14.320 [main] INFO  o.s.b.a.w.s.WelcomePageHandlerMapping - Adding welcome page template: index
2026-06-04 14:06:14.549 [main] INFO  o.s.s.web.DefaultSecurityFilterChain - Will secure any request with [org.springframework.security.web.session.DisableEncodeUrlFilter@4627dfda, org.springframework.security.web.context.request.async.WebAsyncManagerIntegrationFilter@1f3361e9, org.springframework.security.web.context.SecurityContextHolderFilter@5f5a33ed, org.springframework.security.web.header.HeaderWriterFilter@3c3cd13a, org.springframework.web.filter.CorsFilter@eebc0db, org.springframework.security.web.authentication.logout.LogoutFilter@774013dc, org.springframework.security.web.authentication.UsernamePasswordAuthenticationFilter@112530c3, org.springframework.security.web.savedrequest.RequestCacheAwareFilter@69e36fe3, org.springframework.security.web.servletapi.SecurityContextHolderAwareRequestFilter@46188a89, org.springframework.security.web.authentication.AnonymousAuthenticationFilter@1214c98b, org.springframework.security.web.access.ExceptionTranslationFilter@7fd2a67a, org.springframework.security.web.access.intercept.AuthorizationFilter@174b8d0e]
2026-06-04 14:06:14.858 [main] INFO  o.s.l.c.s.AbstractContextSource - Property 'userDn' not set - anonymous context will be used for read-only operations
2026-06-04 14:06:14.919 [main] INFO  o.a.coyote.http11.Http11NioProtocol - Starting ProtocolHandler ["http-nio-8080"]
2026-06-04 14:06:14.939 [main] INFO  o.s.b.w.e.tomcat.TomcatWebServer - Tomcat started on port 8080 (http) with context path '/'
2026-06-04 14:06:14.945 [main] INFO  com.example.sms.SmsApplication - Started SmsApplication in 6.144 seconds (process running for 7.286)
2026-06-04 14:06:14.953 [main] INFO  com.zaxxer.hikari.HikariDataSource - HikariPool-1 - Starting...
2026-06-04 14:06:15.307 [main] INFO  com.zaxxer.hikari.pool.HikariPool - HikariPool-1 - Added connection net.sf.log4jdbc.sql.jdbcapi.ConnectionSpy@7591cbd1
2026-06-04 14:06:15.310 [main] INFO  com.zaxxer.hikari.HikariDataSource - HikariPool-1 - Start completed.
2026-06-04 14:06:15.386 [main] INFO  jdbc.sqlonly - CREATE USER SMS IDENTIFIED BY 1234

2026-06-04 14:06:15.401 [main] ERROR jdbc.sqlonly - 1. Statement.execute(CREATE USER SMS IDENTIFIED BY 1234) CREATE USER SMS IDENTIFIED BY 1234

java.sql.SQLSyntaxErrorException: ORA-01920: 사용자명 'SMS'(이)가 다른 사용자나 롤 이름과 상충됩니다

	at oracle.jdbc.driver.T4CTTIoer11.processError(T4CTTIoer11.java:629)
	at oracle.jdbc.driver.T4CTTIoer11.processError(T4CTTIoer11.java:563)
	at oracle.jdbc.driver.T4C8Oall.processError(T4C8Oall.java:1230)
	at oracle.jdbc.driver.T4CTTIfun.receive(T4CTTIfun.java:771)
	at oracle.jdbc.driver.T4CTTIfun.doRPC(T4CTTIfun.java:298)
	at oracle.jdbc.driver.T4C8Oall.doOALL(T4C8Oall.java:511)
	at oracle.jdbc.driver.T4CStatement.doOall8(T4CStatement.java:122)
	at oracle.jdbc.driver.T4CStatement.executeForRows(T4CStatement.java:1199)
	at oracle.jdbc.driver.OracleStatement.executeSQLStatement(OracleStatement.java:1819)
	at oracle.jdbc.driver.OracleStatement.doExecuteWithTimeout(OracleStatement.java:1471)
	at oracle.jdbc.driver.OracleStatement.executeInternal(OracleStatement.java:2504)
	at oracle.jdbc.driver.OracleStatement.execute(OracleStatement.java:2459)
	at oracle.jdbc.driver.OracleStatementWrapper.execute(OracleStatementWrapper.java:327)
	at net.sf.log4jdbc.sql.jdbcapi.StatementSpy.execute(StatementSpy.java:923)
	at com.zaxxer.hikari.pool.ProxyStatement.execute(ProxyStatement.java:94)
	at com.zaxxer.hikari.pool.HikariProxyStatement.execute(HikariProxyStatement.java)
	at org.springframework.jdbc.core.JdbcTemplate$1ExecuteStatementCallback.doInStatement(JdbcTemplate.java:435)
	at org.springframework.jdbc.core.JdbcTemplate.execute(JdbcTemplate.java:393)
	at org.springframework.jdbc.core.JdbcTemplate.execute(JdbcTemplate.java:444)
	at com.example.sms.config.TableInitRunner.run(TableInitRunner.java:20)
	at org.springframework.boot.SpringApplication.lambda$callRunner$5(SpringApplication.java:790)
	at org.springframework.util.function.ThrowingConsumer$1.acceptWithException(ThrowingConsumer.java:83)
	at org.springframework.util.function.ThrowingConsumer.accept(ThrowingConsumer.java:60)
	at org.springframework.util.function.ThrowingConsumer$1.accept(ThrowingConsumer.java:88)
	at org.springframework.boot.SpringApplication.callRunner(SpringApplication.java:798)
	at org.springframework.boot.SpringApplication.callRunner(SpringApplication.java:789)
	at org.springframework.boot.SpringApplication.lambda$callRunners$3(SpringApplication.java:774)
	at java.base/java.util.stream.ForEachOps$ForEachOp$OfRef.accept(ForEachOps.java:184)
	at java.base/java.util.stream.SortedOps$SizedRefSortingSink.end(SortedOps.java:357)
	at java.base/java.util.stream.AbstractPipeline.copyInto(AbstractPipeline.java:510)
	at java.base/java.util.stream.AbstractPipeline.wrapAndCopyInto(AbstractPipeline.java:499)
	at java.base/java.util.stream.ForEachOps$ForEachOp.evaluateSequential(ForEachOps.java:151)
	at java.base/java.util.stream.ForEachOps$ForEachOp$OfRef.evaluateSequential(ForEachOps.java:174)
	at java.base/java.util.stream.AbstractPipeline.evaluate(AbstractPipeline.java:234)
	at java.base/java.util.stream.ReferencePipeline.forEach(ReferencePipeline.java:596)
	at org.springframework.boot.SpringApplication.callRunners(SpringApplication.java:774)
	at org.springframework.boot.SpringApplication.run(SpringApplication.java:342)
	at org.springframework.boot.SpringApplication.run(SpringApplication.java:1363)
	at org.springframework.boot.SpringApplication.run(SpringApplication.java:1352)
	at com.example.sms.SmsApplication.main(SmsApplication.java:14)
Caused by: oracle.jdbc.OracleDatabaseException: ORA-01920: 사용자명 'SMS'(이)가 다른 사용자나 롤 이름과 상충됩니다

	at oracle.jdbc.driver.T4CTTIoer11.processError(T4CTTIoer11.java:636)
	... 39 common frames omitted
2026-06-04 14:06:15.418 [main] INFO  jdbc.sqlonly - BEGIN
  EXECUTE IMMEDIATE 'CREATE TABLE TB_DEP (
      DEPT_ID VARCHAR2(12) PRIMARY KEY,
      DEP_NM VARCHAR2(20),
      WRT_DTTM CHAR(14),
      DEL_DTTM CHAR(14),
      ACT_YN CHAR(1)
  )';
EXCEPTION
  WHEN OTHERS THEN
    IF SQLCODE != -955 THEN RAISE; END IF;
END;

2026-06-04 14:06:15.430 [main] INFO  jdbc.sqlonly - BEGIN
  EXECUTE IMMEDIATE 'CREATE TABLE TB_EMP (
      EMP_ID VARCHAR2(12) NOT NULL,
      DEPT_ID VARCHAR2(12) NOT NULL,
      EMP_PASS VARCHAR2(24) NULL,
      EMP_NM VARCHAR2(20) NULL,
      EMP_LEV CHAR(1) NULL,
      REG_DTTM VARCHAR2(14) NULL,
      MAX_SEND_CNT NUMBER NULL,
      PERM_CPN CHAR(1) NULL,
      PERM_SYS CHAR(1) NULL,
      PERM_STA CHAR(1) NULL,
      NOW_SEND_CNT NUMBER NULL,
      LAST_SEND_DT CHAR(8) NULL,
      LOGIN_FAIL_CNT NUMBER NULL,
      EMP_PHONE VARCHAR2(15) NULL,
      PERM_PSN CHAR(1) NULL,
      PERM_AUT CHAR(1) NULL,
      PERM_CPN_AGREE CHAR(1) NULL,
      DEL_DTTM VARCHAR2(14) NULL,
      ACT_YN CHAR(1) NULL,
      LAST_LOGIN_DTTM VARCHAR2(14) NULL,
      PASS_UPDATE_DTTM CHAR(14) NULL,
      PASS_UPDATE_YN CHAR(1) DEFAULT ''N'' NOT NULL,
      PERM_SND_CANCEL CHAR(1) NULL,
      UPDATE_DTTM CHAR(14) NULL,
      PERM_NOM CHAR(1) NULL,
      PERM_NOM_AGREE CHAR(1) NULL,
      PERM_MMS CHAR(1) NULL,
      PERM_MMS_AGREE CHAR(1) NULL,
      OLD_PWD1 VARCHAR2(24) NULL,
      OLD_PWD2 VARCHAR2(24) NULL,
      OLD_PWD3 VARCHAR2(24) NULL,
      OLD_PWD4 VARCHAR2(24) NULL,
      OLD_PWD5 VARCHAR2(24) NULL,
      OLD_PWD6 VARCHAR2(24) NULL,
      OLD_PWD7 VARCHAR2(24) NULL,
      OLD_PWD8 VARCHAR2(24) NULL,
      OLD_PWD9 VARCHAR2(24) NULL,
      OLD_PWD10 VARCHAR2(24) NULL,
      MFA_YN CHAR(1) NULL,
      CONSTRAINT EMP_PK PRIMARY KEY (EMP_ID, DEPT_ID)
  )';
EXCEPTION
  WHEN OTHERS THEN
    IF SQLCODE != -955 THEN RAISE; END IF;
END;

2026-06-04 14:06:15.448 [main] INFO  jdbc.sqlonly - SELECT COUNT(1) FROM EMPLOYEE WHERE EMP_ID = 'admin'

2026-06-04 14:06:15.524 [main] INFO  jdbc.sqlonly - SELECT COUNT(1) FROM TB_DEP

2026-06-04 14:06:15.526 [main] INFO  jdbc.sqlonly - BEGIN
  EXECUTE IMMEDIATE 'CREATE TABLE TB_PRIVACY_AUDIT_LOG (
      log_id NUMBER GENERATED ALWAYS AS IDENTITY PRIMARY KEY,
      executor_id VARCHAR2(50) NOT NULL,
      executor_ip VARCHAR2(50),
      request_url VARCHAR2(200),
      action_type VARCHAR2(100) NOT NULL,
      target_data VARCHAR2(500),
      created_at TIMESTAMP DEFAULT CURRENT_TIMESTAMP
  )';
EXCEPTION
  WHEN OTHERS THEN
    IF SQLCODE != -955 THEN RAISE; END IF;
END;

2026-06-04 14:06:15.533 [main] INFO  jdbc.sqlonly - BEGIN
  EXECUTE IMMEDIATE 'CREATE TABLE TB_ATTACH_FILE (
      file_id NUMBER GENERATED ALWAYS AS IDENTITY PRIMARY KEY,
      original_name VARCHAR2(300) NOT NULL,
      save_name VARCHAR2(300) NOT NULL,
      file_path VARCHAR2(500) NOT NULL,
      file_size NUMBER,
      ext VARCHAR2(10),
      created_at TIMESTAMP DEFAULT CURRENT_TIMESTAMP
  )';
EXCEPTION
  WHEN OTHERS THEN
    IF SQLCODE != -955 THEN RAISE; END IF;
END;

2026-06-04 14:06:15.537 [main] INFO  jdbc.sqlonly - BEGIN
  EXECUTE IMMEDIATE 'CREATE TABLE TB_MESSAGE (
      MSG_ID      NUMBER GENERATED ALWAYS AS IDENTITY PRIMARY KEY,
      DEPT_ID     VARCHAR2(50),
      MSG_CODE    VARCHAR2(50) UNIQUE NOT NULL,
      MSG_TYPE    VARCHAR2(20) DEFAULT ''NORMAL'' NOT NULL,
      MSG_TITLE   VARCHAR2(200) NOT NULL,
      MSG_CONTENT CLOB,
      FORBID_YN   CHAR(1) DEFAULT ''N'',
      SEND_POINT  VARCHAR2(100),
      USE_YN      CHAR(1) DEFAULT ''Y'',
      REG_ID      VARCHAR2(50),
      REG_DT      TIMESTAMP DEFAULT CURRENT_TIMESTAMP,
      UPD_ID      VARCHAR2(50),
      UPD_DT      TIMESTAMP
  )';
EXCEPTION
  WHEN OTHERS THEN
    IF SQLCODE != -955 THEN RAISE; END IF;
END;

2026-06-04 14:06:15.542 [main] INFO  jdbc.sqlonly - BEGIN
  EXECUTE IMMEDIATE 'CREATE TABLE TB_BANK (
      BANK_CD  VARCHAR2(10)  PRIMARY KEY,
      BANK_NM  VARCHAR2(100) NOT NULL,
      SWIFT_CD VARCHAR2(20),
      USE_YN   CHAR(1) DEFAULT ''Y''
  )';
EXCEPTION WHEN OTHERS THEN IF SQLCODE != -955 THEN RAISE; END IF;
END;

2026-06-04 14:06:15.582 [main] INFO  jdbc.sqlonly - SELECT COUNT(1) FROM TB_BANK WHERE BANK_CD = 'KB'

2026-06-04 14:06:15.586 [main] INFO  jdbc.sqlonly - SELECT COUNT(1) FROM TB_BANK WHERE BANK_CD = 'SHIN'

2026-06-04 14:06:15.588 [main] INFO  jdbc.sqlonly - SELECT COUNT(1) FROM TB_BANK WHERE BANK_CD = 'WOORI'

2026-06-04 14:06:15.590 [main] INFO  jdbc.sqlonly - SELECT COUNT(1) FROM TB_BANK WHERE BANK_CD = 'HANA'

2026-06-04 14:06:15.591 [main] INFO  jdbc.sqlonly - SELECT COUNT(1) FROM TB_BANK WHERE BANK_CD = 'IBK'

2026-06-04 14:06:15.592 [main] INFO  jdbc.sqlonly - SELECT COUNT(1) FROM TB_BANK WHERE BANK_CD = 'KEB'

2026-06-04 14:06:15.594 [main] INFO  jdbc.sqlonly - SELECT COUNT(1) FROM TB_BANK WHERE BANK_CD = 'NH'

2026-06-04 14:06:15.596 [main] INFO  jdbc.sqlonly - SELECT COUNT(1) FROM TB_BANK WHERE BANK_CD = 'SC'

2026-06-04 14:06:15.597 [main] INFO  jdbc.sqlonly - SELECT COUNT(1) FROM TB_BANK WHERE BANK_CD = 'CITI'

2026-06-04 14:06:15.599 [main] INFO  jdbc.sqlonly - SELECT COUNT(1) FROM TB_BANK WHERE BANK_CD = 'DGB'

2026-06-04 14:06:15.600 [main] INFO  jdbc.sqlonly - SELECT COUNT(1) FROM TB_BANK WHERE BANK_CD = 'BNK'

2026-06-04 14:06:15.601 [main] INFO  jdbc.sqlonly - SELECT COUNT(1) FROM TB_BANK WHERE BANK_CD = 'JB'

2026-06-04 14:06:15.603 [main] INFO  jdbc.sqlonly - SELECT COUNT(1) FROM TB_BANK WHERE BANK_CD = 'KDB'

2026-06-04 14:06:15.604 [main] INFO  jdbc.sqlonly - SELECT COUNT(1) FROM TB_BANK WHERE BANK_CD = 'KIBO'

2026-06-04 14:06:15.606 [main] INFO  jdbc.sqlonly - BEGIN
  EXECUTE IMMEDIATE 'CREATE TABLE TB_CUSTOMER_SSN (
      PHONE_NO     VARCHAR2(20) PRIMARY KEY,
      SSN_MASKED   VARCHAR2(14),
      HOLDER_NAME  VARCHAR2(100),
      DEPT_NM      VARCHAR2(100),
      INTERMEDIARY VARCHAR2(100),
      REG_DT       TIMESTAMP DEFAULT CURRENT_TIMESTAMP
  )';
EXCEPTION WHEN OTHERS THEN IF SQLCODE != -955 THEN RAISE; END IF;
END;

2026-06-04 14:06:15.611 [main] INFO  jdbc.sqlonly - SELECT COUNT(1) FROM USER_TAB_COLUMNS WHERE TABLE_NAME = 'EMPLOYEE' AND COLUMN_NAME = 'MFA_YN'

2026-06-04 14:06:15.618 [main] INFO  jdbc.sqlonly - SELECT COUNT(1) FROM USER_TAB_COLUMNS WHERE TABLE_NAME = 'CAMPAIGN' AND COLUMN_NAME = 'REG_ID'

2026-06-04 14:06:15.621 [main] INFO  jdbc.sqlonly - SELECT COUNT(1) FROM USER_TAB_COLUMNS WHERE TABLE_NAME = 'CAMPAIGN' AND COLUMN_NAME = 'TARGET_COUNT'

2026-06-04 14:06:15.625 [main] INFO  jdbc.sqlonly - SELECT COUNT(1) FROM USER_TAB_COLUMNS WHERE TABLE_NAME = 'CAMPAIGN' AND COLUMN_NAME = 'APRV_USER'

2026-06-04 14:06:15.627 [main] INFO  jdbc.sqlonly - SELECT COUNT(1) FROM USER_TAB_COLUMNS WHERE TABLE_NAME = 'CAMPAIGN' AND COLUMN_NAME = 'APRV_DT'

2026-06-04 14:06:15.630 [main] INFO  jdbc.sqlonly - SELECT COUNT(1) FROM TB_SMS_HISTORY

2026-06-04 14:06:15.632 [main] INFO  jdbc.sqlonly - DELETE FROM TB_GROUP_CONTACT_MAP

2026-06-04 14:06:15.640 [main] INFO  jdbc.sqlonly - DELETE FROM TB_CONTACT

2026-06-04 14:06:15.647 [main] INFO  jdbc.sqlonly - SELECT GROUP_ID FROM (SELECT GROUP_ID FROM TB_CONTACT_GROUP ORDER BY GROUP_ID DESC) WHERE ROWNUM <= 5

2026-06-04 14:06:15.654 [main] INFO  jdbc.sqlonly - INSERT INTO TB_CONTACT (CONTACT_NM, PHONE_NO, COMPANY_NM, REG_DT, REG_ID) VALUES ('테스트고객1', '010-0001-0001', '(주)테스트기업2', SYSDATE, 'SYSTEM')

2026-06-04 14:06:15.659 [main] INFO  jdbc.sqlonly - INSERT INTO TB_CONTACT (CONTACT_NM, PHONE_NO, COMPANY_NM, REG_DT, REG_ID) VALUES ('테스트고객2', '010-0002-0002', '(주)테스트기업3', SYSDATE, 'SYSTEM')

2026-06-04 14:06:15.662 [main] INFO  jdbc.sqlonly - INSERT INTO TB_CONTACT (CONTACT_NM, PHONE_NO, COMPANY_NM, REG_DT, REG_ID) VALUES ('테스트고객3', '010-0003-0003', '(주)테스트기업1', SYSDATE, 'SYSTEM')

2026-06-04 14:06:15.667 [main] INFO  jdbc.sqlonly - INSERT INTO TB_CONTACT (CONTACT_NM, PHONE_NO, COMPANY_NM, REG_DT, REG_ID) VALUES ('테스트고객4', '010-0004-0004', '(주)테스트기업2', SYSDATE, 'SYSTEM')

2026-06-04 14:06:15.670 [main] INFO  jdbc.sqlonly - INSERT INTO TB_CONTACT (CONTACT_NM, PHONE_NO, COMPANY_NM, REG_DT, REG_ID) VALUES ('테스트고객5', '010-0005-0005', '(주)테스트기업3', SYSDATE, 'SYSTEM')

2026-06-04 14:06:15.674 [main] INFO  jdbc.sqlonly - INSERT INTO TB_CONTACT (CONTACT_NM, PHONE_NO, COMPANY_NM, REG_DT, REG_ID) VALUES ('테스트고객6', '010-0006-0006', '(주)테스트기업1', SYSDATE, 'SYSTEM')

2026-06-04 14:06:15.678 [main] INFO  jdbc.sqlonly - INSERT INTO TB_CONTACT (CONTACT_NM, PHONE_NO, COMPANY_NM, REG_DT, REG_ID) VALUES ('테스트고객7', '010-0007-0007', '(주)테스트기업2', SYSDATE, 'SYSTEM')

2026-06-04 14:06:15.681 [main] INFO  jdbc.sqlonly - INSERT INTO TB_CONTACT (CONTACT_NM, PHONE_NO, COMPANY_NM, REG_DT, REG_ID) VALUES ('테스트고객8', '010-0008-0008', '(주)테스트기업3', SYSDATE, 'SYSTEM')

2026-06-04 14:06:15.684 [main] INFO  jdbc.sqlonly - INSERT INTO TB_CONTACT (CONTACT_NM, PHONE_NO, COMPANY_NM, REG_DT, REG_ID) VALUES ('테스트고객9', '010-0009-0009', '(주)테스트기업1', SYSDATE, 'SYSTEM')

2026-06-04 14:06:15.689 [main] INFO  jdbc.sqlonly - INSERT INTO TB_CONTACT (CONTACT_NM, PHONE_NO, COMPANY_NM, REG_DT, REG_ID) VALUES ('테스트고객10', '010-0010-0010', '(주)테스트기업2', SYSDATE, 'SYSTEM')

2026-06-04 14:06:15.693 [main] INFO  jdbc.sqlonly - INSERT INTO TB_CONTACT (CONTACT_NM, PHONE_NO, COMPANY_NM, REG_DT, REG_ID) VALUES ('테스트고객11', '010-0011-0011', '(주)테스트기업3', SYSDATE, 'SYSTEM')

2026-06-04 14:06:15.699 [main] INFO  jdbc.sqlonly - INSERT INTO TB_CONTACT (CONTACT_NM, PHONE_NO, COMPANY_NM, REG_DT, REG_ID) VALUES ('테스트고객12', '010-0012-0012', '(주)테스트기업1', SYSDATE, 'SYSTEM')

2026-06-04 14:06:15.702 [main] INFO  jdbc.sqlonly - INSERT INTO TB_CONTACT (CONTACT_NM, PHONE_NO, COMPANY_NM, REG_DT, REG_ID) VALUES ('테스트고객13', '010-0013-0013', '(주)테스트기업2', SYSDATE, 'SYSTEM')

2026-06-04 14:06:15.707 [main] INFO  jdbc.sqlonly - INSERT INTO TB_CONTACT (CONTACT_NM, PHONE_NO, COMPANY_NM, REG_DT, REG_ID) VALUES ('테스트고객14', '010-0014-0014', '(주)테스트기업3', SYSDATE, 'SYSTEM')

2026-06-04 14:06:15.710 [main] INFO  jdbc.sqlonly - INSERT INTO TB_CONTACT (CONTACT_NM, PHONE_NO, COMPANY_NM, REG_DT, REG_ID) VALUES ('테스트고객15', '010-0015-0015', '(주)테스트기업1', SYSDATE, 'SYSTEM')

2026-06-04 14:06:15.714 [main] INFO  jdbc.sqlonly - INSERT INTO TB_CONTACT (CONTACT_NM, PHONE_NO, COMPANY_NM, REG_DT, REG_ID) VALUES ('테스트고객16', '010-0016-0016', '(주)테스트기업2', SYSDATE, 'SYSTEM')

2026-06-04 14:06:15.718 [main] INFO  jdbc.sqlonly - INSERT INTO TB_CONTACT (CONTACT_NM, PHONE_NO, COMPANY_NM, REG_DT, REG_ID) VALUES ('테스트고객17', '010-0017-0017', '(주)테스트기업3', SYSDATE, 'SYSTEM')

2026-06-04 14:06:15.722 [main] INFO  jdbc.sqlonly - INSERT INTO TB_CONTACT (CONTACT_NM, PHONE_NO, COMPANY_NM, REG_DT, REG_ID) VALUES ('테스트고객18', '010-0018-0018', '(주)테스트기업1', SYSDATE, 'SYSTEM')

2026-06-04 14:06:15.725 [main] INFO  jdbc.sqlonly - INSERT INTO TB_CONTACT (CONTACT_NM, PHONE_NO, COMPANY_NM, REG_DT, REG_ID) VALUES ('테스트고객19', '010-0019-0019', '(주)테스트기업2', SYSDATE, 'SYSTEM')

2026-06-04 14:06:15.730 [main] INFO  jdbc.sqlonly - INSERT INTO TB_CONTACT (CONTACT_NM, PHONE_NO, COMPANY_NM, REG_DT, REG_ID) VALUES ('테스트고객20', '010-0020-0020', '(주)테스트기업3', SYSDATE, 'SYSTEM')

2026-06-04 14:06:15.735 [main] INFO  jdbc.sqlonly - INSERT INTO TB_CONTACT (CONTACT_NM, PHONE_NO, COMPANY_NM, REG_DT, REG_ID) VALUES ('테스트고객21', '010-0021-0021', '(주)테스트기업1', SYSDATE, 'SYSTEM')

2026-06-04 14:06:15.739 [main] INFO  jdbc.sqlonly - INSERT INTO TB_CONTACT (CONTACT_NM, PHONE_NO, COMPANY_NM, REG_DT, REG_ID) VALUES ('테스트고객22', '010-0022-0022', '(주)테스트기업2', SYSDATE, 'SYSTEM')

2026-06-04 14:06:15.743 [main] INFO  jdbc.sqlonly - INSERT INTO TB_CONTACT (CONTACT_NM, PHONE_NO, COMPANY_NM, REG_DT, REG_ID) VALUES ('테스트고객23', '010-0023-0023', '(주)테스트기업3', SYSDATE, 'SYSTEM')

2026-06-04 14:06:15.747 [main] INFO  jdbc.sqlonly - INSERT INTO TB_CONTACT (CONTACT_NM, PHONE_NO, COMPANY_NM, REG_DT, REG_ID) VALUES ('테스트고객24', '010-0024-0024', '(주)테스트기업1', SYSDATE, 'SYSTEM')

2026-06-04 14:06:15.751 [main] INFO  jdbc.sqlonly - INSERT INTO TB_CONTACT (CONTACT_NM, PHONE_NO, COMPANY_NM, REG_DT, REG_ID) VALUES ('테스트고객25', '010-0025-0025', '(주)테스트기업2', SYSDATE, 'SYSTEM')

2026-06-04 14:06:15.754 [main] INFO  jdbc.sqlonly - INSERT INTO TB_CONTACT (CONTACT_NM, PHONE_NO, COMPANY_NM, REG_DT, REG_ID) VALUES ('테스트고객26', '010-0026-0026', '(주)테스트기업3', SYSDATE, 'SYSTEM')

2026-06-04 14:06:15.759 [main] INFO  jdbc.sqlonly - INSERT INTO TB_CONTACT (CONTACT_NM, PHONE_NO, COMPANY_NM, REG_DT, REG_ID) VALUES ('테스트고객27', '010-0027-0027', '(주)테스트기업1', SYSDATE, 'SYSTEM')

2026-06-04 14:06:15.762 [main] INFO  jdbc.sqlonly - INSERT INTO TB_CONTACT (CONTACT_NM, PHONE_NO, COMPANY_NM, REG_DT, REG_ID) VALUES ('테스트고객28', '010-0028-0028', '(주)테스트기업2', SYSDATE, 'SYSTEM')

2026-06-04 14:06:15.767 [main] INFO  jdbc.sqlonly - INSERT INTO TB_CONTACT (CONTACT_NM, PHONE_NO, COMPANY_NM, REG_DT, REG_ID) VALUES ('테스트고객29', '010-0029-0029', '(주)테스트기업3', SYSDATE, 'SYSTEM')

2026-06-04 14:06:15.771 [main] INFO  jdbc.sqlonly - INSERT INTO TB_CONTACT (CONTACT_NM, PHONE_NO, COMPANY_NM, REG_DT, REG_ID) VALUES ('테스트고객30', '010-0030-0030', '(주)테스트기업1', SYSDATE, 'SYSTEM')

2026-06-04 14:06:15.775 [main] INFO  jdbc.sqlonly - INSERT INTO TB_CONTACT (CONTACT_NM, PHONE_NO, COMPANY_NM, REG_DT, REG_ID) VALUES ('테스트고객31', '010-0031-0031', '(주)테스트기업2', SYSDATE, 'SYSTEM')

2026-06-04 14:06:15.779 [main] INFO  jdbc.sqlonly - INSERT INTO TB_CONTACT (CONTACT_NM, PHONE_NO, COMPANY_NM, REG_DT, REG_ID) VALUES ('테스트고객32', '010-0032-0032', '(주)테스트기업3', SYSDATE, 'SYSTEM')

2026-06-04 14:06:15.784 [main] INFO  jdbc.sqlonly - INSERT INTO TB_CONTACT (CONTACT_NM, PHONE_NO, COMPANY_NM, REG_DT, REG_ID) VALUES ('테스트고객33', '010-0033-0033', '(주)테스트기업1', SYSDATE, 'SYSTEM')

2026-06-04 14:06:15.788 [main] INFO  jdbc.sqlonly - INSERT INTO TB_CONTACT (CONTACT_NM, PHONE_NO, COMPANY_NM, REG_DT, REG_ID) VALUES ('테스트고객34', '010-0034-0034', '(주)테스트기업2', SYSDATE, 'SYSTEM')

2026-06-04 14:06:15.792 [main] INFO  jdbc.sqlonly - INSERT INTO TB_CONTACT (CONTACT_NM, PHONE_NO, COMPANY_NM, REG_DT, REG_ID) VALUES ('테스트고객35', '010-0035-0035', '(주)테스트기업3', SYSDATE, 'SYSTEM')

2026-06-04 14:06:15.796 [main] INFO  jdbc.sqlonly - INSERT INTO TB_CONTACT (CONTACT_NM, PHONE_NO, COMPANY_NM, REG_DT, REG_ID) VALUES ('테스트고객36', '010-0036-0036', '(주)테스트기업1', SYSDATE, 'SYSTEM')

2026-06-04 14:06:15.801 [main] INFO  jdbc.sqlonly - INSERT INTO TB_CONTACT (CONTACT_NM, PHONE_NO, COMPANY_NM, REG_DT, REG_ID) VALUES ('테스트고객37', '010-0037-0037', '(주)테스트기업2', SYSDATE, 'SYSTEM')

2026-06-04 14:06:15.805 [main] INFO  jdbc.sqlonly - INSERT INTO TB_CONTACT (CONTACT_NM, PHONE_NO, COMPANY_NM, REG_DT, REG_ID) VALUES ('테스트고객38', '010-0038-0038', '(주)테스트기업3', SYSDATE, 'SYSTEM')

2026-06-04 14:06:15.809 [main] INFO  jdbc.sqlonly - INSERT INTO TB_CONTACT (CONTACT_NM, PHONE_NO, COMPANY_NM, REG_DT, REG_ID) VALUES ('테스트고객39', '010-0039-0039', '(주)테스트기업1', SYSDATE, 'SYSTEM')

2026-06-04 14:06:15.813 [main] INFO  jdbc.sqlonly - INSERT INTO TB_CONTACT (CONTACT_NM, PHONE_NO, COMPANY_NM, REG_DT, REG_ID) VALUES ('테스트고객40', '010-0040-0040', '(주)테스트기업2', SYSDATE, 'SYSTEM')

2026-06-04 14:06:15.817 [main] INFO  jdbc.sqlonly - INSERT INTO TB_CONTACT (CONTACT_NM, PHONE_NO, COMPANY_NM, REG_DT, REG_ID) VALUES ('테스트고객41', '010-0041-0041', '(주)테스트기업3', SYSDATE, 'SYSTEM')

2026-06-04 14:06:15.821 [main] INFO  jdbc.sqlonly - INSERT INTO TB_CONTACT (CONTACT_NM, PHONE_NO, COMPANY_NM, REG_DT, REG_ID) VALUES ('테스트고객42', '010-0042-0042', '(주)테스트기업1', SYSDATE, 'SYSTEM')

2026-06-04 14:06:15.825 [main] INFO  jdbc.sqlonly - INSERT INTO TB_CONTACT (CONTACT_NM, PHONE_NO, COMPANY_NM, REG_DT, REG_ID) VALUES ('테스트고객43', '010-0043-0043', '(주)테스트기업2', SYSDATE, 'SYSTEM')

2026-06-04 14:06:15.830 [main] INFO  jdbc.sqlonly - INSERT INTO TB_CONTACT (CONTACT_NM, PHONE_NO, COMPANY_NM, REG_DT, REG_ID) VALUES ('테스트고객44', '010-0044-0044', '(주)테스트기업3', SYSDATE, 'SYSTEM')

2026-06-04 14:06:15.834 [main] INFO  jdbc.sqlonly - INSERT INTO TB_CONTACT (CONTACT_NM, PHONE_NO, COMPANY_NM, REG_DT, REG_ID) VALUES ('테스트고객45', '010-0045-0045', '(주)테스트기업1', SYSDATE, 'SYSTEM')

2026-06-04 14:06:15.838 [main] INFO  jdbc.sqlonly - INSERT INTO TB_CONTACT (CONTACT_NM, PHONE_NO, COMPANY_NM, REG_DT, REG_ID) VALUES ('테스트고객46', '010-0046-0046', '(주)테스트기업2', SYSDATE, 'SYSTEM')

2026-06-04 14:06:15.841 [main] INFO  jdbc.sqlonly - INSERT INTO TB_CONTACT (CONTACT_NM, PHONE_NO, COMPANY_NM, REG_DT, REG_ID) VALUES ('테스트고객47', '010-0047-0047', '(주)테스트기업3', SYSDATE, 'SYSTEM')

2026-06-04 14:06:15.845 [main] INFO  jdbc.sqlonly - INSERT INTO TB_CONTACT (CONTACT_NM, PHONE_NO, COMPANY_NM, REG_DT, REG_ID) VALUES ('테스트고객48', '010-0048-0048', '(주)테스트기업1', SYSDATE, 'SYSTEM')

2026-06-04 14:06:15.849 [main] INFO  jdbc.sqlonly - INSERT INTO TB_CONTACT (CONTACT_NM, PHONE_NO, COMPANY_NM, REG_DT, REG_ID) VALUES ('테스트고객49', '010-0049-0049', '(주)테스트기업2', SYSDATE, 'SYSTEM')

2026-06-04 14:06:15.854 [main] INFO  jdbc.sqlonly - INSERT INTO TB_CONTACT (CONTACT_NM, PHONE_NO, COMPANY_NM, REG_DT, REG_ID) VALUES ('테스트고객50', '010-0050-0050', '(주)테스트기업3', SYSDATE, 'SYSTEM')

2026-06-04 14:06:15.859 [main] INFO  jdbc.sqlonly - SELECT CONTACT_ID FROM TB_CONTACT

2026-06-04 14:06:15.867 [main] INFO  jdbc.sqlonly - INSERT INTO TB_GROUP_CONTACT_MAP (GROUP_ID, CONTACT_ID, REG_DT) VALUES ('205', '5671', SYSDATE)

2026-06-04 14:06:15.871 [main] INFO  jdbc.sqlonly - INSERT INTO TB_GROUP_CONTACT_MAP (GROUP_ID, CONTACT_ID, REG_DT) VALUES ('204', '5672', SYSDATE)

2026-06-04 14:06:15.875 [main] INFO  jdbc.sqlonly - INSERT INTO TB_GROUP_CONTACT_MAP (GROUP_ID, CONTACT_ID, REG_DT) VALUES ('203', '5673', SYSDATE)

2026-06-04 14:06:15.878 [main] INFO  jdbc.sqlonly - INSERT INTO TB_GROUP_CONTACT_MAP (GROUP_ID, CONTACT_ID, REG_DT) VALUES ('202', '5674', SYSDATE)

2026-06-04 14:06:15.883 [main] INFO  jdbc.sqlonly - INSERT INTO TB_GROUP_CONTACT_MAP (GROUP_ID, CONTACT_ID, REG_DT) VALUES ('201', '5675', SYSDATE)

2026-06-04 14:06:15.887 [main] INFO  jdbc.sqlonly - INSERT INTO TB_GROUP_CONTACT_MAP (GROUP_ID, CONTACT_ID, REG_DT) VALUES ('205', '5676', SYSDATE)

2026-06-04 14:06:15.891 [main] INFO  jdbc.sqlonly - INSERT INTO TB_GROUP_CONTACT_MAP (GROUP_ID, CONTACT_ID, REG_DT) VALUES ('204', '5677', SYSDATE)

2026-06-04 14:06:15.894 [main] INFO  jdbc.sqlonly - INSERT INTO TB_GROUP_CONTACT_MAP (GROUP_ID, CONTACT_ID, REG_DT) VALUES ('203', '5678', SYSDATE)

2026-06-04 14:06:15.898 [main] INFO  jdbc.sqlonly - INSERT INTO TB_GROUP_CONTACT_MAP (GROUP_ID, CONTACT_ID, REG_DT) VALUES ('202', '5679', SYSDATE)

2026-06-04 14:06:15.902 [main] INFO  jdbc.sqlonly - INSERT INTO TB_GROUP_CONTACT_MAP (GROUP_ID, CONTACT_ID, REG_DT) VALUES ('201', '5680', SYSDATE)

2026-06-04 14:06:15.907 [main] INFO  jdbc.sqlonly - INSERT INTO TB_GROUP_CONTACT_MAP (GROUP_ID, CONTACT_ID, REG_DT) VALUES ('205', '5681', SYSDATE)

2026-06-04 14:06:15.913 [main] INFO  jdbc.sqlonly - INSERT INTO TB_GROUP_CONTACT_MAP (GROUP_ID, CONTACT_ID, REG_DT) VALUES ('204', '5682', SYSDATE)

2026-06-04 14:06:15.917 [main] INFO  jdbc.sqlonly - INSERT INTO TB_GROUP_CONTACT_MAP (GROUP_ID, CONTACT_ID, REG_DT) VALUES ('203', '5683', SYSDATE)

2026-06-04 14:06:15.921 [main] INFO  jdbc.sqlonly - INSERT INTO TB_GROUP_CONTACT_MAP (GROUP_ID, CONTACT_ID, REG_DT) VALUES ('202', '5684', SYSDATE)

2026-06-04 14:06:15.924 [main] INFO  jdbc.sqlonly - INSERT INTO TB_GROUP_CONTACT_MAP (GROUP_ID, CONTACT_ID, REG_DT) VALUES ('201', '5685', SYSDATE)

2026-06-04 14:06:15.928 [main] INFO  jdbc.sqlonly - INSERT INTO TB_GROUP_CONTACT_MAP (GROUP_ID, CONTACT_ID, REG_DT) VALUES ('205', '5686', SYSDATE)

2026-06-04 14:06:15.932 [main] INFO  jdbc.sqlonly - INSERT INTO TB_GROUP_CONTACT_MAP (GROUP_ID, CONTACT_ID, REG_DT) VALUES ('204', '5687', SYSDATE)

2026-06-04 14:06:15.936 [main] INFO  jdbc.sqlonly - INSERT INTO TB_GROUP_CONTACT_MAP (GROUP_ID, CONTACT_ID, REG_DT) VALUES ('203', '5688', SYSDATE)

2026-06-04 14:06:15.940 [main] INFO  jdbc.sqlonly - INSERT INTO TB_GROUP_CONTACT_MAP (GROUP_ID, CONTACT_ID, REG_DT) VALUES ('202', '5689', SYSDATE)

2026-06-04 14:06:15.945 [main] INFO  jdbc.sqlonly - INSERT INTO TB_GROUP_CONTACT_MAP (GROUP_ID, CONTACT_ID, REG_DT) VALUES ('201', '5690', SYSDATE)

2026-06-04 14:06:15.948 [main] INFO  jdbc.sqlonly - INSERT INTO TB_GROUP_CONTACT_MAP (GROUP_ID, CONTACT_ID, REG_DT) VALUES ('205', '5691', SYSDATE)

2026-06-04 14:06:15.952 [main] INFO  jdbc.sqlonly - INSERT INTO TB_GROUP_CONTACT_MAP (GROUP_ID, CONTACT_ID, REG_DT) VALUES ('204', '5692', SYSDATE)

2026-06-04 14:06:15.956 [main] INFO  jdbc.sqlonly - INSERT INTO TB_GROUP_CONTACT_MAP (GROUP_ID, CONTACT_ID, REG_DT) VALUES ('203', '5693', SYSDATE)

2026-06-04 14:06:15.959 [main] INFO  jdbc.sqlonly - INSERT INTO TB_GROUP_CONTACT_MAP (GROUP_ID, CONTACT_ID, REG_DT) VALUES ('202', '5694', SYSDATE)

2026-06-04 14:06:15.963 [main] INFO  jdbc.sqlonly - INSERT INTO TB_GROUP_CONTACT_MAP (GROUP_ID, CONTACT_ID, REG_DT) VALUES ('201', '5695', SYSDATE)

2026-06-04 14:06:15.967 [main] INFO  jdbc.sqlonly - INSERT INTO TB_GROUP_CONTACT_MAP (GROUP_ID, CONTACT_ID, REG_DT) VALUES ('205', '5696', SYSDATE)

2026-06-04 14:06:15.969 [main] INFO  jdbc.sqlonly - INSERT INTO TB_GROUP_CONTACT_MAP (GROUP_ID, CONTACT_ID, REG_DT) VALUES ('204', '5697', SYSDATE)

2026-06-04 14:06:15.972 [main] INFO  jdbc.sqlonly - INSERT INTO TB_GROUP_CONTACT_MAP (GROUP_ID, CONTACT_ID, REG_DT) VALUES ('203', '5698', SYSDATE)

2026-06-04 14:06:15.975 [main] INFO  jdbc.sqlonly - INSERT INTO TB_GROUP_CONTACT_MAP (GROUP_ID, CONTACT_ID, REG_DT) VALUES ('202', '5699', SYSDATE)

2026-06-04 14:06:15.978 [main] INFO  jdbc.sqlonly - INSERT INTO TB_GROUP_CONTACT_MAP (GROUP_ID, CONTACT_ID, REG_DT) VALUES ('201', '5700', SYSDATE)

2026-06-04 14:06:15.982 [main] INFO  jdbc.sqlonly - INSERT INTO TB_GROUP_CONTACT_MAP (GROUP_ID, CONTACT_ID, REG_DT) VALUES ('205', '5701', SYSDATE)

2026-06-04 14:06:15.985 [main] INFO  jdbc.sqlonly - INSERT INTO TB_GROUP_CONTACT_MAP (GROUP_ID, CONTACT_ID, REG_DT) VALUES ('204', '5702', SYSDATE)

2026-06-04 14:06:15.988 [main] INFO  jdbc.sqlonly - INSERT INTO TB_GROUP_CONTACT_MAP (GROUP_ID, CONTACT_ID, REG_DT) VALUES ('203', '5703', SYSDATE)

2026-06-04 14:06:15.992 [main] INFO  jdbc.sqlonly - INSERT INTO TB_GROUP_CONTACT_MAP (GROUP_ID, CONTACT_ID, REG_DT) VALUES ('202', '5704', SYSDATE)

2026-06-04 14:06:15.994 [main] INFO  jdbc.sqlonly - INSERT INTO TB_GROUP_CONTACT_MAP (GROUP_ID, CONTACT_ID, REG_DT) VALUES ('201', '5705', SYSDATE)

2026-06-04 14:06:15.998 [main] INFO  jdbc.sqlonly - INSERT INTO TB_GROUP_CONTACT_MAP (GROUP_ID, CONTACT_ID, REG_DT) VALUES ('205', '5706', SYSDATE)

2026-06-04 14:06:16.001 [main] INFO  jdbc.sqlonly - INSERT INTO TB_GROUP_CONTACT_MAP (GROUP_ID, CONTACT_ID, REG_DT) VALUES ('204', '5707', SYSDATE)

2026-06-04 14:06:16.005 [main] INFO  jdbc.sqlonly - INSERT INTO TB_GROUP_CONTACT_MAP (GROUP_ID, CONTACT_ID, REG_DT) VALUES ('203', '5708', SYSDATE)

2026-06-04 14:06:16.008 [main] INFO  jdbc.sqlonly - INSERT INTO TB_GROUP_CONTACT_MAP (GROUP_ID, CONTACT_ID, REG_DT) VALUES ('202', '5709', SYSDATE)

2026-06-04 14:06:16.012 [main] INFO  jdbc.sqlonly - INSERT INTO TB_GROUP_CONTACT_MAP (GROUP_ID, CONTACT_ID, REG_DT) VALUES ('201', '5710', SYSDATE)

2026-06-04 14:06:16.015 [main] INFO  jdbc.sqlonly - INSERT INTO TB_GROUP_CONTACT_MAP (GROUP_ID, CONTACT_ID, REG_DT) VALUES ('205', '5711', SYSDATE)

2026-06-04 14:06:16.018 [main] INFO  jdbc.sqlonly - INSERT INTO TB_GROUP_CONTACT_MAP (GROUP_ID, CONTACT_ID, REG_DT) VALUES ('204', '5712', SYSDATE)

2026-06-04 14:06:16.021 [main] INFO  jdbc.sqlonly - INSERT INTO TB_GROUP_CONTACT_MAP (GROUP_ID, CONTACT_ID, REG_DT) VALUES ('203', '5713', SYSDATE)

2026-06-04 14:06:16.025 [main] INFO  jdbc.sqlonly - INSERT INTO TB_GROUP_CONTACT_MAP (GROUP_ID, CONTACT_ID, REG_DT) VALUES ('202', '5714', SYSDATE)

2026-06-04 14:06:16.028 [main] INFO  jdbc.sqlonly - INSERT INTO TB_GROUP_CONTACT_MAP (GROUP_ID, CONTACT_ID, REG_DT) VALUES ('201', '5715', SYSDATE)

2026-06-04 14:06:16.032 [main] INFO  jdbc.sqlonly - INSERT INTO TB_GROUP_CONTACT_MAP (GROUP_ID, CONTACT_ID, REG_DT) VALUES ('205', '5716', SYSDATE)

2026-06-04 14:06:16.035 [main] INFO  jdbc.sqlonly - INSERT INTO TB_GROUP_CONTACT_MAP (GROUP_ID, CONTACT_ID, REG_DT) VALUES ('204', '5717', SYSDATE)

2026-06-04 14:06:16.038 [main] INFO  jdbc.sqlonly - INSERT INTO TB_GROUP_CONTACT_MAP (GROUP_ID, CONTACT_ID, REG_DT) VALUES ('203', '5718', SYSDATE)

2026-06-04 14:06:16.042 [main] INFO  jdbc.sqlonly - INSERT INTO TB_GROUP_CONTACT_MAP (GROUP_ID, CONTACT_ID, REG_DT) VALUES ('202', '5719', SYSDATE)

2026-06-04 14:06:16.045 [main] INFO  jdbc.sqlonly - INSERT INTO TB_GROUP_CONTACT_MAP (GROUP_ID, CONTACT_ID, REG_DT) VALUES ('201', '5720', SYSDATE)

2026-06-04 14:06:16.048 [main] INFO  jdbc.sqlonly - DELETE FROM TB_MENU_AUTH WHERE MENU_CD IN (SELECT MENU_CD FROM TB_MENU WHERE MENU_URL LIKE '/contact%')

2026-06-04 14:06:16.051 [main] INFO  jdbc.sqlonly - DELETE FROM TB_MENU WHERE MENU_URL LIKE '/contact%'

2026-06-04 14:06:16.053 [main] INFO  jdbc.sqlonly - DELETE FROM TB_MENU_AUTH WHERE MENU_CD IN (SELECT MENU_CD FROM TB_MENU WHERE MENU_URL = '/basic/notice' AND MENU_CD != 'M_BASIC_NOTICE')

2026-06-04 14:06:16.054 [main] INFO  jdbc.sqlonly - DELETE FROM TB_MENU WHERE MENU_URL = '/basic/notice' AND MENU_CD != 'M_BASIC_NOTICE'

2026-06-04 14:06:16.056 [main] INFO  jdbc.sqlonly - DELETE FROM TB_MENU_AUTH WHERE MENU_CD IN (SELECT MENU_CD FROM TB_MENU WHERE MENU_NM = 'SMS발송조회' AND MENU_CD != 'M_SMS_SEND')

2026-06-04 14:06:16.057 [main] INFO  jdbc.sqlonly - DELETE FROM TB_MENU WHERE MENU_NM = 'SMS발송조회' AND MENU_CD != 'M_SMS_SEND'

2026-06-04 14:06:16.059 [main] INFO  jdbc.sqlonly - DELETE FROM TB_MENU_AUTH WHERE MENU_CD IN (SELECT MENU_CD FROM TB_MENU WHERE MENU_NM = '메세지 발송 이력 조회')

2026-06-04 14:06:16.060 [main] INFO  jdbc.sqlonly - DELETE FROM TB_MENU WHERE MENU_NM = '메세지 발송 이력 조회'

2026-06-04 14:06:16.061 [main] INFO  jdbc.sqlonly - DELETE FROM TB_MENU_AUTH WHERE MENU_CD IN (SELECT MENU_CD FROM TB_MENU WHERE MENU_NM = '발송 이력(엔진 테스트)')

2026-06-04 14:06:16.062 [main] INFO  jdbc.sqlonly - DELETE FROM TB_MENU WHERE MENU_NM = '발송 이력(엔진 테스트)'

2026-06-04 14:06:16.063 [main] INFO  jdbc.sqlonly - DELETE FROM TB_MENU_AUTH WHERE MENU_CD IN (SELECT MENU_CD FROM TB_MENU WHERE MENU_NM = 'SMS 발송조회')

2026-06-04 14:06:16.064 [main] INFO  jdbc.sqlonly - DELETE FROM TB_MENU WHERE MENU_NM = 'SMS 발송조회'

2026-06-04 14:06:16.065 [main] INFO  jdbc.sqlonly - DELETE FROM TB_MENU_AUTH WHERE MENU_CD IN (SELECT MENU_CD FROM TB_MENU WHERE MENU_URL LIKE '/basic/motice')

2026-06-04 14:06:16.066 [main] INFO  jdbc.sqlonly - DELETE FROM TB_MENU WHERE MENU_URL LIKE '/basic/motice'

2026-06-04 14:06:16.067 [main] INFO  jdbc.sqlonly - SELECT COUNT(1) FROM TB_MENU WHERE MENU_CD = 'M_BASIC'

2026-06-04 14:06:16.068 [main] INFO  jdbc.sqlonly - SELECT COUNT(1) FROM TB_MENU WHERE MENU_CD = 'M_SMS_SEND'

2026-06-04 14:06:16.070 [main] INFO  jdbc.sqlonly - SELECT COUNT(1) FROM TB_MENU WHERE MENU_CD = 'M_CAMPAIGN'

2026-06-04 14:06:16.071 [main] INFO  jdbc.sqlonly - SELECT COUNT(1) FROM TB_MENU WHERE MENU_CD = 'M_SYSTEM'

2026-06-04 14:06:16.072 [main] INFO  jdbc.sqlonly - SELECT COUNT(1) FROM TB_MENU WHERE MENU_CD = 'M_ACCOUNT'

2026-06-04 14:06:16.072 [main] INFO  jdbc.sqlonly - SELECT COUNT(1) FROM TB_MENU WHERE MENU_CD = 'M_STAT'

2026-06-04 14:06:16.076 [main] INFO  jdbc.sqlonly - UPDATE TB_MENU SET SORT_ORD = 1 WHERE MENU_CD = 'M_BASIC'

2026-06-04 14:06:16.080 [main] INFO  jdbc.sqlonly - UPDATE TB_MENU SET SORT_ORD = 2 WHERE MENU_CD = 'M_SMS_SEND'

2026-06-04 14:06:16.083 [main] INFO  jdbc.sqlonly - UPDATE TB_MENU SET SORT_ORD = 3 WHERE MENU_CD = 'M_CAMPAIGN'

2026-06-04 14:06:16.087 [main] INFO  jdbc.sqlonly - UPDATE TB_MENU SET SORT_ORD = 4 WHERE MENU_CD = 'M_SYSTEM'

2026-06-04 14:06:16.090 [main] INFO  jdbc.sqlonly - UPDATE TB_MENU SET SORT_ORD = 5 WHERE MENU_CD = 'M_ACCOUNT'

2026-06-04 14:06:16.093 [main] INFO  jdbc.sqlonly - UPDATE TB_MENU SET SORT_ORD = 6 WHERE MENU_CD = 'M_STAT'

2026-06-04 14:06:16.096 [main] INFO  jdbc.sqlonly - SELECT COUNT(1) FROM TB_MENU WHERE MENU_CD = 'M_BASIC_NOTICE'

2026-06-04 14:06:16.097 [main] INFO  jdbc.sqlonly - SELECT COUNT(1) FROM TB_MENU WHERE MENU_CD = 'M_BASIC_MSG'

2026-06-04 14:06:16.099 [main] INFO  jdbc.sqlonly - SELECT COUNT(1) FROM TB_MENU WHERE MENU_CD = 'M_BASIC_MFA'

2026-06-04 14:06:16.100 [main] INFO  jdbc.sqlonly - SELECT COUNT(1) FROM TB_MENU WHERE MENU_CD = 'M_BASIC_CURRENCY'

2026-06-04 14:06:16.101 [main] INFO  jdbc.sqlonly - SELECT COUNT(1) FROM TB_MENU WHERE MENU_CD = 'M_SMS_HISTORY'

2026-06-04 14:06:16.103 [main] INFO  jdbc.sqlonly - SELECT COUNT(1) FROM TB_MENU WHERE MENU_CD = 'M_SMS_CUSTOMER'

2026-06-04 14:06:16.104 [main] INFO  jdbc.sqlonly - SELECT COUNT(1) FROM TB_MENU WHERE MENU_CD = 'M_SMS_SSN'

2026-06-04 14:06:16.106 [main] INFO  jdbc.sqlonly - SELECT COUNT(1) FROM TB_MENU WHERE MENU_CD = 'M_CAMP_TARGET'

2026-06-04 14:06:16.107 [main] INFO  jdbc.sqlonly - SELECT COUNT(1) FROM TB_MENU WHERE MENU_CD = 'M_CAMP_APRV'

2026-06-04 14:06:16.108 [main] INFO  jdbc.sqlonly - SELECT COUNT(1) FROM TB_MENU WHERE MENU_CD = 'M_CAMP_SMS_REG'

2026-06-04 14:06:16.109 [main] INFO  jdbc.sqlonly - SELECT COUNT(1) FROM TB_MENU WHERE MENU_CD = 'M_CAMP_LMS_REG'

2026-06-04 14:06:16.110 [main] INFO  jdbc.sqlonly - SELECT COUNT(1) FROM TB_MENU WHERE MENU_CD = 'M_CAMP_ALM_REG'

2026-06-04 14:06:16.111 [main] INFO  jdbc.sqlonly - SELECT COUNT(1) FROM TB_MENU WHERE MENU_CD = 'M_CAMP_SMS_APR'

2026-06-04 14:06:16.112 [main] INFO  jdbc.sqlonly - SELECT COUNT(1) FROM TB_MENU WHERE MENU_CD = 'M_CAMP_LMS_APR'

2026-06-04 14:06:16.113 [main] INFO  jdbc.sqlonly - SELECT COUNT(1) FROM TB_MENU WHERE MENU_CD = 'M_CAMP_ALM_APR'

2026-06-04 14:06:16.114 [main] INFO  jdbc.sqlonly - SELECT COUNT(1) FROM TB_MENU WHERE MENU_CD = 'M_CAMP_SMS_HIST'

2026-06-04 14:06:16.116 [main] INFO  jdbc.sqlonly - SELECT COUNT(1) FROM TB_MENU WHERE MENU_CD = 'M_CAMP_LMS_HIST'

2026-06-04 14:06:16.117 [main] INFO  jdbc.sqlonly - SELECT COUNT(1) FROM TB_MENU WHERE MENU_CD = 'M_CAMP_ALM_HIST'

2026-06-04 14:06:16.118 [main] INFO  jdbc.sqlonly - SELECT COUNT(1) FROM TB_MENU WHERE MENU_CD = 'M_SYS_DEPT'

2026-06-04 14:06:16.119 [main] INFO  jdbc.sqlonly - SELECT COUNT(1) FROM TB_MENU WHERE MENU_CD = 'M_SYS_MSG'

2026-06-04 14:06:16.120 [main] INFO  jdbc.sqlonly - SELECT COUNT(1) FROM TB_MENU WHERE MENU_CD = 'M_SYS_KAKAO'

2026-06-04 14:06:16.121 [main] INFO  jdbc.sqlonly - SELECT COUNT(1) FROM TB_MENU WHERE MENU_CD = 'M_SYS_AD'

2026-06-04 14:06:16.122 [main] INFO  jdbc.sqlonly - SELECT COUNT(1) FROM TB_MENU WHERE MENU_CD = 'M_SYS_TIME'

2026-06-04 14:06:16.123 [main] INFO  jdbc.sqlonly - SELECT COUNT(1) FROM TB_MENU WHERE MENU_CD = 'M_MENU_MNG'

2026-06-04 14:06:16.125 [main] INFO  jdbc.sqlonly - SELECT COUNT(1) FROM TB_MENU WHERE MENU_CD = 'M_ACCT_USER'

2026-06-04 14:06:16.126 [main] INFO  jdbc.sqlonly - SELECT COUNT(1) FROM TB_MENU WHERE MENU_CD = 'M_STAT_MKTG'

2026-06-04 14:06:26.645 [http-nio-8080-exec-1] INFO  o.a.c.c.C.[Tomcat].[localhost].[/] - Initializing Spring DispatcherServlet 'dispatcherServlet'
2026-06-04 14:06:26.646 [http-nio-8080-exec-1] INFO  o.s.web.servlet.DispatcherServlet - Initializing Servlet 'dispatcherServlet'
2026-06-04 14:06:26.647 [http-nio-8080-exec-1] INFO  o.s.web.servlet.DispatcherServlet - Completed initialization in 1 ms
2026-06-04 14:06:28.375 [http-nio-8080-exec-5] DEBUG c.e.s.mapper.EmployeeMapper.findById - ==>  Preparing: SELECT e.EMP_ID, e.EMP_NAME, e.DEPT_ID, d.DEPT_NM, e.USE_YN, e.USER_ROLE, e.AUTH_READ, e.AUTH_APPROVE, e.AUTH_CAMPAIGN, e.LAST_LOGIN_IP, e.LAST_LOGIN_TIME, e.CREATED_AT, e.UPDATED_AT FROM EMPLOYEE e LEFT JOIN TB_DEPT d ON e.DEPT_ID = d.DEPT_ID WHERE e.EMP_ID = ?
2026-06-04 14:06:28.385 [http-nio-8080-exec-5] DEBUG c.e.s.mapper.EmployeeMapper.findById - ==> Parameters: admin(String)
2026-06-04 14:06:28.385 [http-nio-8080-exec-5] INFO  jdbc.sqlonly - SELECT
            e.EMP_ID, e.EMP_NAME, e.DEPT_ID, d.DEPT_NM, e.USE_YN, e.USER_ROLE,
            e.AUTH_READ, e.AUTH_APPROVE, e.AUTH_CAMPAIGN,
            e.LAST_LOGIN_IP, e.LAST_LOGIN_TIME, e.CREATED_AT, e.UPDATED_AT
        FROM EMPLOYEE e
        LEFT JOIN TB_DEPT d ON e.DEPT_ID = d.DEPT_ID
        WHERE e.EMP_ID = 'admin'

2026-06-04 14:06:28.406 [http-nio-8080-exec-5] DEBUG c.e.s.mapper.EmployeeMapper.findById - <==      Total: 1
2026-06-04 14:06:28.413 [http-nio-8080-exec-5] DEBUG c.e.s.m.M.selectMenusByAuthCode - ==>  Preparing: SELECT A.MENU_CD, A.MENU_NM, A.MENU_URL, A.UP_MENU_CD, A.SORT_ORD, A.USE_YN FROM TB_MENU A INNER JOIN TB_MENU_AUTH B ON A.MENU_CD = B.MENU_CD WHERE A.USE_YN = 'Y' AND B.AUTH_CD = ? ORDER BY A.UP_MENU_CD ASC NULLS FIRST, A.SORT_ORD ASC
2026-06-04 14:06:28.413 [http-nio-8080-exec-5] DEBUG c.e.s.m.M.selectMenusByAuthCode - ==> Parameters: ROLE_ADMIN(String)
2026-06-04 14:06:28.413 [http-nio-8080-exec-5] INFO  jdbc.sqlonly - SELECT 
            A.MENU_CD,
            A.MENU_NM,
            A.MENU_URL,
            A.UP_MENU_CD,
            A.SORT_ORD,
            A.USE_YN
        FROM TB_MENU A
        INNER JOIN TB_MENU_AUTH B ON A.MENU_CD = B.MENU_CD
        WHERE A.USE_YN = 'Y'
          AND B.AUTH_CD = 'ROLE_ADMIN'
        ORDER BY A.UP_MENU_CD ASC NULLS FIRST, A.SORT_ORD ASC

2026-06-04 14:06:28.427 [http-nio-8080-exec-5] DEBUG c.e.s.m.M.selectMenusByAuthCode - <==      Total: 43
2026-06-04 14:06:28.429 [http-nio-8080-exec-5] DEBUG c.e.s.m.E.updateLastLogin - ==>  Preparing: UPDATE EMPLOYEE SET LAST_LOGIN_TIME = CURRENT_TIMESTAMP, LAST_LOGIN_IP = ?, UPDATED_AT = CURRENT_TIMESTAMP WHERE EMP_ID = ?
2026-06-04 14:06:28.430 [http-nio-8080-exec-5] DEBUG c.e.s.m.E.updateLastLogin - ==> Parameters: 0:0:0:0:0:0:0:1(String), admin(String)
2026-06-04 14:06:28.430 [http-nio-8080-exec-5] INFO  jdbc.sqlonly - UPDATE EMPLOYEE
        SET LAST_LOGIN_TIME = CURRENT_TIMESTAMP,
            LAST_LOGIN_IP   = '0:0:0:0:0:0:0:1',
            UPDATED_AT      = CURRENT_TIMESTAMP
        WHERE EMP_ID = 'admin'

2026-06-04 14:06:28.434 [http-nio-8080-exec-5] DEBUG c.e.s.m.E.updateLastLogin - <==    Updates: 1
2026-06-04 14:06:30.030 [http-nio-8080-exec-3] DEBUG c.e.s.m.D.selectKpiSummary - ==>  Preparing: SELECT 1204500 AS totalSendCount, 98.5 AS successRate, 12400 AS failCount, 3500000 AS estimatedCost FROM DUAL
2026-06-04 14:06:30.030 [http-nio-8080-exec-3] DEBUG c.e.s.m.D.selectKpiSummary - ==> Parameters: 
2026-06-04 14:06:30.031 [http-nio-8080-exec-3] INFO  jdbc.sqlonly - SELECT 
            1204500 AS totalSendCount,
            98.5 AS successRate,
            12400 AS failCount,
            3500000 AS estimatedCost
        FROM DUAL

2026-06-04 14:06:30.039 [http-nio-8080-exec-3] DEBUG c.e.s.m.D.selectKpiSummary - <==      Total: 1
2026-06-04 14:06:30.041 [http-nio-8080-exec-3] DEBUG c.e.s.m.D.selectWeeklyTrend - ==>  Preparing: SELECT '월요일' AS dayOfWeek, 240000 AS sendCount, 80 AS percentage FROM DUAL UNION ALL SELECT '화요일' AS dayOfWeek, 180500 AS sendCount, 60 AS percentage FROM DUAL UNION ALL SELECT '수요일' AS dayOfWeek, 310200 AS sendCount, 95 AS percentage FROM DUAL UNION ALL SELECT '목요일' AS dayOfWeek, 150000 AS sendCount, 50 AS percentage FROM DUAL UNION ALL SELECT '금요일' AS dayOfWeek, 290000 AS sendCount, 85 AS percentage FROM DUAL
2026-06-04 14:06:30.041 [http-nio-8080-exec-3] DEBUG c.e.s.m.D.selectWeeklyTrend - ==> Parameters: 
2026-06-04 14:06:30.041 [http-nio-8080-exec-3] INFO  jdbc.sqlonly - SELECT '월요일' AS dayOfWeek, 240000 AS sendCount, 80 AS percentage FROM DUAL UNION ALL
        SELECT '화요일' AS dayOfWeek, 180500 AS sendCount, 60 AS percentage FROM DUAL UNION ALL
        SELECT '수요일' AS dayOfWeek, 310200 AS sendCount, 95 AS percentage FROM DUAL UNION ALL
        SELECT '목요일' AS dayOfWeek, 150000 AS sendCount, 50 AS percentage FROM DUAL UNION ALL
        SELECT '금요일' AS dayOfWeek, 290000 AS sendCount, 85 AS percentage FROM DUAL

2026-06-04 14:06:30.046 [http-nio-8080-exec-3] DEBUG c.e.s.m.D.selectWeeklyTrend - <==      Total: 5
2026-06-04 14:06:30.047 [http-nio-8080-exec-3] DEBUG c.e.s.m.D.selectChannelRatio - ==>  Preparing: SELECT '단문 (SMS)' AS channelName, 65.0 AS ratio, 'bg-primary' AS colorClass FROM DUAL UNION ALL SELECT '장문 (LMS)' AS channelName, 20.5 AS ratio, 'bg-success' AS colorClass FROM DUAL UNION ALL SELECT '알림톡' AS channelName, 10.0 AS ratio, 'bg-warning' AS colorClass FROM DUAL UNION ALL SELECT 'MMS (이미지)' AS channelName, 4.5 AS ratio, 'bg-danger' AS colorClass FROM DUAL
2026-06-04 14:06:30.047 [http-nio-8080-exec-3] DEBUG c.e.s.m.D.selectChannelRatio - ==> Parameters: 
2026-06-04 14:06:30.047 [http-nio-8080-exec-3] INFO  jdbc.sqlonly - SELECT '단문 (SMS)' AS channelName, 65.0 AS ratio, 'bg-primary' AS colorClass FROM DUAL UNION ALL
        SELECT '장문 (LMS)' AS channelName, 20.5 AS ratio, 'bg-success' AS colorClass FROM DUAL UNION ALL
        SELECT '알림톡' AS channelName, 10.0 AS ratio, 'bg-warning' AS colorClass FROM DUAL UNION ALL
        SELECT 'MMS (이미지)' AS channelName, 4.5 AS ratio, 'bg-danger' AS colorClass FROM DUAL

2026-06-04 14:06:30.051 [http-nio-8080-exec-3] DEBUG c.e.s.m.D.selectChannelRatio - <==      Total: 4
2026-06-04 14:06:30.052 [http-nio-8080-exec-3] DEBUG c.e.s.m.D.selectRecentFailLogs - ==>  Preparing: SELECT '2026-06-01 13:42:11' AS failDate, 'SMS' AS sendType, '010-****-1234' AS receiverNo, 'ERR_001' AS errorCode, '결번 / 없는 번호 (통신사 반환)' AS failReason FROM DUAL UNION ALL SELECT '2026-06-01 13:10:05' AS failDate, 'LMS' AS sendType, '010-****-5678' AS receiverNo, 'ERR_042' AS errorCode, '수신자 단말기 전원 꺼짐 (TimeOut)' AS failReason FROM DUAL UNION ALL SELECT '2026-06-01 12:55:30' AS failDate, 'ALIMTALK' AS sendType, '010-****-9999' AS receiverNo, 'ERR_K01' AS errorCode, '카카오톡 채널 차단 고객' AS failReason FROM DUAL UNION ALL SELECT '2026-06-01 11:20:44' AS failDate, 'SMS' AS sendType, '010-****-1111' AS receiverNo, 'ERR_003' AS errorCode, '통신사 스팸 필터링 차단' AS failReason FROM DUAL UNION ALL SELECT '2026-06-01 09:05:12' AS failDate, 'MMS' AS sendType, '010-****-2222' AS receiverNo, 'ERR_099' AS errorCode, '첨부 이미지 용량 초과 (300KB 제한)' AS failReason FROM DUAL
2026-06-04 14:06:30.053 [http-nio-8080-exec-3] DEBUG c.e.s.m.D.selectRecentFailLogs - ==> Parameters: 
2026-06-04 14:06:30.053 [http-nio-8080-exec-3] INFO  jdbc.sqlonly - SELECT '2026-06-01 13:42:11' AS failDate, 'SMS' AS sendType, '010-****-1234' AS receiverNo, 'ERR_001' AS errorCode, '결번 / 없는 번호 (통신사 반환)' AS failReason FROM DUAL UNION ALL
        SELECT '2026-06-01 13:10:05' AS failDate, 'LMS' AS sendType, '010-****-5678' AS receiverNo, 'ERR_042' AS errorCode, '수신자 단말기 전원 꺼짐 (TimeOut)' AS failReason FROM DUAL UNION ALL
        SELECT '2026-06-01 12:55:30' AS failDate, 'ALIMTALK' AS sendType, '010-****-9999' AS receiverNo, 'ERR_K01' AS errorCode, '카카오톡 채널 차단 고객' AS failReason FROM DUAL UNION ALL
        SELECT '2026-06-01 11:20:44' AS failDate, 'SMS' AS sendType, '010-****-1111' AS receiverNo, 'ERR_003' AS errorCode, '통신사 스팸 필터링 차단' AS failReason FROM DUAL UNION ALL
        SELECT '2026-06-01 09:05:12' AS failDate, 'MMS' AS sendType, '010-****-2222' AS receiverNo, 'ERR_099' AS errorCode, '첨부 이미지 용량 초과 (300KB 제한)' AS failReason FROM DUAL

2026-06-04 14:06:30.057 [http-nio-8080-exec-3] DEBUG c.e.s.m.D.selectRecentFailLogs - <==      Total: 5
2026-06-04 14:07:33.811 [http-nio-8080-exec-6] DEBUG c.e.s.m.MenuMapper.countAuthForUrl - ==>  Preparing: SELECT COUNT(1) FROM TB_MENU A INNER JOIN TB_MENU_AUTH B ON A.MENU_CD = B.MENU_CD WHERE A.USE_YN = 'Y' AND A.MENU_URL = ? AND B.AUTH_CD = ?
2026-06-04 14:07:33.812 [http-nio-8080-exec-6] DEBUG c.e.s.m.MenuMapper.countAuthForUrl - ==> Parameters: /sms/history(String), ROLE_ADMIN(String)
2026-06-04 14:07:33.812 [http-nio-8080-exec-6] INFO  jdbc.sqlonly - SELECT COUNT(1)
        FROM TB_MENU A
        INNER JOIN TB_MENU_AUTH B ON A.MENU_CD = B.MENU_CD
        WHERE A.USE_YN = 'Y'
          AND A.MENU_URL = '/sms/history'
          AND B.AUTH_CD = 'ROLE_ADMIN'

2026-06-04 14:07:33.825 [http-nio-8080-exec-6] DEBUG c.e.s.m.MenuMapper.countAuthForUrl - <==      Total: 1
2026-06-04 14:07:34.249 [http-nio-8080-exec-7] DEBUG c.e.s.m.MenuMapper.countAuthForUrl - ==>  Preparing: SELECT COUNT(1) FROM TB_MENU A INNER JOIN TB_MENU_AUTH B ON A.MENU_CD = B.MENU_CD WHERE A.USE_YN = 'Y' AND A.MENU_URL = ? AND B.AUTH_CD = ?
2026-06-04 14:07:34.250 [http-nio-8080-exec-7] DEBUG c.e.s.m.MenuMapper.countAuthForUrl - ==> Parameters: /sms/history(String), ROLE_ADMIN(String)
2026-06-04 14:07:34.250 [http-nio-8080-exec-7] INFO  jdbc.sqlonly - SELECT COUNT(1)
        FROM TB_MENU A
        INNER JOIN TB_MENU_AUTH B ON A.MENU_CD = B.MENU_CD
        WHERE A.USE_YN = 'Y'
          AND A.MENU_URL = '/sms/history'
          AND B.AUTH_CD = 'ROLE_ADMIN'

2026-06-04 14:07:34.253 [http-nio-8080-exec-7] DEBUG c.e.s.m.MenuMapper.countAuthForUrl - <==      Total: 1
2026-06-04 14:07:34.272 [http-nio-8080-exec-2] DEBUG c.e.s.m.C.selectActiveDepartments - ==>  Preparing: SELECT DEPT_ID AS code, DEPT_NM AS name FROM TB_DEPT ORDER BY DEPT_NM ASC
2026-06-04 14:07:34.272 [http-nio-8080-exec-2] DEBUG c.e.s.m.C.selectActiveDepartments - ==> Parameters: 
2026-06-04 14:07:34.272 [http-nio-8080-exec-2] INFO  jdbc.sqlonly - SELECT DEPT_ID AS code, DEPT_NM AS name
        FROM TB_DEPT
        ORDER BY DEPT_NM ASC

2026-06-04 14:07:34.276 [http-nio-8080-exec-2] DEBUG c.e.s.m.C.selectActiveDepartments - <==      Total: 3
2026-06-04 14:07:34.338 [http-nio-8080-exec-7] DEBUG c.e.s.m.P.insertAuditLog - ==>  Preparing: INSERT INTO TB_PRIVACY_AUDIT_LOG ( executor_id, executor_ip, request_url, action_type, target_data ) VALUES ( ?, ?, ?, ?, ? )
2026-06-04 14:07:34.339 [http-nio-8080-exec-7] DEBUG c.e.s.m.P.insertAuditLog - ==> Parameters: admin(String), 0:0:0:0:0:0:0:1(String), /sms/history/data(String), SMS 발송내역 조회 (수신번호·메세지 포함)(String), [{"page":1,"size":10,"keyword":null,"searchType":null,"startDateTime":"202606040000","endDateTime":"202606042359","sendStatus":"","receiverNo":"","sendType":"","offset":0}](String)
2026-06-04 14:07:34.339 [http-nio-8080-exec-7] INFO  jdbc.sqlonly - INSERT INTO TB_PRIVACY_AUDIT_LOG (
            executor_id,
            executor_ip,
            request_url,
            action_type,
            target_data
        ) VALUES (
            'admin',
            '0:0:0:0:0:0:0:1',
            '/sms/history/data',
            'SMS 발송내역 조회 (수신번호·메세지 포함)',
            '[{"page":1,"size":10,"keyword":null,"searchType":null,"startDateTime":"202606040000","endDateTime":"202606042359","sendStatus":"","receiverNo":"","sendType":"","offset":0}]'
        )

2026-06-04 14:07:34.345 [http-nio-8080-exec-7] DEBUG c.e.s.m.P.insertAuditLog - <==    Updates: 1
2026-06-04 14:07:34.385 [http-nio-8080-exec-7] DEBUG c.e.s.m.sms.SmsHistoryMapper.count - ==>  Preparing: SELECT COUNT(1) FROM SMS_HISTORY WHERE SENT_AT >= TO_TIMESTAMP(REPLACE(?, 'T', ' '), 'YYYY-MM-DD HH24:MI') AND SENT_AT <= TO_TIMESTAMP(REPLACE(?, 'T', ' '), 'YYYY-MM-DD HH24:MI')
2026-06-04 14:07:34.385 [http-nio-8080-exec-7] DEBUG c.e.s.m.sms.SmsHistoryMapper.count - ==> Parameters: 202606040000(String), 202606042359(String)
2026-06-04 14:07:34.385 [http-nio-8080-exec-7] INFO  jdbc.sqlonly - SELECT COUNT(1) FROM SMS_HISTORY

         WHERE  SENT_AT >= TO_TIMESTAMP(REPLACE('202606040000', 'T', ' '), 'YYYY-MM-DD HH24:MI')
                AND SENT_AT <= TO_TIMESTAMP(REPLACE('202606042359',   'T', ' '), 'YYYY-MM-DD HH24:MI')

2026-06-04 14:07:34.428 [http-nio-8080-exec-7] DEBUG c.e.s.m.sms.SmsHistoryMapper.count - <==      Total: 1
2026-06-04 14:07:34.430 [http-nio-8080-exec-7] DEBUG c.e.s.m.s.S.selectList - ==>  Preparing: SELECT h.ID, h.CAMPAIGN_NAME, h.SEND_TYPE, h.SENDER_NO, h.RECEIVER_NO, h.MESSAGE, h.SEND_STATUS, h.RESEND_YN, h.RESULT_CODE, h.RESULT_MESSAGE, (SELECT sl.TELECOM FROM SMS_SEND_LOG sl WHERE sl.RECEIVER_NO = h.RECEIVER_NO AND ROWNUM = 1) AS telecom, h.RESERVED_AT, h.SENT_AT, h.CREATED_AT, h.UPDATED_AT FROM SMS_HISTORY h WHERE SENT_AT >= TO_TIMESTAMP(REPLACE(?, 'T', ' '), 'YYYY-MM-DD HH24:MI') AND SENT_AT <= TO_TIMESTAMP(REPLACE(?, 'T', ' '), 'YYYY-MM-DD HH24:MI') ORDER BY h.SENT_AT DESC, h.ID DESC OFFSET ? ROWS FETCH NEXT ? ROWS ONLY
2026-06-04 14:07:34.431 [http-nio-8080-exec-7] DEBUG c.e.s.m.s.S.selectList - ==> Parameters: 202606040000(String), 202606042359(String), 0(Integer), 10(Integer)
2026-06-04 14:07:34.431 [http-nio-8080-exec-7] INFO  jdbc.sqlonly - SELECT
            h.ID, h.CAMPAIGN_NAME, h.SEND_TYPE, h.SENDER_NO, h.RECEIVER_NO,
            h.MESSAGE, h.SEND_STATUS, h.RESEND_YN, h.RESULT_CODE, h.RESULT_MESSAGE,
            (SELECT sl.TELECOM FROM SMS_SEND_LOG sl
             WHERE sl.RECEIVER_NO = h.RECEIVER_NO AND ROWNUM = 1) AS telecom,
            h.RESERVED_AT, h.SENT_AT, h.CREATED_AT, h.UPDATED_AT
        FROM SMS_HISTORY h

         WHERE  SENT_AT >= TO_TIMESTAMP(REPLACE('202606040000', 'T', ' '), 'YYYY-MM-DD HH24:MI')
                AND SENT_AT <= TO_TIMESTAMP(REPLACE('202606042359',   'T', ' '), 'YYYY-MM-DD HH24:MI') 

        ORDER BY h.SENT_AT DESC, h.ID DESC
        OFFSET 0 ROWS FETCH NEXT 10 ROWS ONLY

2026-06-04 14:07:34.455 [http-nio-8080-exec-7] DEBUG c.e.s.m.s.S.selectList - <==      Total: 0
2026-06-04 14:50:11.605 [HikariPool-1 housekeeper] WARN  com.zaxxer.hikari.pool.HikariPool - HikariPool-1 - Thread starvation or clock leap detected (housekeeper delta=27m26s42ms586µs800ns).
2026-06-04 14:57:21.277 [http-nio-8080-exec-8] DEBUG c.e.s.mapper.EmployeeMapper.findById - ==>  Preparing: SELECT e.EMP_ID, e.EMP_NAME, e.DEPT_ID, d.DEPT_NM, e.USE_YN, e.USER_ROLE, e.AUTH_READ, e.AUTH_APPROVE, e.AUTH_CAMPAIGN, e.LAST_LOGIN_IP, e.LAST_LOGIN_TIME, e.CREATED_AT, e.UPDATED_AT FROM EMPLOYEE e LEFT JOIN TB_DEPT d ON e.DEPT_ID = d.DEPT_ID WHERE e.EMP_ID = ?
2026-06-04 14:57:21.278 [http-nio-8080-exec-8] DEBUG c.e.s.mapper.EmployeeMapper.findById - ==> Parameters: admin(String)
2026-06-04 14:57:21.278 [http-nio-8080-exec-8] INFO  jdbc.sqlonly - SELECT
            e.EMP_ID, e.EMP_NAME, e.DEPT_ID, d.DEPT_NM, e.USE_YN, e.USER_ROLE,
            e.AUTH_READ, e.AUTH_APPROVE, e.AUTH_CAMPAIGN,
            e.LAST_LOGIN_IP, e.LAST_LOGIN_TIME, e.CREATED_AT, e.UPDATED_AT
        FROM EMPLOYEE e
        LEFT JOIN TB_DEPT d ON e.DEPT_ID = d.DEPT_ID
        WHERE e.EMP_ID = 'admin'

2026-06-04 14:57:21.282 [http-nio-8080-exec-8] DEBUG c.e.s.mapper.EmployeeMapper.findById - <==      Total: 1
2026-06-04 14:57:21.282 [http-nio-8080-exec-8] DEBUG c.e.s.m.M.selectMenusByAuthCode - ==>  Preparing: SELECT A.MENU_CD, A.MENU_NM, A.MENU_URL, A.UP_MENU_CD, A.SORT_ORD, A.USE_YN FROM TB_MENU A INNER JOIN TB_MENU_AUTH B ON A.MENU_CD = B.MENU_CD WHERE A.USE_YN = 'Y' AND B.AUTH_CD = ? ORDER BY A.UP_MENU_CD ASC NULLS FIRST, A.SORT_ORD ASC
2026-06-04 14:57:21.283 [http-nio-8080-exec-8] DEBUG c.e.s.m.M.selectMenusByAuthCode - ==> Parameters: ROLE_ADMIN(String)
2026-06-04 14:57:21.283 [http-nio-8080-exec-8] INFO  jdbc.sqlonly - SELECT 
            A.MENU_CD,
            A.MENU_NM,
            A.MENU_URL,
            A.UP_MENU_CD,
            A.SORT_ORD,
            A.USE_YN
        FROM TB_MENU A
        INNER JOIN TB_MENU_AUTH B ON A.MENU_CD = B.MENU_CD
        WHERE A.USE_YN = 'Y'
          AND B.AUTH_CD = 'ROLE_ADMIN'
        ORDER BY A.UP_MENU_CD ASC NULLS FIRST, A.SORT_ORD ASC

2026-06-04 14:57:21.295 [http-nio-8080-exec-8] DEBUG c.e.s.m.M.selectMenusByAuthCode - <==      Total: 43
2026-06-04 14:57:21.295 [http-nio-8080-exec-8] DEBUG c.e.s.m.E.updateLastLogin - ==>  Preparing: UPDATE EMPLOYEE SET LAST_LOGIN_TIME = CURRENT_TIMESTAMP, LAST_LOGIN_IP = ?, UPDATED_AT = CURRENT_TIMESTAMP WHERE EMP_ID = ?
2026-06-04 14:57:21.296 [http-nio-8080-exec-8] DEBUG c.e.s.m.E.updateLastLogin - ==> Parameters: 0:0:0:0:0:0:0:1(String), admin(String)
2026-06-04 14:57:21.296 [http-nio-8080-exec-8] INFO  jdbc.sqlonly - UPDATE EMPLOYEE
        SET LAST_LOGIN_TIME = CURRENT_TIMESTAMP,
            LAST_LOGIN_IP   = '0:0:0:0:0:0:0:1',
            UPDATED_AT      = CURRENT_TIMESTAMP
        WHERE EMP_ID = 'admin'

2026-06-04 14:57:21.300 [http-nio-8080-exec-8] DEBUG c.e.s.m.E.updateLastLogin - <==    Updates: 1
2026-06-04 14:57:21.470 [http-nio-8080-exec-7] DEBUG c.e.s.m.D.selectKpiSummary - ==>  Preparing: SELECT 1204500 AS totalSendCount, 98.5 AS successRate, 12400 AS failCount, 3500000 AS estimatedCost FROM DUAL
2026-06-04 14:57:21.471 [http-nio-8080-exec-7] DEBUG c.e.s.m.D.selectKpiSummary - ==> Parameters: 
2026-06-04 14:57:21.471 [http-nio-8080-exec-7] INFO  jdbc.sqlonly - SELECT 
            1204500 AS totalSendCount,
            98.5 AS successRate,
            12400 AS failCount,
            3500000 AS estimatedCost
        FROM DUAL

2026-06-04 14:57:21.474 [http-nio-8080-exec-7] DEBUG c.e.s.m.D.selectKpiSummary - <==      Total: 1
2026-06-04 14:57:21.474 [http-nio-8080-exec-7] DEBUG c.e.s.m.D.selectWeeklyTrend - ==>  Preparing: SELECT '월요일' AS dayOfWeek, 240000 AS sendCount, 80 AS percentage FROM DUAL UNION ALL SELECT '화요일' AS dayOfWeek, 180500 AS sendCount, 60 AS percentage FROM DUAL UNION ALL SELECT '수요일' AS dayOfWeek, 310200 AS sendCount, 95 AS percentage FROM DUAL UNION ALL SELECT '목요일' AS dayOfWeek, 150000 AS sendCount, 50 AS percentage FROM DUAL UNION ALL SELECT '금요일' AS dayOfWeek, 290000 AS sendCount, 85 AS percentage FROM DUAL
2026-06-04 14:57:21.474 [http-nio-8080-exec-7] DEBUG c.e.s.m.D.selectWeeklyTrend - ==> Parameters: 
2026-06-04 14:57:21.475 [http-nio-8080-exec-7] INFO  jdbc.sqlonly - SELECT '월요일' AS dayOfWeek, 240000 AS sendCount, 80 AS percentage FROM DUAL UNION ALL
        SELECT '화요일' AS dayOfWeek, 180500 AS sendCount, 60 AS percentage FROM DUAL UNION ALL
        SELECT '수요일' AS dayOfWeek, 310200 AS sendCount, 95 AS percentage FROM DUAL UNION ALL
        SELECT '목요일' AS dayOfWeek, 150000 AS sendCount, 50 AS percentage FROM DUAL UNION ALL
        SELECT '금요일' AS dayOfWeek, 290000 AS sendCount, 85 AS percentage FROM DUAL

2026-06-04 14:57:21.477 [http-nio-8080-exec-7] DEBUG c.e.s.m.D.selectWeeklyTrend - <==      Total: 5
2026-06-04 14:57:21.478 [http-nio-8080-exec-7] DEBUG c.e.s.m.D.selectChannelRatio - ==>  Preparing: SELECT '단문 (SMS)' AS channelName, 65.0 AS ratio, 'bg-primary' AS colorClass FROM DUAL UNION ALL SELECT '장문 (LMS)' AS channelName, 20.5 AS ratio, 'bg-success' AS colorClass FROM DUAL UNION ALL SELECT '알림톡' AS channelName, 10.0 AS ratio, 'bg-warning' AS colorClass FROM DUAL UNION ALL SELECT 'MMS (이미지)' AS channelName, 4.5 AS ratio, 'bg-danger' AS colorClass FROM DUAL
2026-06-04 14:57:21.478 [http-nio-8080-exec-7] DEBUG c.e.s.m.D.selectChannelRatio - ==> Parameters: 
2026-06-04 14:57:21.478 [http-nio-8080-exec-7] INFO  jdbc.sqlonly - SELECT '단문 (SMS)' AS channelName, 65.0 AS ratio, 'bg-primary' AS colorClass FROM DUAL UNION ALL
        SELECT '장문 (LMS)' AS channelName, 20.5 AS ratio, 'bg-success' AS colorClass FROM DUAL UNION ALL
        SELECT '알림톡' AS channelName, 10.0 AS ratio, 'bg-warning' AS colorClass FROM DUAL UNION ALL
        SELECT 'MMS (이미지)' AS channelName, 4.5 AS ratio, 'bg-danger' AS colorClass FROM DUAL

2026-06-04 14:57:21.481 [http-nio-8080-exec-7] DEBUG c.e.s.m.D.selectChannelRatio - <==      Total: 4
2026-06-04 14:57:21.481 [http-nio-8080-exec-7] DEBUG c.e.s.m.D.selectRecentFailLogs - ==>  Preparing: SELECT '2026-06-01 13:42:11' AS failDate, 'SMS' AS sendType, '010-****-1234' AS receiverNo, 'ERR_001' AS errorCode, '결번 / 없는 번호 (통신사 반환)' AS failReason FROM DUAL UNION ALL SELECT '2026-06-01 13:10:05' AS failDate, 'LMS' AS sendType, '010-****-5678' AS receiverNo, 'ERR_042' AS errorCode, '수신자 단말기 전원 꺼짐 (TimeOut)' AS failReason FROM DUAL UNION ALL SELECT '2026-06-01 12:55:30' AS failDate, 'ALIMTALK' AS sendType, '010-****-9999' AS receiverNo, 'ERR_K01' AS errorCode, '카카오톡 채널 차단 고객' AS failReason FROM DUAL UNION ALL SELECT '2026-06-01 11:20:44' AS failDate, 'SMS' AS sendType, '010-****-1111' AS receiverNo, 'ERR_003' AS errorCode, '통신사 스팸 필터링 차단' AS failReason FROM DUAL UNION ALL SELECT '2026-06-01 09:05:12' AS failDate, 'MMS' AS sendType, '010-****-2222' AS receiverNo, 'ERR_099' AS errorCode, '첨부 이미지 용량 초과 (300KB 제한)' AS failReason FROM DUAL
2026-06-04 14:57:21.481 [http-nio-8080-exec-7] DEBUG c.e.s.m.D.selectRecentFailLogs - ==> Parameters: 
2026-06-04 14:57:21.481 [http-nio-8080-exec-7] INFO  jdbc.sqlonly - SELECT '2026-06-01 13:42:11' AS failDate, 'SMS' AS sendType, '010-****-1234' AS receiverNo, 'ERR_001' AS errorCode, '결번 / 없는 번호 (통신사 반환)' AS failReason FROM DUAL UNION ALL
        SELECT '2026-06-01 13:10:05' AS failDate, 'LMS' AS sendType, '010-****-5678' AS receiverNo, 'ERR_042' AS errorCode, '수신자 단말기 전원 꺼짐 (TimeOut)' AS failReason FROM DUAL UNION ALL
        SELECT '2026-06-01 12:55:30' AS failDate, 'ALIMTALK' AS sendType, '010-****-9999' AS receiverNo, 'ERR_K01' AS errorCode, '카카오톡 채널 차단 고객' AS failReason FROM DUAL UNION ALL
        SELECT '2026-06-01 11:20:44' AS failDate, 'SMS' AS sendType, '010-****-1111' AS receiverNo, 'ERR_003' AS errorCode, '통신사 스팸 필터링 차단' AS failReason FROM DUAL UNION ALL
        SELECT '2026-06-01 09:05:12' AS failDate, 'MMS' AS sendType, '010-****-2222' AS receiverNo, 'ERR_099' AS errorCode, '첨부 이미지 용량 초과 (300KB 제한)' AS failReason FROM DUAL

2026-06-04 14:57:21.483 [http-nio-8080-exec-7] DEBUG c.e.s.m.D.selectRecentFailLogs - <==      Total: 5
2026-06-04 15:02:21.484 [http-nio-8080-exec-6] DEBUG c.e.s.m.D.selectKpiSummary - ==>  Preparing: SELECT 1204500 AS totalSendCount, 98.5 AS successRate, 12400 AS failCount, 3500000 AS estimatedCost FROM DUAL
2026-06-04 15:02:21.484 [http-nio-8080-exec-6] DEBUG c.e.s.m.D.selectKpiSummary - ==> Parameters: 
2026-06-04 15:02:21.484 [http-nio-8080-exec-6] INFO  jdbc.sqlonly - SELECT 
            1204500 AS totalSendCount,
            98.5 AS successRate,
            12400 AS failCount,
            3500000 AS estimatedCost
        FROM DUAL

2026-06-04 15:02:21.486 [http-nio-8080-exec-6] DEBUG c.e.s.m.D.selectKpiSummary - <==      Total: 1
2026-06-04 15:02:21.486 [http-nio-8080-exec-6] DEBUG c.e.s.m.D.selectWeeklyTrend - ==>  Preparing: SELECT '월요일' AS dayOfWeek, 240000 AS sendCount, 80 AS percentage FROM DUAL UNION ALL SELECT '화요일' AS dayOfWeek, 180500 AS sendCount, 60 AS percentage FROM DUAL UNION ALL SELECT '수요일' AS dayOfWeek, 310200 AS sendCount, 95 AS percentage FROM DUAL UNION ALL SELECT '목요일' AS dayOfWeek, 150000 AS sendCount, 50 AS percentage FROM DUAL UNION ALL SELECT '금요일' AS dayOfWeek, 290000 AS sendCount, 85 AS percentage FROM DUAL
2026-06-04 15:02:21.486 [http-nio-8080-exec-6] DEBUG c.e.s.m.D.selectWeeklyTrend - ==> Parameters: 
2026-06-04 15:02:21.486 [http-nio-8080-exec-6] INFO  jdbc.sqlonly - SELECT '월요일' AS dayOfWeek, 240000 AS sendCount, 80 AS percentage FROM DUAL UNION ALL
        SELECT '화요일' AS dayOfWeek, 180500 AS sendCount, 60 AS percentage FROM DUAL UNION ALL
        SELECT '수요일' AS dayOfWeek, 310200 AS sendCount, 95 AS percentage FROM DUAL UNION ALL
        SELECT '목요일' AS dayOfWeek, 150000 AS sendCount, 50 AS percentage FROM DUAL UNION ALL
        SELECT '금요일' AS dayOfWeek, 290000 AS sendCount, 85 AS percentage FROM DUAL

2026-06-04 15:02:21.489 [http-nio-8080-exec-6] DEBUG c.e.s.m.D.selectWeeklyTrend - <==      Total: 5
2026-06-04 15:02:21.490 [http-nio-8080-exec-6] DEBUG c.e.s.m.D.selectChannelRatio - ==>  Preparing: SELECT '단문 (SMS)' AS channelName, 65.0 AS ratio, 'bg-primary' AS colorClass FROM DUAL UNION ALL SELECT '장문 (LMS)' AS channelName, 20.5 AS ratio, 'bg-success' AS colorClass FROM DUAL UNION ALL SELECT '알림톡' AS channelName, 10.0 AS ratio, 'bg-warning' AS colorClass FROM DUAL UNION ALL SELECT 'MMS (이미지)' AS channelName, 4.5 AS ratio, 'bg-danger' AS colorClass FROM DUAL
2026-06-04 15:02:21.490 [http-nio-8080-exec-6] DEBUG c.e.s.m.D.selectChannelRatio - ==> Parameters: 
2026-06-04 15:02:21.490 [http-nio-8080-exec-6] INFO  jdbc.sqlonly - SELECT '단문 (SMS)' AS channelName, 65.0 AS ratio, 'bg-primary' AS colorClass FROM DUAL UNION ALL
        SELECT '장문 (LMS)' AS channelName, 20.5 AS ratio, 'bg-success' AS colorClass FROM DUAL UNION ALL
        SELECT '알림톡' AS channelName, 10.0 AS ratio, 'bg-warning' AS colorClass FROM DUAL UNION ALL
        SELECT 'MMS (이미지)' AS channelName, 4.5 AS ratio, 'bg-danger' AS colorClass FROM DUAL

2026-06-04 15:02:21.491 [http-nio-8080-exec-6] DEBUG c.e.s.m.D.selectChannelRatio - <==      Total: 4
2026-06-04 15:02:21.492 [http-nio-8080-exec-6] DEBUG c.e.s.m.D.selectRecentFailLogs - ==>  Preparing: SELECT '2026-06-01 13:42:11' AS failDate, 'SMS' AS sendType, '010-****-1234' AS receiverNo, 'ERR_001' AS errorCode, '결번 / 없는 번호 (통신사 반환)' AS failReason FROM DUAL UNION ALL SELECT '2026-06-01 13:10:05' AS failDate, 'LMS' AS sendType, '010-****-5678' AS receiverNo, 'ERR_042' AS errorCode, '수신자 단말기 전원 꺼짐 (TimeOut)' AS failReason FROM DUAL UNION ALL SELECT '2026-06-01 12:55:30' AS failDate, 'ALIMTALK' AS sendType, '010-****-9999' AS receiverNo, 'ERR_K01' AS errorCode, '카카오톡 채널 차단 고객' AS failReason FROM DUAL UNION ALL SELECT '2026-06-01 11:20:44' AS failDate, 'SMS' AS sendType, '010-****-1111' AS receiverNo, 'ERR_003' AS errorCode, '통신사 스팸 필터링 차단' AS failReason FROM DUAL UNION ALL SELECT '2026-06-01 09:05:12' AS failDate, 'MMS' AS sendType, '010-****-2222' AS receiverNo, 'ERR_099' AS errorCode, '첨부 이미지 용량 초과 (300KB 제한)' AS failReason FROM DUAL
2026-06-04 15:02:21.492 [http-nio-8080-exec-6] DEBUG c.e.s.m.D.selectRecentFailLogs - ==> Parameters: 
2026-06-04 15:02:21.492 [http-nio-8080-exec-6] INFO  jdbc.sqlonly - SELECT '2026-06-01 13:42:11' AS failDate, 'SMS' AS sendType, '010-****-1234' AS receiverNo, 'ERR_001' AS errorCode, '결번 / 없는 번호 (통신사 반환)' AS failReason FROM DUAL UNION ALL
        SELECT '2026-06-01 13:10:05' AS failDate, 'LMS' AS sendType, '010-****-5678' AS receiverNo, 'ERR_042' AS errorCode, '수신자 단말기 전원 꺼짐 (TimeOut)' AS failReason FROM DUAL UNION ALL
        SELECT '2026-06-01 12:55:30' AS failDate, 'ALIMTALK' AS sendType, '010-****-9999' AS receiverNo, 'ERR_K01' AS errorCode, '카카오톡 채널 차단 고객' AS failReason FROM DUAL UNION ALL
        SELECT '2026-06-01 11:20:44' AS failDate, 'SMS' AS sendType, '010-****-1111' AS receiverNo, 'ERR_003' AS errorCode, '통신사 스팸 필터링 차단' AS failReason FROM DUAL UNION ALL
        SELECT '2026-06-01 09:05:12' AS failDate, 'MMS' AS sendType, '010-****-2222' AS receiverNo, 'ERR_099' AS errorCode, '첨부 이미지 용량 초과 (300KB 제한)' AS failReason FROM DUAL

2026-06-04 15:02:21.493 [http-nio-8080-exec-6] DEBUG c.e.s.m.D.selectRecentFailLogs - <==      Total: 5
2026-06-04 15:07:21.483 [http-nio-8080-exec-7] DEBUG c.e.s.m.D.selectKpiSummary - ==>  Preparing: SELECT 1204500 AS totalSendCount, 98.5 AS successRate, 12400 AS failCount, 3500000 AS estimatedCost FROM DUAL
2026-06-04 15:07:21.487 [http-nio-8080-exec-7] DEBUG c.e.s.m.D.selectKpiSummary - ==> Parameters: 
2026-06-04 15:07:21.487 [http-nio-8080-exec-7] INFO  jdbc.sqlonly - SELECT 
            1204500 AS totalSendCount,
            98.5 AS successRate,
            12400 AS failCount,
            3500000 AS estimatedCost
        FROM DUAL

2026-06-04 15:07:21.489 [http-nio-8080-exec-7] DEBUG c.e.s.m.D.selectKpiSummary - <==      Total: 1
2026-06-04 15:07:21.489 [http-nio-8080-exec-7] DEBUG c.e.s.m.D.selectWeeklyTrend - ==>  Preparing: SELECT '월요일' AS dayOfWeek, 240000 AS sendCount, 80 AS percentage FROM DUAL UNION ALL SELECT '화요일' AS dayOfWeek, 180500 AS sendCount, 60 AS percentage FROM DUAL UNION ALL SELECT '수요일' AS dayOfWeek, 310200 AS sendCount, 95 AS percentage FROM DUAL UNION ALL SELECT '목요일' AS dayOfWeek, 150000 AS sendCount, 50 AS percentage FROM DUAL UNION ALL SELECT '금요일' AS dayOfWeek, 290000 AS sendCount, 85 AS percentage FROM DUAL
2026-06-04 15:07:21.490 [http-nio-8080-exec-7] DEBUG c.e.s.m.D.selectWeeklyTrend - ==> Parameters: 
2026-06-04 15:07:21.490 [http-nio-8080-exec-7] INFO  jdbc.sqlonly - SELECT '월요일' AS dayOfWeek, 240000 AS sendCount, 80 AS percentage FROM DUAL UNION ALL
        SELECT '화요일' AS dayOfWeek, 180500 AS sendCount, 60 AS percentage FROM DUAL UNION ALL
        SELECT '수요일' AS dayOfWeek, 310200 AS sendCount, 95 AS percentage FROM DUAL UNION ALL
        SELECT '목요일' AS dayOfWeek, 150000 AS sendCount, 50 AS percentage FROM DUAL UNION ALL
        SELECT '금요일' AS dayOfWeek, 290000 AS sendCount, 85 AS percentage FROM DUAL

2026-06-04 15:07:21.492 [http-nio-8080-exec-7] DEBUG c.e.s.m.D.selectWeeklyTrend - <==      Total: 5
2026-06-04 15:07:21.493 [http-nio-8080-exec-7] DEBUG c.e.s.m.D.selectChannelRatio - ==>  Preparing: SELECT '단문 (SMS)' AS channelName, 65.0 AS ratio, 'bg-primary' AS colorClass FROM DUAL UNION ALL SELECT '장문 (LMS)' AS channelName, 20.5 AS ratio, 'bg-success' AS colorClass FROM DUAL UNION ALL SELECT '알림톡' AS channelName, 10.0 AS ratio, 'bg-warning' AS colorClass FROM DUAL UNION ALL SELECT 'MMS (이미지)' AS channelName, 4.5 AS ratio, 'bg-danger' AS colorClass FROM DUAL
2026-06-04 15:07:21.493 [http-nio-8080-exec-7] DEBUG c.e.s.m.D.selectChannelRatio - ==> Parameters: 
2026-06-04 15:07:21.493 [http-nio-8080-exec-7] INFO  jdbc.sqlonly - SELECT '단문 (SMS)' AS channelName, 65.0 AS ratio, 'bg-primary' AS colorClass FROM DUAL UNION ALL
        SELECT '장문 (LMS)' AS channelName, 20.5 AS ratio, 'bg-success' AS colorClass FROM DUAL UNION ALL
        SELECT '알림톡' AS channelName, 10.0 AS ratio, 'bg-warning' AS colorClass FROM DUAL UNION ALL
        SELECT 'MMS (이미지)' AS channelName, 4.5 AS ratio, 'bg-danger' AS colorClass FROM DUAL

2026-06-04 15:07:21.495 [http-nio-8080-exec-7] DEBUG c.e.s.m.D.selectChannelRatio - <==      Total: 4
2026-06-04 15:07:21.495 [http-nio-8080-exec-7] DEBUG c.e.s.m.D.selectRecentFailLogs - ==>  Preparing: SELECT '2026-06-01 13:42:11' AS failDate, 'SMS' AS sendType, '010-****-1234' AS receiverNo, 'ERR_001' AS errorCode, '결번 / 없는 번호 (통신사 반환)' AS failReason FROM DUAL UNION ALL SELECT '2026-06-01 13:10:05' AS failDate, 'LMS' AS sendType, '010-****-5678' AS receiverNo, 'ERR_042' AS errorCode, '수신자 단말기 전원 꺼짐 (TimeOut)' AS failReason FROM DUAL UNION ALL SELECT '2026-06-01 12:55:30' AS failDate, 'ALIMTALK' AS sendType, '010-****-9999' AS receiverNo, 'ERR_K01' AS errorCode, '카카오톡 채널 차단 고객' AS failReason FROM DUAL UNION ALL SELECT '2026-06-01 11:20:44' AS failDate, 'SMS' AS sendType, '010-****-1111' AS receiverNo, 'ERR_003' AS errorCode, '통신사 스팸 필터링 차단' AS failReason FROM DUAL UNION ALL SELECT '2026-06-01 09:05:12' AS failDate, 'MMS' AS sendType, '010-****-2222' AS receiverNo, 'ERR_099' AS errorCode, '첨부 이미지 용량 초과 (300KB 제한)' AS failReason FROM DUAL
2026-06-04 15:07:21.495 [http-nio-8080-exec-7] DEBUG c.e.s.m.D.selectRecentFailLogs - ==> Parameters: 
2026-06-04 15:07:21.495 [http-nio-8080-exec-7] INFO  jdbc.sqlonly - SELECT '2026-06-01 13:42:11' AS failDate, 'SMS' AS sendType, '010-****-1234' AS receiverNo, 'ERR_001' AS errorCode, '결번 / 없는 번호 (통신사 반환)' AS failReason FROM DUAL UNION ALL
        SELECT '2026-06-01 13:10:05' AS failDate, 'LMS' AS sendType, '010-****-5678' AS receiverNo, 'ERR_042' AS errorCode, '수신자 단말기 전원 꺼짐 (TimeOut)' AS failReason FROM DUAL UNION ALL
        SELECT '2026-06-01 12:55:30' AS failDate, 'ALIMTALK' AS sendType, '010-****-9999' AS receiverNo, 'ERR_K01' AS errorCode, '카카오톡 채널 차단 고객' AS failReason FROM DUAL UNION ALL
        SELECT '2026-06-01 11:20:44' AS failDate, 'SMS' AS sendType, '010-****-1111' AS receiverNo, 'ERR_003' AS errorCode, '통신사 스팸 필터링 차단' AS failReason FROM DUAL UNION ALL
        SELECT '2026-06-01 09:05:12' AS failDate, 'MMS' AS sendType, '010-****-2222' AS receiverNo, 'ERR_099' AS errorCode, '첨부 이미지 용량 초과 (300KB 제한)' AS failReason FROM DUAL

2026-06-04 15:07:21.498 [http-nio-8080-exec-7] DEBUG c.e.s.m.D.selectRecentFailLogs - <==      Total: 5
2026-06-04 15:08:59.460 [http-nio-8080-exec-9] DEBUG c.e.s.m.MenuMapper.countAuthForUrl - ==>  Preparing: SELECT COUNT(1) FROM TB_MENU A INNER JOIN TB_MENU_AUTH B ON A.MENU_CD = B.MENU_CD WHERE A.USE_YN = 'Y' AND A.MENU_URL = ? AND B.AUTH_CD = ?
2026-06-04 15:08:59.460 [http-nio-8080-exec-9] DEBUG c.e.s.m.MenuMapper.countAuthForUrl - ==> Parameters: /sms/history(String), ROLE_ADMIN(String)
2026-06-04 15:08:59.460 [http-nio-8080-exec-9] INFO  jdbc.sqlonly - SELECT COUNT(1)
        FROM TB_MENU A
        INNER JOIN TB_MENU_AUTH B ON A.MENU_CD = B.MENU_CD
        WHERE A.USE_YN = 'Y'
          AND A.MENU_URL = '/sms/history'
          AND B.AUTH_CD = 'ROLE_ADMIN'

2026-06-04 15:08:59.463 [http-nio-8080-exec-9] DEBUG c.e.s.m.MenuMapper.countAuthForUrl - <==      Total: 1
2026-06-04 15:08:59.663 [http-nio-8080-exec-3] DEBUG c.e.s.m.C.selectActiveDepartments - ==>  Preparing: SELECT DEPT_ID AS code, DEPT_NM AS name FROM TB_DEPT ORDER BY DEPT_NM ASC
2026-06-04 15:08:59.663 [http-nio-8080-exec-3] DEBUG c.e.s.m.C.selectActiveDepartments - ==> Parameters: 
2026-06-04 15:08:59.663 [http-nio-8080-exec-3] INFO  jdbc.sqlonly - SELECT DEPT_ID AS code, DEPT_NM AS name
        FROM TB_DEPT
        ORDER BY DEPT_NM ASC

2026-06-04 15:08:59.667 [http-nio-8080-exec-3] DEBUG c.e.s.m.C.selectActiveDepartments - <==      Total: 3
2026-06-04 15:08:59.675 [http-nio-8080-exec-7] DEBUG c.e.s.m.MenuMapper.countAuthForUrl - ==>  Preparing: SELECT COUNT(1) FROM TB_MENU A INNER JOIN TB_MENU_AUTH B ON A.MENU_CD = B.MENU_CD WHERE A.USE_YN = 'Y' AND A.MENU_URL = ? AND B.AUTH_CD = ?
2026-06-04 15:08:59.675 [http-nio-8080-exec-7] DEBUG c.e.s.m.MenuMapper.countAuthForUrl - ==> Parameters: /sms/history(String), ROLE_ADMIN(String)
2026-06-04 15:08:59.675 [http-nio-8080-exec-7] INFO  jdbc.sqlonly - SELECT COUNT(1)
        FROM TB_MENU A
        INNER JOIN TB_MENU_AUTH B ON A.MENU_CD = B.MENU_CD
        WHERE A.USE_YN = 'Y'
          AND A.MENU_URL = '/sms/history'
          AND B.AUTH_CD = 'ROLE_ADMIN'

2026-06-04 15:08:59.677 [http-nio-8080-exec-7] DEBUG c.e.s.m.MenuMapper.countAuthForUrl - <==      Total: 1
2026-06-04 15:08:59.679 [http-nio-8080-exec-7] DEBUG c.e.s.m.P.insertAuditLog - ==>  Preparing: INSERT INTO TB_PRIVACY_AUDIT_LOG ( executor_id, executor_ip, request_url, action_type, target_data ) VALUES ( ?, ?, ?, ?, ? )
2026-06-04 15:08:59.680 [http-nio-8080-exec-7] DEBUG c.e.s.m.P.insertAuditLog - ==> Parameters: admin(String), 0:0:0:0:0:0:0:1(String), /sms/history/data(String), SMS 발송내역 조회 (수신번호·메세지 포함)(String), [{"page":1,"size":10,"keyword":null,"searchType":null,"startDateTime":"202606040000","endDateTime":"202606042359","sendStatus":"","receiverNo":"","sendType":"","offset":0}](String)
2026-06-04 15:08:59.680 [http-nio-8080-exec-7] INFO  jdbc.sqlonly - INSERT INTO TB_PRIVACY_AUDIT_LOG (
            executor_id,
            executor_ip,
            request_url,
            action_type,
            target_data
        ) VALUES (
            'admin',
            '0:0:0:0:0:0:0:1',
            '/sms/history/data',
            'SMS 발송내역 조회 (수신번호·메세지 포함)',
            '[{"page":1,"size":10,"keyword":null,"searchType":null,"startDateTime":"202606040000","endDateTime":"202606042359","sendStatus":"","receiverNo":"","sendType":"","offset":0}]'
        )

2026-06-04 15:08:59.685 [http-nio-8080-exec-7] DEBUG c.e.s.m.P.insertAuditLog - <==    Updates: 1
2026-06-04 15:08:59.686 [http-nio-8080-exec-7] DEBUG c.e.s.m.sms.SmsHistoryMapper.count - ==>  Preparing: SELECT COUNT(1) FROM SMS_HISTORY WHERE SENT_AT >= TO_TIMESTAMP(REPLACE(?, 'T', ' '), 'YYYY-MM-DD HH24:MI') AND SENT_AT <= TO_TIMESTAMP(REPLACE(?, 'T', ' '), 'YYYY-MM-DD HH24:MI')
2026-06-04 15:08:59.687 [http-nio-8080-exec-7] DEBUG c.e.s.m.sms.SmsHistoryMapper.count - ==> Parameters: 202606040000(String), 202606042359(String)
2026-06-04 15:08:59.687 [http-nio-8080-exec-7] INFO  jdbc.sqlonly - SELECT COUNT(1) FROM SMS_HISTORY

         WHERE  SENT_AT >= TO_TIMESTAMP(REPLACE('202606040000', 'T', ' '), 'YYYY-MM-DD HH24:MI')
                AND SENT_AT <= TO_TIMESTAMP(REPLACE('202606042359',   'T', ' '), 'YYYY-MM-DD HH24:MI')

2026-06-04 15:08:59.689 [http-nio-8080-exec-7] DEBUG c.e.s.m.sms.SmsHistoryMapper.count - <==      Total: 1
2026-06-04 15:08:59.690 [http-nio-8080-exec-7] DEBUG c.e.s.m.s.S.selectList - ==>  Preparing: SELECT h.ID, h.CAMPAIGN_NAME, h.SEND_TYPE, h.SENDER_NO, h.RECEIVER_NO, h.MESSAGE, h.SEND_STATUS, h.RESEND_YN, h.RESULT_CODE, h.RESULT_MESSAGE, (SELECT sl.TELECOM FROM SMS_SEND_LOG sl WHERE sl.RECEIVER_NO = h.RECEIVER_NO AND ROWNUM = 1) AS telecom, h.RESERVED_AT, h.SENT_AT, h.CREATED_AT, h.UPDATED_AT FROM SMS_HISTORY h WHERE SENT_AT >= TO_TIMESTAMP(REPLACE(?, 'T', ' '), 'YYYY-MM-DD HH24:MI') AND SENT_AT <= TO_TIMESTAMP(REPLACE(?, 'T', ' '), 'YYYY-MM-DD HH24:MI') ORDER BY h.SENT_AT DESC, h.ID DESC OFFSET ? ROWS FETCH NEXT ? ROWS ONLY
2026-06-04 15:08:59.691 [http-nio-8080-exec-7] DEBUG c.e.s.m.s.S.selectList - ==> Parameters: 202606040000(String), 202606042359(String), 0(Integer), 10(Integer)
2026-06-04 15:08:59.691 [http-nio-8080-exec-7] INFO  jdbc.sqlonly - SELECT
            h.ID, h.CAMPAIGN_NAME, h.SEND_TYPE, h.SENDER_NO, h.RECEIVER_NO,
            h.MESSAGE, h.SEND_STATUS, h.RESEND_YN, h.RESULT_CODE, h.RESULT_MESSAGE,
            (SELECT sl.TELECOM FROM SMS_SEND_LOG sl
             WHERE sl.RECEIVER_NO = h.RECEIVER_NO AND ROWNUM = 1) AS telecom,
            h.RESERVED_AT, h.SENT_AT, h.CREATED_AT, h.UPDATED_AT
        FROM SMS_HISTORY h

         WHERE  SENT_AT >= TO_TIMESTAMP(REPLACE('202606040000', 'T', ' '), 'YYYY-MM-DD HH24:MI')
                AND SENT_AT <= TO_TIMESTAMP(REPLACE('202606042359',   'T', ' '), 'YYYY-MM-DD HH24:MI') 

        ORDER BY h.SENT_AT DESC, h.ID DESC
        OFFSET 0 ROWS FETCH NEXT 10 ROWS ONLY

2026-06-04 15:08:59.695 [http-nio-8080-exec-7] DEBUG c.e.s.m.s.S.selectList - <==      Total: 0
2026-06-04 15:09:14.407 [http-nio-8080-exec-6] DEBUG c.e.s.m.C.selectMessagesByDept - ==>  Preparing: SELECT MSG_CODE AS code, MSG_TITLE AS name FROM TB_MESSAGE WHERE USE_YN = 'Y' AND DEPT_ID = ? ORDER BY MSG_TITLE ASC
2026-06-04 15:09:14.408 [http-nio-8080-exec-6] DEBUG c.e.s.m.C.selectMessagesByDept - ==> Parameters: D03(String)
2026-06-04 15:09:14.408 [http-nio-8080-exec-6] INFO  jdbc.sqlonly - SELECT MSG_CODE AS code, MSG_TITLE AS name
        FROM TB_MESSAGE
        WHERE USE_YN = 'Y'

            AND DEPT_ID = 'D03'

        ORDER BY MSG_TITLE ASC

2026-06-04 15:09:14.424 [http-nio-8080-exec-6] DEBUG c.e.s.m.C.selectMessagesByDept - <==      Total: 0
2026-06-04 15:13:26.651 [http-nio-8080-exec-4] DEBUG c.e.s.m.D.selectKpiSummary - ==>  Preparing: SELECT 1204500 AS totalSendCount, 98.5 AS successRate, 12400 AS failCount, 3500000 AS estimatedCost FROM DUAL
2026-06-04 15:13:26.651 [http-nio-8080-exec-4] DEBUG c.e.s.m.D.selectKpiSummary - ==> Parameters: 
2026-06-04 15:13:26.651 [http-nio-8080-exec-4] INFO  jdbc.sqlonly - SELECT 
            1204500 AS totalSendCount,
            98.5 AS successRate,
            12400 AS failCount,
            3500000 AS estimatedCost
        FROM DUAL

2026-06-04 15:13:26.653 [http-nio-8080-exec-4] DEBUG c.e.s.m.D.selectKpiSummary - <==      Total: 1
2026-06-04 15:13:26.654 [http-nio-8080-exec-4] DEBUG c.e.s.m.D.selectWeeklyTrend - ==>  Preparing: SELECT '월요일' AS dayOfWeek, 240000 AS sendCount, 80 AS percentage FROM DUAL UNION ALL SELECT '화요일' AS dayOfWeek, 180500 AS sendCount, 60 AS percentage FROM DUAL UNION ALL SELECT '수요일' AS dayOfWeek, 310200 AS sendCount, 95 AS percentage FROM DUAL UNION ALL SELECT '목요일' AS dayOfWeek, 150000 AS sendCount, 50 AS percentage FROM DUAL UNION ALL SELECT '금요일' AS dayOfWeek, 290000 AS sendCount, 85 AS percentage FROM DUAL
2026-06-04 15:13:26.655 [http-nio-8080-exec-4] DEBUG c.e.s.m.D.selectWeeklyTrend - ==> Parameters: 
2026-06-04 15:13:26.655 [http-nio-8080-exec-4] INFO  jdbc.sqlonly - SELECT '월요일' AS dayOfWeek, 240000 AS sendCount, 80 AS percentage FROM DUAL UNION ALL
        SELECT '화요일' AS dayOfWeek, 180500 AS sendCount, 60 AS percentage FROM DUAL UNION ALL
        SELECT '수요일' AS dayOfWeek, 310200 AS sendCount, 95 AS percentage FROM DUAL UNION ALL
        SELECT '목요일' AS dayOfWeek, 150000 AS sendCount, 50 AS percentage FROM DUAL UNION ALL
        SELECT '금요일' AS dayOfWeek, 290000 AS sendCount, 85 AS percentage FROM DUAL

2026-06-04 15:13:26.657 [http-nio-8080-exec-4] DEBUG c.e.s.m.D.selectWeeklyTrend - <==      Total: 5
2026-06-04 15:13:26.657 [http-nio-8080-exec-4] DEBUG c.e.s.m.D.selectChannelRatio - ==>  Preparing: SELECT '단문 (SMS)' AS channelName, 65.0 AS ratio, 'bg-primary' AS colorClass FROM DUAL UNION ALL SELECT '장문 (LMS)' AS channelName, 20.5 AS ratio, 'bg-success' AS colorClass FROM DUAL UNION ALL SELECT '알림톡' AS channelName, 10.0 AS ratio, 'bg-warning' AS colorClass FROM DUAL UNION ALL SELECT 'MMS (이미지)' AS channelName, 4.5 AS ratio, 'bg-danger' AS colorClass FROM DUAL
2026-06-04 15:13:26.657 [http-nio-8080-exec-4] DEBUG c.e.s.m.D.selectChannelRatio - ==> Parameters: 
2026-06-04 15:13:26.658 [http-nio-8080-exec-4] INFO  jdbc.sqlonly - SELECT '단문 (SMS)' AS channelName, 65.0 AS ratio, 'bg-primary' AS colorClass FROM DUAL UNION ALL
        SELECT '장문 (LMS)' AS channelName, 20.5 AS ratio, 'bg-success' AS colorClass FROM DUAL UNION ALL
        SELECT '알림톡' AS channelName, 10.0 AS ratio, 'bg-warning' AS colorClass FROM DUAL UNION ALL
        SELECT 'MMS (이미지)' AS channelName, 4.5 AS ratio, 'bg-danger' AS colorClass FROM DUAL

2026-06-04 15:13:26.660 [http-nio-8080-exec-4] DEBUG c.e.s.m.D.selectChannelRatio - <==      Total: 4
2026-06-04 15:13:26.660 [http-nio-8080-exec-4] DEBUG c.e.s.m.D.selectRecentFailLogs - ==>  Preparing: SELECT '2026-06-01 13:42:11' AS failDate, 'SMS' AS sendType, '010-****-1234' AS receiverNo, 'ERR_001' AS errorCode, '결번 / 없는 번호 (통신사 반환)' AS failReason FROM DUAL UNION ALL SELECT '2026-06-01 13:10:05' AS failDate, 'LMS' AS sendType, '010-****-5678' AS receiverNo, 'ERR_042' AS errorCode, '수신자 단말기 전원 꺼짐 (TimeOut)' AS failReason FROM DUAL UNION ALL SELECT '2026-06-01 12:55:30' AS failDate, 'ALIMTALK' AS sendType, '010-****-9999' AS receiverNo, 'ERR_K01' AS errorCode, '카카오톡 채널 차단 고객' AS failReason FROM DUAL UNION ALL SELECT '2026-06-01 11:20:44' AS failDate, 'SMS' AS sendType, '010-****-1111' AS receiverNo, 'ERR_003' AS errorCode, '통신사 스팸 필터링 차단' AS failReason FROM DUAL UNION ALL SELECT '2026-06-01 09:05:12' AS failDate, 'MMS' AS sendType, '010-****-2222' AS receiverNo, 'ERR_099' AS errorCode, '첨부 이미지 용량 초과 (300KB 제한)' AS failReason FROM DUAL
2026-06-04 15:13:26.660 [http-nio-8080-exec-4] DEBUG c.e.s.m.D.selectRecentFailLogs - ==> Parameters: 
2026-06-04 15:13:26.660 [http-nio-8080-exec-4] INFO  jdbc.sqlonly - SELECT '2026-06-01 13:42:11' AS failDate, 'SMS' AS sendType, '010-****-1234' AS receiverNo, 'ERR_001' AS errorCode, '결번 / 없는 번호 (통신사 반환)' AS failReason FROM DUAL UNION ALL
        SELECT '2026-06-01 13:10:05' AS failDate, 'LMS' AS sendType, '010-****-5678' AS receiverNo, 'ERR_042' AS errorCode, '수신자 단말기 전원 꺼짐 (TimeOut)' AS failReason FROM DUAL UNION ALL
        SELECT '2026-06-01 12:55:30' AS failDate, 'ALIMTALK' AS sendType, '010-****-9999' AS receiverNo, 'ERR_K01' AS errorCode, '카카오톡 채널 차단 고객' AS failReason FROM DUAL UNION ALL
        SELECT '2026-06-01 11:20:44' AS failDate, 'SMS' AS sendType, '010-****-1111' AS receiverNo, 'ERR_003' AS errorCode, '통신사 스팸 필터링 차단' AS failReason FROM DUAL UNION ALL
        SELECT '2026-06-01 09:05:12' AS failDate, 'MMS' AS sendType, '010-****-2222' AS receiverNo, 'ERR_099' AS errorCode, '첨부 이미지 용량 초과 (300KB 제한)' AS failReason FROM DUAL

2026-06-04 15:13:26.668 [http-nio-8080-exec-4] DEBUG c.e.s.m.D.selectRecentFailLogs - <==      Total: 5
2026-06-04 15:18:26.671 [http-nio-8080-exec-6] DEBUG c.e.s.m.D.selectKpiSummary - ==>  Preparing: SELECT 1204500 AS totalSendCount, 98.5 AS successRate, 12400 AS failCount, 3500000 AS estimatedCost FROM DUAL
2026-06-04 15:18:26.671 [http-nio-8080-exec-6] DEBUG c.e.s.m.D.selectKpiSummary - ==> Parameters: 
2026-06-04 15:18:26.671 [http-nio-8080-exec-6] INFO  jdbc.sqlonly - SELECT 
            1204500 AS totalSendCount,
            98.5 AS successRate,
            12400 AS failCount,
            3500000 AS estimatedCost
        FROM DUAL

2026-06-04 15:18:26.672 [http-nio-8080-exec-6] DEBUG c.e.s.m.D.selectKpiSummary - <==      Total: 1
2026-06-04 15:18:26.673 [http-nio-8080-exec-6] DEBUG c.e.s.m.D.selectWeeklyTrend - ==>  Preparing: SELECT '월요일' AS dayOfWeek, 240000 AS sendCount, 80 AS percentage FROM DUAL UNION ALL SELECT '화요일' AS dayOfWeek, 180500 AS sendCount, 60 AS percentage FROM DUAL UNION ALL SELECT '수요일' AS dayOfWeek, 310200 AS sendCount, 95 AS percentage FROM DUAL UNION ALL SELECT '목요일' AS dayOfWeek, 150000 AS sendCount, 50 AS percentage FROM DUAL UNION ALL SELECT '금요일' AS dayOfWeek, 290000 AS sendCount, 85 AS percentage FROM DUAL
2026-06-04 15:18:26.673 [http-nio-8080-exec-6] DEBUG c.e.s.m.D.selectWeeklyTrend - ==> Parameters: 
2026-06-04 15:18:26.673 [http-nio-8080-exec-6] INFO  jdbc.sqlonly - SELECT '월요일' AS dayOfWeek, 240000 AS sendCount, 80 AS percentage FROM DUAL UNION ALL
        SELECT '화요일' AS dayOfWeek, 180500 AS sendCount, 60 AS percentage FROM DUAL UNION ALL
        SELECT '수요일' AS dayOfWeek, 310200 AS sendCount, 95 AS percentage FROM DUAL UNION ALL
        SELECT '목요일' AS dayOfWeek, 150000 AS sendCount, 50 AS percentage FROM DUAL UNION ALL
        SELECT '금요일' AS dayOfWeek, 290000 AS sendCount, 85 AS percentage FROM DUAL

2026-06-04 15:18:26.675 [http-nio-8080-exec-6] DEBUG c.e.s.m.D.selectWeeklyTrend - <==      Total: 5
2026-06-04 15:18:26.675 [http-nio-8080-exec-6] DEBUG c.e.s.m.D.selectChannelRatio - ==>  Preparing: SELECT '단문 (SMS)' AS channelName, 65.0 AS ratio, 'bg-primary' AS colorClass FROM DUAL UNION ALL SELECT '장문 (LMS)' AS channelName, 20.5 AS ratio, 'bg-success' AS colorClass FROM DUAL UNION ALL SELECT '알림톡' AS channelName, 10.0 AS ratio, 'bg-warning' AS colorClass FROM DUAL UNION ALL SELECT 'MMS (이미지)' AS channelName, 4.5 AS ratio, 'bg-danger' AS colorClass FROM DUAL
2026-06-04 15:18:26.676 [http-nio-8080-exec-6] DEBUG c.e.s.m.D.selectChannelRatio - ==> Parameters: 
2026-06-04 15:18:26.676 [http-nio-8080-exec-6] INFO  jdbc.sqlonly - SELECT '단문 (SMS)' AS channelName, 65.0 AS ratio, 'bg-primary' AS colorClass FROM DUAL UNION ALL
        SELECT '장문 (LMS)' AS channelName, 20.5 AS ratio, 'bg-success' AS colorClass FROM DUAL UNION ALL
        SELECT '알림톡' AS channelName, 10.0 AS ratio, 'bg-warning' AS colorClass FROM DUAL UNION ALL
        SELECT 'MMS (이미지)' AS channelName, 4.5 AS ratio, 'bg-danger' AS colorClass FROM DUAL

2026-06-04 15:18:26.678 [http-nio-8080-exec-6] DEBUG c.e.s.m.D.selectChannelRatio - <==      Total: 4
2026-06-04 15:18:26.679 [http-nio-8080-exec-6] DEBUG c.e.s.m.D.selectRecentFailLogs - ==>  Preparing: SELECT '2026-06-01 13:42:11' AS failDate, 'SMS' AS sendType, '010-****-1234' AS receiverNo, 'ERR_001' AS errorCode, '결번 / 없는 번호 (통신사 반환)' AS failReason FROM DUAL UNION ALL SELECT '2026-06-01 13:10:05' AS failDate, 'LMS' AS sendType, '010-****-5678' AS receiverNo, 'ERR_042' AS errorCode, '수신자 단말기 전원 꺼짐 (TimeOut)' AS failReason FROM DUAL UNION ALL SELECT '2026-06-01 12:55:30' AS failDate, 'ALIMTALK' AS sendType, '010-****-9999' AS receiverNo, 'ERR_K01' AS errorCode, '카카오톡 채널 차단 고객' AS failReason FROM DUAL UNION ALL SELECT '2026-06-01 11:20:44' AS failDate, 'SMS' AS sendType, '010-****-1111' AS receiverNo, 'ERR_003' AS errorCode, '통신사 스팸 필터링 차단' AS failReason FROM DUAL UNION ALL SELECT '2026-06-01 09:05:12' AS failDate, 'MMS' AS sendType, '010-****-2222' AS receiverNo, 'ERR_099' AS errorCode, '첨부 이미지 용량 초과 (300KB 제한)' AS failReason FROM DUAL
2026-06-04 15:18:26.679 [http-nio-8080-exec-6] DEBUG c.e.s.m.D.selectRecentFailLogs - ==> Parameters: 
2026-06-04 15:18:26.679 [http-nio-8080-exec-6] INFO  jdbc.sqlonly - SELECT '2026-06-01 13:42:11' AS failDate, 'SMS' AS sendType, '010-****-1234' AS receiverNo, 'ERR_001' AS errorCode, '결번 / 없는 번호 (통신사 반환)' AS failReason FROM DUAL UNION ALL
        SELECT '2026-06-01 13:10:05' AS failDate, 'LMS' AS sendType, '010-****-5678' AS receiverNo, 'ERR_042' AS errorCode, '수신자 단말기 전원 꺼짐 (TimeOut)' AS failReason FROM DUAL UNION ALL
        SELECT '2026-06-01 12:55:30' AS failDate, 'ALIMTALK' AS sendType, '010-****-9999' AS receiverNo, 'ERR_K01' AS errorCode, '카카오톡 채널 차단 고객' AS failReason FROM DUAL UNION ALL
        SELECT '2026-06-01 11:20:44' AS failDate, 'SMS' AS sendType, '010-****-1111' AS receiverNo, 'ERR_003' AS errorCode, '통신사 스팸 필터링 차단' AS failReason FROM DUAL UNION ALL
        SELECT '2026-06-01 09:05:12' AS failDate, 'MMS' AS sendType, '010-****-2222' AS receiverNo, 'ERR_099' AS errorCode, '첨부 이미지 용량 초과 (300KB 제한)' AS failReason FROM DUAL

2026-06-04 15:18:26.681 [http-nio-8080-exec-6] DEBUG c.e.s.m.D.selectRecentFailLogs - <==      Total: 5
2026-06-04 15:23:26.672 [http-nio-8080-exec-4] DEBUG c.e.s.m.D.selectKpiSummary - ==>  Preparing: SELECT 1204500 AS totalSendCount, 98.5 AS successRate, 12400 AS failCount, 3500000 AS estimatedCost FROM DUAL
2026-06-04 15:23:26.672 [http-nio-8080-exec-4] DEBUG c.e.s.m.D.selectKpiSummary - ==> Parameters: 
2026-06-04 15:23:26.672 [http-nio-8080-exec-4] INFO  jdbc.sqlonly - SELECT 
            1204500 AS totalSendCount,
            98.5 AS successRate,
            12400 AS failCount,
            3500000 AS estimatedCost
        FROM DUAL

2026-06-04 15:23:26.675 [http-nio-8080-exec-4] DEBUG c.e.s.m.D.selectKpiSummary - <==      Total: 1
2026-06-04 15:23:26.675 [http-nio-8080-exec-4] DEBUG c.e.s.m.D.selectWeeklyTrend - ==>  Preparing: SELECT '월요일' AS dayOfWeek, 240000 AS sendCount, 80 AS percentage FROM DUAL UNION ALL SELECT '화요일' AS dayOfWeek, 180500 AS sendCount, 60 AS percentage FROM DUAL UNION ALL SELECT '수요일' AS dayOfWeek, 310200 AS sendCount, 95 AS percentage FROM DUAL UNION ALL SELECT '목요일' AS dayOfWeek, 150000 AS sendCount, 50 AS percentage FROM DUAL UNION ALL SELECT '금요일' AS dayOfWeek, 290000 AS sendCount, 85 AS percentage FROM DUAL
2026-06-04 15:23:26.676 [http-nio-8080-exec-4] DEBUG c.e.s.m.D.selectWeeklyTrend - ==> Parameters: 
2026-06-04 15:23:26.676 [http-nio-8080-exec-4] INFO  jdbc.sqlonly - SELECT '월요일' AS dayOfWeek, 240000 AS sendCount, 80 AS percentage FROM DUAL UNION ALL
        SELECT '화요일' AS dayOfWeek, 180500 AS sendCount, 60 AS percentage FROM DUAL UNION ALL
        SELECT '수요일' AS dayOfWeek, 310200 AS sendCount, 95 AS percentage FROM DUAL UNION ALL
        SELECT '목요일' AS dayOfWeek, 150000 AS sendCount, 50 AS percentage FROM DUAL UNION ALL
        SELECT '금요일' AS dayOfWeek, 290000 AS sendCount, 85 AS percentage FROM DUAL

2026-06-04 15:23:26.679 [http-nio-8080-exec-4] DEBUG c.e.s.m.D.selectWeeklyTrend - <==      Total: 5
2026-06-04 15:23:26.679 [http-nio-8080-exec-4] DEBUG c.e.s.m.D.selectChannelRatio - ==>  Preparing: SELECT '단문 (SMS)' AS channelName, 65.0 AS ratio, 'bg-primary' AS colorClass FROM DUAL UNION ALL SELECT '장문 (LMS)' AS channelName, 20.5 AS ratio, 'bg-success' AS colorClass FROM DUAL UNION ALL SELECT '알림톡' AS channelName, 10.0 AS ratio, 'bg-warning' AS colorClass FROM DUAL UNION ALL SELECT 'MMS (이미지)' AS channelName, 4.5 AS ratio, 'bg-danger' AS colorClass FROM DUAL
2026-06-04 15:23:26.679 [http-nio-8080-exec-4] DEBUG c.e.s.m.D.selectChannelRatio - ==> Parameters: 
2026-06-04 15:23:26.680 [http-nio-8080-exec-4] INFO  jdbc.sqlonly - SELECT '단문 (SMS)' AS channelName, 65.0 AS ratio, 'bg-primary' AS colorClass FROM DUAL UNION ALL
        SELECT '장문 (LMS)' AS channelName, 20.5 AS ratio, 'bg-success' AS colorClass FROM DUAL UNION ALL
        SELECT '알림톡' AS channelName, 10.0 AS ratio, 'bg-warning' AS colorClass FROM DUAL UNION ALL
        SELECT 'MMS (이미지)' AS channelName, 4.5 AS ratio, 'bg-danger' AS colorClass FROM DUAL

2026-06-04 15:23:26.681 [http-nio-8080-exec-4] DEBUG c.e.s.m.D.selectChannelRatio - <==      Total: 4
2026-06-04 15:23:26.682 [http-nio-8080-exec-4] DEBUG c.e.s.m.D.selectRecentFailLogs - ==>  Preparing: SELECT '2026-06-01 13:42:11' AS failDate, 'SMS' AS sendType, '010-****-1234' AS receiverNo, 'ERR_001' AS errorCode, '결번 / 없는 번호 (통신사 반환)' AS failReason FROM DUAL UNION ALL SELECT '2026-06-01 13:10:05' AS failDate, 'LMS' AS sendType, '010-****-5678' AS receiverNo, 'ERR_042' AS errorCode, '수신자 단말기 전원 꺼짐 (TimeOut)' AS failReason FROM DUAL UNION ALL SELECT '2026-06-01 12:55:30' AS failDate, 'ALIMTALK' AS sendType, '010-****-9999' AS receiverNo, 'ERR_K01' AS errorCode, '카카오톡 채널 차단 고객' AS failReason FROM DUAL UNION ALL SELECT '2026-06-01 11:20:44' AS failDate, 'SMS' AS sendType, '010-****-1111' AS receiverNo, 'ERR_003' AS errorCode, '통신사 스팸 필터링 차단' AS failReason FROM DUAL UNION ALL SELECT '2026-06-01 09:05:12' AS failDate, 'MMS' AS sendType, '010-****-2222' AS receiverNo, 'ERR_099' AS errorCode, '첨부 이미지 용량 초과 (300KB 제한)' AS failReason FROM DUAL
2026-06-04 15:23:26.682 [http-nio-8080-exec-4] DEBUG c.e.s.m.D.selectRecentFailLogs - ==> Parameters: 
2026-06-04 15:23:26.682 [http-nio-8080-exec-4] INFO  jdbc.sqlonly - SELECT '2026-06-01 13:42:11' AS failDate, 'SMS' AS sendType, '010-****-1234' AS receiverNo, 'ERR_001' AS errorCode, '결번 / 없는 번호 (통신사 반환)' AS failReason FROM DUAL UNION ALL
        SELECT '2026-06-01 13:10:05' AS failDate, 'LMS' AS sendType, '010-****-5678' AS receiverNo, 'ERR_042' AS errorCode, '수신자 단말기 전원 꺼짐 (TimeOut)' AS failReason FROM DUAL UNION ALL
        SELECT '2026-06-01 12:55:30' AS failDate, 'ALIMTALK' AS sendType, '010-****-9999' AS receiverNo, 'ERR_K01' AS errorCode, '카카오톡 채널 차단 고객' AS failReason FROM DUAL UNION ALL
        SELECT '2026-06-01 11:20:44' AS failDate, 'SMS' AS sendType, '010-****-1111' AS receiverNo, 'ERR_003' AS errorCode, '통신사 스팸 필터링 차단' AS failReason FROM DUAL UNION ALL
        SELECT '2026-06-01 09:05:12' AS failDate, 'MMS' AS sendType, '010-****-2222' AS receiverNo, 'ERR_099' AS errorCode, '첨부 이미지 용량 초과 (300KB 제한)' AS failReason FROM DUAL

2026-06-04 15:23:26.685 [http-nio-8080-exec-4] DEBUG c.e.s.m.D.selectRecentFailLogs - <==      Total: 5
2026-06-04 15:28:26.662 [http-nio-8080-exec-8] DEBUG c.e.s.m.D.selectKpiSummary - ==>  Preparing: SELECT 1204500 AS totalSendCount, 98.5 AS successRate, 12400 AS failCount, 3500000 AS estimatedCost FROM DUAL
2026-06-04 15:28:26.663 [http-nio-8080-exec-8] DEBUG c.e.s.m.D.selectKpiSummary - ==> Parameters: 
2026-06-04 15:28:26.663 [http-nio-8080-exec-8] INFO  jdbc.sqlonly - SELECT 
            1204500 AS totalSendCount,
            98.5 AS successRate,
            12400 AS failCount,
            3500000 AS estimatedCost
        FROM DUAL

2026-06-04 15:28:26.665 [http-nio-8080-exec-8] DEBUG c.e.s.m.D.selectKpiSummary - <==      Total: 1
2026-06-04 15:28:26.665 [http-nio-8080-exec-8] DEBUG c.e.s.m.D.selectWeeklyTrend - ==>  Preparing: SELECT '월요일' AS dayOfWeek, 240000 AS sendCount, 80 AS percentage FROM DUAL UNION ALL SELECT '화요일' AS dayOfWeek, 180500 AS sendCount, 60 AS percentage FROM DUAL UNION ALL SELECT '수요일' AS dayOfWeek, 310200 AS sendCount, 95 AS percentage FROM DUAL UNION ALL SELECT '목요일' AS dayOfWeek, 150000 AS sendCount, 50 AS percentage FROM DUAL UNION ALL SELECT '금요일' AS dayOfWeek, 290000 AS sendCount, 85 AS percentage FROM DUAL
2026-06-04 15:28:26.666 [http-nio-8080-exec-8] DEBUG c.e.s.m.D.selectWeeklyTrend - ==> Parameters: 
2026-06-04 15:28:26.666 [http-nio-8080-exec-8] INFO  jdbc.sqlonly - SELECT '월요일' AS dayOfWeek, 240000 AS sendCount, 80 AS percentage FROM DUAL UNION ALL
        SELECT '화요일' AS dayOfWeek, 180500 AS sendCount, 60 AS percentage FROM DUAL UNION ALL
        SELECT '수요일' AS dayOfWeek, 310200 AS sendCount, 95 AS percentage FROM DUAL UNION ALL
        SELECT '목요일' AS dayOfWeek, 150000 AS sendCount, 50 AS percentage FROM DUAL UNION ALL
        SELECT '금요일' AS dayOfWeek, 290000 AS sendCount, 85 AS percentage FROM DUAL

2026-06-04 15:28:26.668 [http-nio-8080-exec-8] DEBUG c.e.s.m.D.selectWeeklyTrend - <==      Total: 5
2026-06-04 15:28:26.668 [http-nio-8080-exec-8] DEBUG c.e.s.m.D.selectChannelRatio - ==>  Preparing: SELECT '단문 (SMS)' AS channelName, 65.0 AS ratio, 'bg-primary' AS colorClass FROM DUAL UNION ALL SELECT '장문 (LMS)' AS channelName, 20.5 AS ratio, 'bg-success' AS colorClass FROM DUAL UNION ALL SELECT '알림톡' AS channelName, 10.0 AS ratio, 'bg-warning' AS colorClass FROM DUAL UNION ALL SELECT 'MMS (이미지)' AS channelName, 4.5 AS ratio, 'bg-danger' AS colorClass FROM DUAL
2026-06-04 15:28:26.668 [http-nio-8080-exec-8] DEBUG c.e.s.m.D.selectChannelRatio - ==> Parameters: 
2026-06-04 15:28:26.669 [http-nio-8080-exec-8] INFO  jdbc.sqlonly - SELECT '단문 (SMS)' AS channelName, 65.0 AS ratio, 'bg-primary' AS colorClass FROM DUAL UNION ALL
        SELECT '장문 (LMS)' AS channelName, 20.5 AS ratio, 'bg-success' AS colorClass FROM DUAL UNION ALL
        SELECT '알림톡' AS channelName, 10.0 AS ratio, 'bg-warning' AS colorClass FROM DUAL UNION ALL
        SELECT 'MMS (이미지)' AS channelName, 4.5 AS ratio, 'bg-danger' AS colorClass FROM DUAL

2026-06-04 15:28:26.670 [http-nio-8080-exec-8] DEBUG c.e.s.m.D.selectChannelRatio - <==      Total: 4
2026-06-04 15:28:26.671 [http-nio-8080-exec-8] DEBUG c.e.s.m.D.selectRecentFailLogs - ==>  Preparing: SELECT '2026-06-01 13:42:11' AS failDate, 'SMS' AS sendType, '010-****-1234' AS receiverNo, 'ERR_001' AS errorCode, '결번 / 없는 번호 (통신사 반환)' AS failReason FROM DUAL UNION ALL SELECT '2026-06-01 13:10:05' AS failDate, 'LMS' AS sendType, '010-****-5678' AS receiverNo, 'ERR_042' AS errorCode, '수신자 단말기 전원 꺼짐 (TimeOut)' AS failReason FROM DUAL UNION ALL SELECT '2026-06-01 12:55:30' AS failDate, 'ALIMTALK' AS sendType, '010-****-9999' AS receiverNo, 'ERR_K01' AS errorCode, '카카오톡 채널 차단 고객' AS failReason FROM DUAL UNION ALL SELECT '2026-06-01 11:20:44' AS failDate, 'SMS' AS sendType, '010-****-1111' AS receiverNo, 'ERR_003' AS errorCode, '통신사 스팸 필터링 차단' AS failReason FROM DUAL UNION ALL SELECT '2026-06-01 09:05:12' AS failDate, 'MMS' AS sendType, '010-****-2222' AS receiverNo, 'ERR_099' AS errorCode, '첨부 이미지 용량 초과 (300KB 제한)' AS failReason FROM DUAL
2026-06-04 15:28:26.671 [http-nio-8080-exec-8] DEBUG c.e.s.m.D.selectRecentFailLogs - ==> Parameters: 
2026-06-04 15:28:26.671 [http-nio-8080-exec-8] INFO  jdbc.sqlonly - SELECT '2026-06-01 13:42:11' AS failDate, 'SMS' AS sendType, '010-****-1234' AS receiverNo, 'ERR_001' AS errorCode, '결번 / 없는 번호 (통신사 반환)' AS failReason FROM DUAL UNION ALL
        SELECT '2026-06-01 13:10:05' AS failDate, 'LMS' AS sendType, '010-****-5678' AS receiverNo, 'ERR_042' AS errorCode, '수신자 단말기 전원 꺼짐 (TimeOut)' AS failReason FROM DUAL UNION ALL
        SELECT '2026-06-01 12:55:30' AS failDate, 'ALIMTALK' AS sendType, '010-****-9999' AS receiverNo, 'ERR_K01' AS errorCode, '카카오톡 채널 차단 고객' AS failReason FROM DUAL UNION ALL
        SELECT '2026-06-01 11:20:44' AS failDate, 'SMS' AS sendType, '010-****-1111' AS receiverNo, 'ERR_003' AS errorCode, '통신사 스팸 필터링 차단' AS failReason FROM DUAL UNION ALL
        SELECT '2026-06-01 09:05:12' AS failDate, 'MMS' AS sendType, '010-****-2222' AS receiverNo, 'ERR_099' AS errorCode, '첨부 이미지 용량 초과 (300KB 제한)' AS failReason FROM DUAL

2026-06-04 15:28:26.676 [http-nio-8080-exec-8] DEBUG c.e.s.m.D.selectRecentFailLogs - <==      Total: 5
2026-06-04 15:29:45.821 [http-nio-8080-exec-2] DEBUG c.e.s.m.MenuMapper.countAuthForUrl - ==>  Preparing: SELECT COUNT(1) FROM TB_MENU A INNER JOIN TB_MENU_AUTH B ON A.MENU_CD = B.MENU_CD WHERE A.USE_YN = 'Y' AND A.MENU_URL = ? AND B.AUTH_CD = ?
2026-06-04 15:29:45.822 [http-nio-8080-exec-2] DEBUG c.e.s.m.MenuMapper.countAuthForUrl - ==> Parameters: /sms/ssn(String), ROLE_ADMIN(String)
2026-06-04 15:29:45.822 [http-nio-8080-exec-2] INFO  jdbc.sqlonly - SELECT COUNT(1)
        FROM TB_MENU A
        INNER JOIN TB_MENU_AUTH B ON A.MENU_CD = B.MENU_CD
        WHERE A.USE_YN = 'Y'
          AND A.MENU_URL = '/sms/ssn'
          AND B.AUTH_CD = 'ROLE_ADMIN'

2026-06-04 15:29:45.825 [http-nio-8080-exec-2] DEBUG c.e.s.m.MenuMapper.countAuthForUrl - <==      Total: 1
2026-06-04 15:29:46.125 [http-nio-8080-exec-8] DEBUG c.e.s.m.MenuMapper.countAuthForUrl - ==>  Preparing: SELECT COUNT(1) FROM TB_MENU A INNER JOIN TB_MENU_AUTH B ON A.MENU_CD = B.MENU_CD WHERE A.USE_YN = 'Y' AND A.MENU_URL = ? AND B.AUTH_CD = ?
2026-06-04 15:29:46.126 [http-nio-8080-exec-8] DEBUG c.e.s.m.MenuMapper.countAuthForUrl - ==> Parameters: /sms/ssn(String), ROLE_ADMIN(String)
2026-06-04 15:29:46.126 [http-nio-8080-exec-8] INFO  jdbc.sqlonly - SELECT COUNT(1)
        FROM TB_MENU A
        INNER JOIN TB_MENU_AUTH B ON A.MENU_CD = B.MENU_CD
        WHERE A.USE_YN = 'Y'
          AND A.MENU_URL = '/sms/ssn'
          AND B.AUTH_CD = 'ROLE_ADMIN'

2026-06-04 15:29:46.129 [http-nio-8080-exec-8] DEBUG c.e.s.m.MenuMapper.countAuthForUrl - <==      Total: 1
2026-06-04 15:29:46.133 [http-nio-8080-exec-8] DEBUG c.e.s.m.P.insertAuditLog - ==>  Preparing: INSERT INTO TB_PRIVACY_AUDIT_LOG ( executor_id, executor_ip, request_url, action_type, target_data ) VALUES ( ?, ?, ?, ?, ? )
2026-06-04 15:29:46.133 [http-nio-8080-exec-8] DEBUG c.e.s.m.P.insertAuditLog - ==> Parameters: admin(String), 0:0:0:0:0:0:0:1(String), /sms/ssn/data(String), 주민번호 조회 (식별자 포함)(String), [""](String)
2026-06-04 15:29:46.133 [http-nio-8080-exec-8] INFO  jdbc.sqlonly - INSERT INTO TB_PRIVACY_AUDIT_LOG (
            executor_id,
            executor_ip,
            request_url,
            action_type,
            target_data
        ) VALUES (
            'admin',
            '0:0:0:0:0:0:0:1',
            '/sms/ssn/data',
            '주민번호 조회 (식별자 포함)',
            '[""]'
        )

2026-06-04 15:29:46.138 [http-nio-8080-exec-8] DEBUG c.e.s.m.P.insertAuditLog - <==    Updates: 1
2026-06-04 15:29:46.139 [http-nio-8080-exec-8] DEBUG c.e.s.m.s.S.selectList - ==>  Preparing: SELECT PHONE_NO AS phoneNo, SSN_MASKED AS ssnMasked, HOLDER_NAME AS holderName, DEPT_NM AS deptNm, INTERMEDIARY AS intermediary FROM TB_CUSTOMER_SSN ORDER BY PHONE_NO
2026-06-04 15:29:46.140 [http-nio-8080-exec-8] DEBUG c.e.s.m.s.S.selectList - ==> Parameters: 
2026-06-04 15:29:46.140 [http-nio-8080-exec-8] INFO  jdbc.sqlonly - SELECT PHONE_NO AS phoneNo, SSN_MASKED AS ssnMasked,
               HOLDER_NAME AS holderName, DEPT_NM AS deptNm, INTERMEDIARY AS intermediary
        FROM TB_CUSTOMER_SSN

        ORDER BY PHONE_NO

2026-06-04 15:29:46.143 [http-nio-8080-exec-8] DEBUG c.e.s.m.s.S.selectList - <==      Total: 0
2026-06-04 15:29:49.762 [http-nio-8080-exec-3] DEBUG c.e.s.m.MenuMapper.countAuthForUrl - ==>  Preparing: SELECT COUNT(1) FROM TB_MENU A INNER JOIN TB_MENU_AUTH B ON A.MENU_CD = B.MENU_CD WHERE A.USE_YN = 'Y' AND A.MENU_URL = ? AND B.AUTH_CD = ?
2026-06-04 15:29:49.763 [http-nio-8080-exec-3] DEBUG c.e.s.m.MenuMapper.countAuthForUrl - ==> Parameters: /statistics/marketing-optout(String), ROLE_ADMIN(String)
2026-06-04 15:29:49.763 [http-nio-8080-exec-3] INFO  jdbc.sqlonly - SELECT COUNT(1)
        FROM TB_MENU A
        INNER JOIN TB_MENU_AUTH B ON A.MENU_CD = B.MENU_CD
        WHERE A.USE_YN = 'Y'
          AND A.MENU_URL = '/statistics/marketing-optout'
          AND B.AUTH_CD = 'ROLE_ADMIN'

2026-06-04 15:29:49.765 [http-nio-8080-exec-3] DEBUG c.e.s.m.MenuMapper.countAuthForUrl - <==      Total: 1
2026-06-04 15:29:50.690 [http-nio-8080-exec-9] DEBUG c.e.s.m.MenuMapper.countAuthForUrl - ==>  Preparing: SELECT COUNT(1) FROM TB_MENU A INNER JOIN TB_MENU_AUTH B ON A.MENU_CD = B.MENU_CD WHERE A.USE_YN = 'Y' AND A.MENU_URL = ? AND B.AUTH_CD = ?
2026-06-04 15:29:50.690 [http-nio-8080-exec-9] DEBUG c.e.s.m.MenuMapper.countAuthForUrl - ==> Parameters: /sms/dept-stat(String), ROLE_ADMIN(String)
2026-06-04 15:29:50.690 [http-nio-8080-exec-9] INFO  jdbc.sqlonly - SELECT COUNT(1)
        FROM TB_MENU A
        INNER JOIN TB_MENU_AUTH B ON A.MENU_CD = B.MENU_CD
        WHERE A.USE_YN = 'Y'
          AND A.MENU_URL = '/sms/dept-stat'
          AND B.AUTH_CD = 'ROLE_ADMIN'

2026-06-04 15:29:50.692 [http-nio-8080-exec-9] DEBUG c.e.s.m.MenuMapper.countAuthForUrl - <==      Total: 1
2026-06-04 15:29:50.856 [http-nio-8080-exec-4] DEBUG c.e.s.m.MenuMapper.countAuthForUrl - ==>  Preparing: SELECT COUNT(1) FROM TB_MENU A INNER JOIN TB_MENU_AUTH B ON A.MENU_CD = B.MENU_CD WHERE A.USE_YN = 'Y' AND A.MENU_URL = ? AND B.AUTH_CD = ?
2026-06-04 15:29:50.857 [http-nio-8080-exec-4] DEBUG c.e.s.m.MenuMapper.countAuthForUrl - ==> Parameters: /sms/dept-stat/chart(String), ROLE_ADMIN(String)
2026-06-04 15:29:50.857 [http-nio-8080-exec-4] INFO  jdbc.sqlonly - SELECT COUNT(1)
        FROM TB_MENU A
        INNER JOIN TB_MENU_AUTH B ON A.MENU_CD = B.MENU_CD
        WHERE A.USE_YN = 'Y'
          AND A.MENU_URL = '/sms/dept-stat/chart'
          AND B.AUTH_CD = 'ROLE_ADMIN'

2026-06-04 15:29:50.860 [http-nio-8080-exec-4] DEBUG c.e.s.m.MenuMapper.countAuthForUrl - <==      Total: 1
2026-06-04 15:29:50.861 [http-nio-8080-exec-4] DEBUG c.e.s.m.MenuMapper.countAuthForUrl - ==>  Preparing: SELECT COUNT(1) FROM TB_MENU A INNER JOIN TB_MENU_AUTH B ON A.MENU_CD = B.MENU_CD WHERE A.USE_YN = 'Y' AND A.MENU_URL = ? AND B.AUTH_CD = ?
2026-06-04 15:29:50.861 [http-nio-8080-exec-4] DEBUG c.e.s.m.MenuMapper.countAuthForUrl - ==> Parameters: /sms/dept-stat(String), ROLE_ADMIN(String)
2026-06-04 15:29:50.861 [http-nio-8080-exec-4] INFO  jdbc.sqlonly - SELECT COUNT(1)
        FROM TB_MENU A
        INNER JOIN TB_MENU_AUTH B ON A.MENU_CD = B.MENU_CD
        WHERE A.USE_YN = 'Y'
          AND A.MENU_URL = '/sms/dept-stat'
          AND B.AUTH_CD = 'ROLE_ADMIN'

2026-06-04 15:29:50.863 [http-nio-8080-exec-4] DEBUG c.e.s.m.MenuMapper.countAuthForUrl - <==      Total: 1
2026-06-04 15:29:50.863 [http-nio-8080-exec-4] DEBUG c.e.sms.config.MenuAuthInterceptor - [보안 허용] 인가된 부모 화면(/sms/dept-stat)에서의 API 호출로 승인됨: /sms/dept-stat/chart
2026-06-04 15:29:50.865 [http-nio-8080-exec-4] DEBUG c.e.s.m.s.DeptStatMapper.selectList - ==>  Preparing: SELECT TO_CHAR(SENT_AT, 'HH24') || '시' AS timeSlot, COUNT(CASE WHEN SEND_STATUS = 'WAIT' THEN 1 END) AS sendingCount, COUNT(CASE WHEN SEND_STATUS = 'FAIL' THEN 1 END) AS failCount, COUNT(CASE WHEN SEND_STATUS = 'SUCCESS' THEN 1 END) AS successCount, COUNT(1) AS totalCount FROM SMS_HISTORY WHERE TRUNC(SENT_AT) = TO_DATE(?, 'YYYY-MM-DD') GROUP BY TO_CHAR(SENT_AT, 'HH24') ORDER BY TO_CHAR(SENT_AT, 'HH24')
2026-06-04 15:29:50.865 [http-nio-8080-exec-4] DEBUG c.e.s.m.s.DeptStatMapper.selectList - ==> Parameters: 2026-06-04(String)
2026-06-04 15:29:50.866 [http-nio-8080-exec-4] INFO  jdbc.sqlonly - SELECT
            TO_CHAR(SENT_AT, 'HH24') || '시'                   AS timeSlot,
            COUNT(CASE WHEN SEND_STATUS = 'WAIT'    THEN 1 END) AS sendingCount,
            COUNT(CASE WHEN SEND_STATUS = 'FAIL'    THEN 1 END) AS failCount,
            COUNT(CASE WHEN SEND_STATUS = 'SUCCESS' THEN 1 END) AS successCount,
            COUNT(1)                                             AS totalCount
        FROM SMS_HISTORY
         WHERE  TRUNC(SENT_AT) = TO_DATE('2026-06-04', 'YYYY-MM-DD') 
        GROUP BY TO_CHAR(SENT_AT, 'HH24')
        ORDER BY TO_CHAR(SENT_AT, 'HH24')

2026-06-04 15:29:50.919 [http-nio-8080-exec-4] DEBUG c.e.s.m.s.DeptStatMapper.selectList - <==      Total: 0
2026-06-04 16:27:13.185 [HikariPool-1 housekeeper] WARN  com.zaxxer.hikari.pool.HikariPool - HikariPool-1 - Thread starvation or clock leap detected (housekeeper delta=34m921ms346µs200ns).
2026-06-04 17:56:05.453 [HikariPool-1 housekeeper] WARN  com.zaxxer.hikari.pool.HikariPool - HikariPool-1 - Thread starvation or clock leap detected (housekeeper delta=1h2m22s58ms172µs600ns).
2026-06-04 22:36:20.713 [HikariPool-1 housekeeper] WARN  com.zaxxer.hikari.pool.HikariPool - HikariPool-1 - Thread starvation or clock leap detected (housekeeper delta=4h40m15s260ms154µs).
