2026-06-05 03:27:55.735 [HikariPool-1 housekeeper] WARN  com.zaxxer.hikari.pool.HikariPool - HikariPool-1 - Thread starvation or clock leap detected (housekeeper delta=4h40m8s181ms133µs).
2026-06-05 17:59:13.042 [background-preinit] INFO  o.h.validator.internal.util.Version - HV000001: Hibernate Validator 8.0.1.Final
2026-06-05 17:59:13.143 [main] INFO  com.example.sms.SmsApplication - Starting SmsApplication using Java 21.0.7 with PID 18132 (C:\Work\sms-project-v2\target\classes started by ndk20 in C:\Work\sms-project-v2)
2026-06-05 17:59:13.144 [main] DEBUG com.example.sms.SmsApplication - Running with Spring Boot v3.3.0, Spring v6.1.8
2026-06-05 17:59:13.146 [main] INFO  com.example.sms.SmsApplication - The following 1 profile is active: "dev"
2026-06-05 17:59:15.290 [main] INFO  o.s.d.r.c.RepositoryConfigurationDelegate - Bootstrapping Spring Data LDAP repositories in DEFAULT mode.
2026-06-05 17:59:15.333 [main] INFO  o.s.d.r.c.RepositoryConfigurationDelegate - Finished Spring Data repository scanning in 29 ms. Found 0 LDAP repository interfaces.
2026-06-05 17:59:16.489 [main] INFO  o.s.b.w.e.tomcat.TomcatWebServer - Tomcat initialized with port 8080 (http)
2026-06-05 17:59:16.498 [main] INFO  o.a.c.core.AprLifecycleListener - An older version [1.3.1] of the Apache Tomcat Native library is installed, while Tomcat recommends a minimum version of [2.0.5]
2026-06-05 17:59:16.498 [main] INFO  o.a.c.core.AprLifecycleListener - Loaded Apache Tomcat Native library [1.3.1] using APR version [1.7.4].
2026-06-05 17:59:16.532 [main] INFO  o.a.c.core.AprLifecycleListener - OpenSSL successfully initialized [OpenSSL 3.0.14 4 Jun 2024]
2026-06-05 17:59:16.544 [main] INFO  o.a.coyote.http11.Http11NioProtocol - Initializing ProtocolHandler ["http-nio-8080"]
2026-06-05 17:59:16.547 [main] INFO  o.a.catalina.core.StandardService - Starting service [Tomcat]
2026-06-05 17:59:16.548 [main] INFO  o.a.catalina.core.StandardEngine - Starting Servlet engine: [Apache Tomcat/10.1.24]
2026-06-05 17:59:16.642 [main] INFO  o.a.c.c.C.[Tomcat].[localhost].[/] - Initializing Spring embedded WebApplicationContext
2026-06-05 17:59:16.646 [main] INFO  o.s.b.w.s.c.ServletWebServerApplicationContext - Root WebApplicationContext: initialization completed in 2791 ms
2026-06-05 17:59:18.450 [main] INFO  o.s.s.c.a.a.c.InitializeUserDetailsBeanManagerConfigurer$InitializeUserDetailsManagerConfigurer - Global AuthenticationManager configured with UserDetailsService bean with name devUserDetailsService
2026-06-05 17:59:18.625 [main] INFO  o.s.b.a.w.s.WelcomePageHandlerMapping - Adding welcome page template: index
2026-06-05 17:59:19.054 [main] INFO  o.s.s.web.DefaultSecurityFilterChain - Will secure any request with [org.springframework.security.web.session.DisableEncodeUrlFilter@24e1e90a, org.springframework.security.web.context.request.async.WebAsyncManagerIntegrationFilter@7d95166a, org.springframework.security.web.context.SecurityContextHolderFilter@30ef32eb, org.springframework.security.web.header.HeaderWriterFilter@774013dc, org.springframework.web.filter.CorsFilter@18b3db6e, org.springframework.security.web.authentication.logout.LogoutFilter@484302ee, org.springframework.security.web.authentication.UsernamePasswordAuthenticationFilter@598e5cb8, org.springframework.security.web.savedrequest.RequestCacheAwareFilter@bb5f9d, org.springframework.security.web.servletapi.SecurityContextHolderAwareRequestFilter@702cfbde, org.springframework.security.web.authentication.AnonymousAuthenticationFilter@1feb586d, org.springframework.security.web.access.ExceptionTranslationFilter@2f8f40cc, org.springframework.security.web.access.intercept.AuthorizationFilter@28b2e4d8]
2026-06-05 17:59:51.366 [background-preinit] INFO  o.h.validator.internal.util.Version - HV000001: Hibernate Validator 8.0.1.Final
2026-06-05 17:59:51.459 [main] INFO  com.example.sms.SmsApplication - Starting SmsApplication using Java 21.0.7 with PID 33728 (C:\Work\sms-project-v2\target\classes started by ndk20 in C:\Work\sms-project-v2)
2026-06-05 17:59:51.461 [main] DEBUG com.example.sms.SmsApplication - Running with Spring Boot v3.3.0, Spring v6.1.8
2026-06-05 17:59:51.462 [main] INFO  com.example.sms.SmsApplication - The following 1 profile is active: "dev"
2026-06-05 17:59:53.799 [main] INFO  o.s.d.r.c.RepositoryConfigurationDelegate - Bootstrapping Spring Data LDAP repositories in DEFAULT mode.
2026-06-05 17:59:53.848 [main] INFO  o.s.d.r.c.RepositoryConfigurationDelegate - Finished Spring Data repository scanning in 31 ms. Found 0 LDAP repository interfaces.
2026-06-05 17:59:55.267 [main] INFO  o.s.b.w.e.tomcat.TomcatWebServer - Tomcat initialized with port 8080 (http)
2026-06-05 17:59:55.274 [main] INFO  o.a.c.core.AprLifecycleListener - An older version [1.3.1] of the Apache Tomcat Native library is installed, while Tomcat recommends a minimum version of [2.0.5]
2026-06-05 17:59:55.277 [main] INFO  o.a.c.core.AprLifecycleListener - Loaded Apache Tomcat Native library [1.3.1] using APR version [1.7.4].
2026-06-05 17:59:55.300 [main] INFO  o.a.c.core.AprLifecycleListener - OpenSSL successfully initialized [OpenSSL 3.0.14 4 Jun 2024]
2026-06-05 17:59:55.314 [main] INFO  o.a.coyote.http11.Http11NioProtocol - Initializing ProtocolHandler ["http-nio-8080"]
2026-06-05 17:59:55.318 [main] INFO  o.a.catalina.core.StandardService - Starting service [Tomcat]
2026-06-05 17:59:55.319 [main] INFO  o.a.catalina.core.StandardEngine - Starting Servlet engine: [Apache Tomcat/10.1.24]
2026-06-05 17:59:55.446 [main] INFO  o.a.c.c.C.[Tomcat].[localhost].[/] - Initializing Spring embedded WebApplicationContext
2026-06-05 17:59:55.447 [main] INFO  o.s.b.w.s.c.ServletWebServerApplicationContext - Root WebApplicationContext: initialization completed in 3425 ms
2026-06-05 17:59:57.120 [main] INFO  o.s.s.c.a.a.c.InitializeUserDetailsBeanManagerConfigurer$InitializeUserDetailsManagerConfigurer - Global AuthenticationManager configured with UserDetailsService bean with name devUserDetailsService
2026-06-05 17:59:57.265 [main] INFO  o.s.b.a.w.s.WelcomePageHandlerMapping - Adding welcome page template: index
2026-06-05 17:59:57.823 [main] INFO  o.s.l.c.s.AbstractContextSource - Property 'userDn' not set - anonymous context will be used for read-only operations
2026-06-05 17:59:58.083 [main] INFO  o.s.b.a.e.web.EndpointLinksResolver - Exposing 1 endpoint beneath base path '/actuator'
2026-06-05 17:59:58.225 [main] INFO  o.s.s.web.DefaultSecurityFilterChain - Will secure any request with [org.springframework.security.web.session.DisableEncodeUrlFilter@102c24d1, org.springframework.security.web.context.request.async.WebAsyncManagerIntegrationFilter@495f7ca4, org.springframework.security.web.context.SecurityContextHolderFilter@393e7546, org.springframework.security.web.header.HeaderWriterFilter@f0381f0, org.springframework.web.filter.CorsFilter@700202fa, org.springframework.security.web.authentication.logout.LogoutFilter@673605ef, org.springframework.security.web.authentication.UsernamePasswordAuthenticationFilter@57ab4b33, org.springframework.security.web.savedrequest.RequestCacheAwareFilter@7512a9a6, org.springframework.security.web.servletapi.SecurityContextHolderAwareRequestFilter@6be2b567, org.springframework.security.web.authentication.AnonymousAuthenticationFilter@141234df, org.springframework.security.web.access.ExceptionTranslationFilter@6bfdaed7, org.springframework.security.web.access.intercept.AuthorizationFilter@10508ba6]
2026-06-05 17:59:59.214 [main] INFO  o.a.coyote.http11.Http11NioProtocol - Starting ProtocolHandler ["http-nio-8080"]
2026-06-05 17:59:59.254 [main] INFO  o.s.b.w.e.tomcat.TomcatWebServer - Tomcat started on port 8080 (http) with context path '/'
2026-06-05 17:59:59.276 [main] INFO  com.example.sms.SmsApplication - Started SmsApplication in 8.841 seconds (process running for 9.777)
2026-06-05 17:59:59.304 [main] INFO  com.zaxxer.hikari.HikariDataSource - HikariPool-1 - Starting...
2026-06-05 17:59:59.926 [main] INFO  com.zaxxer.hikari.pool.HikariPool - HikariPool-1 - Added connection net.sf.log4jdbc.sql.jdbcapi.ConnectionSpy@7d6a9d5e
2026-06-05 17:59:59.932 [main] INFO  com.zaxxer.hikari.HikariDataSource - HikariPool-1 - Start completed.
2026-06-05 18:00:00.025 [main] INFO  jdbc.sqlonly - CREATE USER SMS IDENTIFIED BY 1234

2026-06-05 18:00:00.038 [main] ERROR jdbc.sqlonly - 1. Statement.execute(CREATE USER SMS IDENTIFIED BY 1234) CREATE USER SMS IDENTIFIED BY 1234

java.sql.SQLSyntaxErrorException: ORA-01920: 사용자명 'SMS'(이)가 다른 사용자나 롤 이름과 상충됩니다

	at oracle.jdbc.driver.T4CTTIoer11.processError(T4CTTIoer11.java:629)
	at oracle.jdbc.driver.T4CTTIoer11.processError(T4CTTIoer11.java:563)
	at oracle.jdbc.driver.T4C8Oall.processError(T4C8Oall.java:1230)
	at oracle.jdbc.driver.T4CTTIfun.receive(T4CTTIfun.java:771)
	at oracle.jdbc.driver.T4CTTIfun.doRPC(T4CTTIfun.java:298)
	at oracle.jdbc.driver.T4C8Oall.doOALL(T4C8Oall.java:511)
	at oracle.jdbc.driver.T4CStatement.doOall8(T4CStatement.java:122)
	at oracle.jdbc.driver.T4CStatement.executeForRows(T4CStatement.java:1199)
	at oracle.jdbc.driver.OracleStatement.executeSQLStatement(OracleStatement.java:1819)
	at oracle.jdbc.driver.OracleStatement.doExecuteWithTimeout(OracleStatement.java:1471)
	at oracle.jdbc.driver.OracleStatement.executeInternal(OracleStatement.java:2504)
	at oracle.jdbc.driver.OracleStatement.execute(OracleStatement.java:2459)
	at oracle.jdbc.driver.OracleStatementWrapper.execute(OracleStatementWrapper.java:327)
	at net.sf.log4jdbc.sql.jdbcapi.StatementSpy.execute(StatementSpy.java:923)
	at com.zaxxer.hikari.pool.ProxyStatement.execute(ProxyStatement.java:94)
	at com.zaxxer.hikari.pool.HikariProxyStatement.execute(HikariProxyStatement.java)
	at org.springframework.jdbc.core.JdbcTemplate$1ExecuteStatementCallback.doInStatement(JdbcTemplate.java:435)
	at org.springframework.jdbc.core.JdbcTemplate.execute(JdbcTemplate.java:393)
	at org.springframework.jdbc.core.JdbcTemplate.execute(JdbcTemplate.java:444)
	at com.example.sms.config.TableInitRunner.run(TableInitRunner.java:20)
	at org.springframework.boot.SpringApplication.lambda$callRunner$5(SpringApplication.java:790)
	at org.springframework.util.function.ThrowingConsumer$1.acceptWithException(ThrowingConsumer.java:83)
	at org.springframework.util.function.ThrowingConsumer.accept(ThrowingConsumer.java:60)
	at org.springframework.util.function.ThrowingConsumer$1.accept(ThrowingConsumer.java:88)
	at org.springframework.boot.SpringApplication.callRunner(SpringApplication.java:798)
	at org.springframework.boot.SpringApplication.callRunner(SpringApplication.java:789)
	at org.springframework.boot.SpringApplication.lambda$callRunners$3(SpringApplication.java:774)
	at java.base/java.util.stream.ForEachOps$ForEachOp$OfRef.accept(ForEachOps.java:184)
	at java.base/java.util.stream.SortedOps$SizedRefSortingSink.end(SortedOps.java:357)
	at java.base/java.util.stream.AbstractPipeline.copyInto(AbstractPipeline.java:510)
	at java.base/java.util.stream.AbstractPipeline.wrapAndCopyInto(AbstractPipeline.java:499)
	at java.base/java.util.stream.ForEachOps$ForEachOp.evaluateSequential(ForEachOps.java:151)
	at java.base/java.util.stream.ForEachOps$ForEachOp$OfRef.evaluateSequential(ForEachOps.java:174)
	at java.base/java.util.stream.AbstractPipeline.evaluate(AbstractPipeline.java:234)
	at java.base/java.util.stream.ReferencePipeline.forEach(ReferencePipeline.java:596)
	at org.springframework.boot.SpringApplication.callRunners(SpringApplication.java:774)
	at org.springframework.boot.SpringApplication.run(SpringApplication.java:342)
	at org.springframework.boot.SpringApplication.run(SpringApplication.java:1363)
	at org.springframework.boot.SpringApplication.run(SpringApplication.java:1352)
	at com.example.sms.SmsApplication.main(SmsApplication.java:14)
Caused by: oracle.jdbc.OracleDatabaseException: ORA-01920: 사용자명 'SMS'(이)가 다른 사용자나 롤 이름과 상충됩니다

	at oracle.jdbc.driver.T4CTTIoer11.processError(T4CTTIoer11.java:636)
	... 39 common frames omitted
2026-06-05 18:00:00.080 [main] INFO  jdbc.sqlonly - BEGIN
  EXECUTE IMMEDIATE 'CREATE TABLE TB_DEP (
      DEPT_ID VARCHAR2(12) PRIMARY KEY,
      DEP_NM VARCHAR2(20),
      WRT_DTTM CHAR(14),
      DEL_DTTM CHAR(14),
      ACT_YN CHAR(1)
  )';
EXCEPTION
  WHEN OTHERS THEN
    IF SQLCODE != -955 THEN RAISE; END IF;
END;

2026-06-05 18:00:00.128 [main] INFO  jdbc.sqlonly - BEGIN
  EXECUTE IMMEDIATE 'CREATE TABLE TB_EMP (
      EMP_ID VARCHAR2(12) NOT NULL,
      DEPT_ID VARCHAR2(12) NOT NULL,
      EMP_PASS VARCHAR2(24) NULL,
      EMP_NM VARCHAR2(20) NULL,
      EMP_LEV CHAR(1) NULL,
      REG_DTTM VARCHAR2(14) NULL,
      MAX_SEND_CNT NUMBER NULL,
      PERM_CPN CHAR(1) NULL,
      PERM_SYS CHAR(1) NULL,
      PERM_STA CHAR(1) NULL,
      NOW_SEND_CNT NUMBER NULL,
      LAST_SEND_DT CHAR(8) NULL,
      LOGIN_FAIL_CNT NUMBER NULL,
      EMP_PHONE VARCHAR2(15) NULL,
      PERM_PSN CHAR(1) NULL,
      PERM_AUT CHAR(1) NULL,
      PERM_CPN_AGREE CHAR(1) NULL,
      DEL_DTTM VARCHAR2(14) NULL,
      ACT_YN CHAR(1) NULL,
      LAST_LOGIN_DTTM VARCHAR2(14) NULL,
      PASS_UPDATE_DTTM CHAR(14) NULL,
      PASS_UPDATE_YN CHAR(1) DEFAULT ''N'' NOT NULL,
      PERM_SND_CANCEL CHAR(1) NULL,
      UPDATE_DTTM CHAR(14) NULL,
      PERM_NOM CHAR(1) NULL,
      PERM_NOM_AGREE CHAR(1) NULL,
      PERM_MMS CHAR(1) NULL,
      PERM_MMS_AGREE CHAR(1) NULL,
      OLD_PWD1 VARCHAR2(24) NULL,
      OLD_PWD2 VARCHAR2(24) NULL,
      OLD_PWD3 VARCHAR2(24) NULL,
      OLD_PWD4 VARCHAR2(24) NULL,
      OLD_PWD5 VARCHAR2(24) NULL,
      OLD_PWD6 VARCHAR2(24) NULL,
      OLD_PWD7 VARCHAR2(24) NULL,
      OLD_PWD8 VARCHAR2(24) NULL,
      OLD_PWD9 VARCHAR2(24) NULL,
      OLD_PWD10 VARCHAR2(24) NULL,
      MFA_YN CHAR(1) NULL,
      CONSTRAINT EMP_PK PRIMARY KEY (EMP_ID, DEPT_ID)
  )';
EXCEPTION
  WHEN OTHERS THEN
    IF SQLCODE != -955 THEN RAISE; END IF;
END;

2026-06-05 18:00:00.144 [main] INFO  jdbc.sqlonly - SELECT COUNT(1) FROM EMPLOYEE WHERE EMP_ID = 'admin'

2026-06-05 18:00:00.371 [main] INFO  jdbc.sqlonly - SELECT COUNT(1) FROM TB_DEP

2026-06-05 18:00:00.381 [main] INFO  jdbc.sqlonly - BEGIN
  EXECUTE IMMEDIATE 'CREATE TABLE TB_PRIVACY_AUDIT_LOG (
      log_id NUMBER GENERATED ALWAYS AS IDENTITY PRIMARY KEY,
      executor_id VARCHAR2(50) NOT NULL,
      executor_ip VARCHAR2(50),
      request_url VARCHAR2(200),
      action_type VARCHAR2(100) NOT NULL,
      target_data VARCHAR2(500),
      created_at TIMESTAMP DEFAULT CURRENT_TIMESTAMP
  )';
EXCEPTION
  WHEN OTHERS THEN
    IF SQLCODE != -955 THEN RAISE; END IF;
END;

2026-06-05 18:00:00.381 [RMI TCP Connection(2)-127.0.0.1] INFO  o.a.c.c.C.[Tomcat].[localhost].[/] - Initializing Spring DispatcherServlet 'dispatcherServlet'
2026-06-05 18:00:00.382 [RMI TCP Connection(2)-127.0.0.1] INFO  o.s.web.servlet.DispatcherServlet - Initializing Servlet 'dispatcherServlet'
2026-06-05 18:00:00.385 [RMI TCP Connection(2)-127.0.0.1] INFO  o.s.web.servlet.DispatcherServlet - Completed initialization in 3 ms
2026-06-05 18:00:00.391 [main] INFO  jdbc.sqlonly - BEGIN
  EXECUTE IMMEDIATE 'CREATE TABLE TB_ATTACH_FILE (
      file_id NUMBER GENERATED ALWAYS AS IDENTITY PRIMARY KEY,
      original_name VARCHAR2(300) NOT NULL,
      save_name VARCHAR2(300) NOT NULL,
      file_path VARCHAR2(500) NOT NULL,
      file_size NUMBER,
      ext VARCHAR2(10),
      created_at TIMESTAMP DEFAULT CURRENT_TIMESTAMP
  )';
EXCEPTION
  WHEN OTHERS THEN
    IF SQLCODE != -955 THEN RAISE; END IF;
END;

2026-06-05 18:00:00.400 [main] INFO  jdbc.sqlonly - BEGIN
  EXECUTE IMMEDIATE 'CREATE TABLE TB_MESSAGE (
      MSG_ID      NUMBER GENERATED ALWAYS AS IDENTITY PRIMARY KEY,
      DEPT_ID     VARCHAR2(50),
      MSG_CODE    VARCHAR2(50) UNIQUE NOT NULL,
      MSG_TYPE    VARCHAR2(20) DEFAULT ''NORMAL'' NOT NULL,
      MSG_TITLE   VARCHAR2(200) NOT NULL,
      MSG_CONTENT CLOB,
      FORBID_YN   CHAR(1) DEFAULT ''N'',
      SEND_POINT  VARCHAR2(100),
      USE_YN      CHAR(1) DEFAULT ''Y'',
      REG_ID      VARCHAR2(50),
      REG_DT      TIMESTAMP DEFAULT CURRENT_TIMESTAMP,
      UPD_ID      VARCHAR2(50),
      UPD_DT      TIMESTAMP
  )';
EXCEPTION
  WHEN OTHERS THEN
    IF SQLCODE != -955 THEN RAISE; END IF;
END;

2026-06-05 18:00:00.409 [main] INFO  jdbc.sqlonly - BEGIN
  EXECUTE IMMEDIATE 'CREATE TABLE TB_BANK (
      BANK_CD  VARCHAR2(10)  PRIMARY KEY,
      BANK_NM  VARCHAR2(100) NOT NULL,
      SWIFT_CD VARCHAR2(20),
      USE_YN   CHAR(1) DEFAULT ''Y''
  )';
EXCEPTION WHEN OTHERS THEN IF SQLCODE != -955 THEN RAISE; END IF;
END;

2026-06-05 18:00:00.509 [main] INFO  jdbc.sqlonly - SELECT COUNT(1) FROM TB_BANK WHERE BANK_CD = 'KB'

2026-06-05 18:00:00.525 [main] INFO  jdbc.sqlonly - SELECT COUNT(1) FROM TB_BANK WHERE BANK_CD = 'SHIN'

2026-06-05 18:00:00.528 [main] INFO  jdbc.sqlonly - SELECT COUNT(1) FROM TB_BANK WHERE BANK_CD = 'WOORI'

2026-06-05 18:00:00.532 [main] INFO  jdbc.sqlonly - SELECT COUNT(1) FROM TB_BANK WHERE BANK_CD = 'HANA'

2026-06-05 18:00:00.535 [main] INFO  jdbc.sqlonly - SELECT COUNT(1) FROM TB_BANK WHERE BANK_CD = 'IBK'

2026-06-05 18:00:00.538 [main] INFO  jdbc.sqlonly - SELECT COUNT(1) FROM TB_BANK WHERE BANK_CD = 'KEB'

2026-06-05 18:00:00.541 [main] INFO  jdbc.sqlonly - SELECT COUNT(1) FROM TB_BANK WHERE BANK_CD = 'NH'

2026-06-05 18:00:00.546 [main] INFO  jdbc.sqlonly - SELECT COUNT(1) FROM TB_BANK WHERE BANK_CD = 'SC'

2026-06-05 18:00:00.549 [main] INFO  jdbc.sqlonly - SELECT COUNT(1) FROM TB_BANK WHERE BANK_CD = 'CITI'

2026-06-05 18:00:00.553 [main] INFO  jdbc.sqlonly - SELECT COUNT(1) FROM TB_BANK WHERE BANK_CD = 'DGB'

2026-06-05 18:00:00.557 [main] INFO  jdbc.sqlonly - SELECT COUNT(1) FROM TB_BANK WHERE BANK_CD = 'BNK'

2026-06-05 18:00:00.562 [main] INFO  jdbc.sqlonly - SELECT COUNT(1) FROM TB_BANK WHERE BANK_CD = 'JB'

2026-06-05 18:00:00.565 [main] INFO  jdbc.sqlonly - SELECT COUNT(1) FROM TB_BANK WHERE BANK_CD = 'KDB'

2026-06-05 18:00:00.569 [main] INFO  jdbc.sqlonly - SELECT COUNT(1) FROM TB_BANK WHERE BANK_CD = 'KIBO'

2026-06-05 18:00:00.573 [main] INFO  jdbc.sqlonly - BEGIN
  EXECUTE IMMEDIATE 'CREATE TABLE TB_CUSTOMER_SSN (
      PHONE_NO     VARCHAR2(20) PRIMARY KEY,
      SSN_MASKED   VARCHAR2(14),
      HOLDER_NAME  VARCHAR2(100),
      DEPT_NM      VARCHAR2(100),
      INTERMEDIARY VARCHAR2(100),
      REG_DT       TIMESTAMP DEFAULT CURRENT_TIMESTAMP
  )';
EXCEPTION WHEN OTHERS THEN IF SQLCODE != -955 THEN RAISE; END IF;
END;

2026-06-05 18:00:00.582 [main] INFO  jdbc.sqlonly - SELECT COUNT(1) FROM USER_TAB_COLUMNS WHERE TABLE_NAME = 'EMPLOYEE' AND COLUMN_NAME = 'MFA_YN'

2026-06-05 18:00:00.903 [main] INFO  jdbc.sqlonly - SELECT COUNT(1) FROM USER_TAB_COLUMNS WHERE TABLE_NAME = 'CAMPAIGN' AND COLUMN_NAME = 'REG_ID'

2026-06-05 18:00:00.909 [main] INFO  jdbc.sqlonly - SELECT COUNT(1) FROM USER_TAB_COLUMNS WHERE TABLE_NAME = 'CAMPAIGN' AND COLUMN_NAME = 'TARGET_COUNT'

2026-06-05 18:00:01.099 [main] INFO  jdbc.sqlonly - SELECT COUNT(1) FROM USER_TAB_COLUMNS WHERE TABLE_NAME = 'CAMPAIGN' AND COLUMN_NAME = 'APRV_USER'

2026-06-05 18:00:01.104 [main] INFO  jdbc.sqlonly - SELECT COUNT(1) FROM USER_TAB_COLUMNS WHERE TABLE_NAME = 'CAMPAIGN' AND COLUMN_NAME = 'APRV_DT'

2026-06-05 18:00:01.107 [main] INFO  jdbc.sqlonly - SELECT COUNT(1) FROM TB_SMS_HISTORY

2026-06-05 18:00:01.115 [main] INFO  jdbc.sqlonly - DELETE FROM TB_GROUP_CONTACT_MAP

2026-06-05 18:00:01.143 [main] INFO  jdbc.sqlonly - DELETE FROM TB_CONTACT

2026-06-05 18:00:01.158 [main] INFO  jdbc.sqlonly - SELECT GROUP_ID FROM (SELECT GROUP_ID FROM TB_CONTACT_GROUP ORDER BY GROUP_ID DESC) WHERE ROWNUM <= 5

2026-06-05 18:00:01.172 [main] INFO  jdbc.sqlonly - INSERT INTO TB_CONTACT (CONTACT_NM, PHONE_NO, COMPANY_NM, REG_DT, REG_ID) VALUES ('테스트고객1', '010-0001-0001', '(주)테스트기업2', SYSDATE, 'SYSTEM')

2026-06-05 18:00:01.183 [main] INFO  jdbc.sqlonly - INSERT INTO TB_CONTACT (CONTACT_NM, PHONE_NO, COMPANY_NM, REG_DT, REG_ID) VALUES ('테스트고객2', '010-0002-0002', '(주)테스트기업3', SYSDATE, 'SYSTEM')

2026-06-05 18:00:01.188 [main] INFO  jdbc.sqlonly - INSERT INTO TB_CONTACT (CONTACT_NM, PHONE_NO, COMPANY_NM, REG_DT, REG_ID) VALUES ('테스트고객3', '010-0003-0003', '(주)테스트기업1', SYSDATE, 'SYSTEM')

2026-06-05 18:00:01.194 [main] INFO  jdbc.sqlonly - INSERT INTO TB_CONTACT (CONTACT_NM, PHONE_NO, COMPANY_NM, REG_DT, REG_ID) VALUES ('테스트고객4', '010-0004-0004', '(주)테스트기업2', SYSDATE, 'SYSTEM')

2026-06-05 18:00:01.199 [main] INFO  jdbc.sqlonly - INSERT INTO TB_CONTACT (CONTACT_NM, PHONE_NO, COMPANY_NM, REG_DT, REG_ID) VALUES ('테스트고객5', '010-0005-0005', '(주)테스트기업3', SYSDATE, 'SYSTEM')

2026-06-05 18:00:01.206 [main] INFO  jdbc.sqlonly - INSERT INTO TB_CONTACT (CONTACT_NM, PHONE_NO, COMPANY_NM, REG_DT, REG_ID) VALUES ('테스트고객6', '010-0006-0006', '(주)테스트기업1', SYSDATE, 'SYSTEM')

2026-06-05 18:00:01.212 [main] INFO  jdbc.sqlonly - INSERT INTO TB_CONTACT (CONTACT_NM, PHONE_NO, COMPANY_NM, REG_DT, REG_ID) VALUES ('테스트고객7', '010-0007-0007', '(주)테스트기업2', SYSDATE, 'SYSTEM')

2026-06-05 18:00:01.219 [main] INFO  jdbc.sqlonly - INSERT INTO TB_CONTACT (CONTACT_NM, PHONE_NO, COMPANY_NM, REG_DT, REG_ID) VALUES ('테스트고객8', '010-0008-0008', '(주)테스트기업3', SYSDATE, 'SYSTEM')

2026-06-05 18:00:01.224 [main] INFO  jdbc.sqlonly - INSERT INTO TB_CONTACT (CONTACT_NM, PHONE_NO, COMPANY_NM, REG_DT, REG_ID) VALUES ('테스트고객9', '010-0009-0009', '(주)테스트기업1', SYSDATE, 'SYSTEM')

2026-06-05 18:00:01.230 [main] INFO  jdbc.sqlonly - INSERT INTO TB_CONTACT (CONTACT_NM, PHONE_NO, COMPANY_NM, REG_DT, REG_ID) VALUES ('테스트고객10', '010-0010-0010', '(주)테스트기업2', SYSDATE, 'SYSTEM')

2026-06-05 18:00:01.236 [main] INFO  jdbc.sqlonly - INSERT INTO TB_CONTACT (CONTACT_NM, PHONE_NO, COMPANY_NM, REG_DT, REG_ID) VALUES ('테스트고객11', '010-0011-0011', '(주)테스트기업3', SYSDATE, 'SYSTEM')

2026-06-05 18:00:01.241 [main] INFO  jdbc.sqlonly - INSERT INTO TB_CONTACT (CONTACT_NM, PHONE_NO, COMPANY_NM, REG_DT, REG_ID) VALUES ('테스트고객12', '010-0012-0012', '(주)테스트기업1', SYSDATE, 'SYSTEM')

2026-06-05 18:00:01.247 [main] INFO  jdbc.sqlonly - INSERT INTO TB_CONTACT (CONTACT_NM, PHONE_NO, COMPANY_NM, REG_DT, REG_ID) VALUES ('테스트고객13', '010-0013-0013', '(주)테스트기업2', SYSDATE, 'SYSTEM')

2026-06-05 18:00:01.253 [main] INFO  jdbc.sqlonly - INSERT INTO TB_CONTACT (CONTACT_NM, PHONE_NO, COMPANY_NM, REG_DT, REG_ID) VALUES ('테스트고객14', '010-0014-0014', '(주)테스트기업3', SYSDATE, 'SYSTEM')

2026-06-05 18:00:01.260 [main] INFO  jdbc.sqlonly - INSERT INTO TB_CONTACT (CONTACT_NM, PHONE_NO, COMPANY_NM, REG_DT, REG_ID) VALUES ('테스트고객15', '010-0015-0015', '(주)테스트기업1', SYSDATE, 'SYSTEM')

2026-06-05 18:00:01.266 [main] INFO  jdbc.sqlonly - INSERT INTO TB_CONTACT (CONTACT_NM, PHONE_NO, COMPANY_NM, REG_DT, REG_ID) VALUES ('테스트고객16', '010-0016-0016', '(주)테스트기업2', SYSDATE, 'SYSTEM')

2026-06-05 18:00:01.272 [main] INFO  jdbc.sqlonly - INSERT INTO TB_CONTACT (CONTACT_NM, PHONE_NO, COMPANY_NM, REG_DT, REG_ID) VALUES ('테스트고객17', '010-0017-0017', '(주)테스트기업3', SYSDATE, 'SYSTEM')

2026-06-05 18:00:01.284 [main] INFO  jdbc.sqlonly - INSERT INTO TB_CONTACT (CONTACT_NM, PHONE_NO, COMPANY_NM, REG_DT, REG_ID) VALUES ('테스트고객18', '010-0018-0018', '(주)테스트기업1', SYSDATE, 'SYSTEM')

2026-06-05 18:00:01.292 [main] INFO  jdbc.sqlonly - INSERT INTO TB_CONTACT (CONTACT_NM, PHONE_NO, COMPANY_NM, REG_DT, REG_ID) VALUES ('테스트고객19', '010-0019-0019', '(주)테스트기업2', SYSDATE, 'SYSTEM')

2026-06-05 18:00:01.298 [main] INFO  jdbc.sqlonly - INSERT INTO TB_CONTACT (CONTACT_NM, PHONE_NO, COMPANY_NM, REG_DT, REG_ID) VALUES ('테스트고객20', '010-0020-0020', '(주)테스트기업3', SYSDATE, 'SYSTEM')

2026-06-05 18:00:01.305 [main] INFO  jdbc.sqlonly - INSERT INTO TB_CONTACT (CONTACT_NM, PHONE_NO, COMPANY_NM, REG_DT, REG_ID) VALUES ('테스트고객21', '010-0021-0021', '(주)테스트기업1', SYSDATE, 'SYSTEM')

2026-06-05 18:00:01.314 [main] INFO  jdbc.sqlonly - INSERT INTO TB_CONTACT (CONTACT_NM, PHONE_NO, COMPANY_NM, REG_DT, REG_ID) VALUES ('테스트고객22', '010-0022-0022', '(주)테스트기업2', SYSDATE, 'SYSTEM')

2026-06-05 18:00:01.321 [main] INFO  jdbc.sqlonly - INSERT INTO TB_CONTACT (CONTACT_NM, PHONE_NO, COMPANY_NM, REG_DT, REG_ID) VALUES ('테스트고객23', '010-0023-0023', '(주)테스트기업3', SYSDATE, 'SYSTEM')

2026-06-05 18:00:01.327 [main] INFO  jdbc.sqlonly - INSERT INTO TB_CONTACT (CONTACT_NM, PHONE_NO, COMPANY_NM, REG_DT, REG_ID) VALUES ('테스트고객24', '010-0024-0024', '(주)테스트기업1', SYSDATE, 'SYSTEM')

2026-06-05 18:00:01.335 [main] INFO  jdbc.sqlonly - INSERT INTO TB_CONTACT (CONTACT_NM, PHONE_NO, COMPANY_NM, REG_DT, REG_ID) VALUES ('테스트고객25', '010-0025-0025', '(주)테스트기업2', SYSDATE, 'SYSTEM')

2026-06-05 18:00:01.342 [main] INFO  jdbc.sqlonly - INSERT INTO TB_CONTACT (CONTACT_NM, PHONE_NO, COMPANY_NM, REG_DT, REG_ID) VALUES ('테스트고객26', '010-0026-0026', '(주)테스트기업3', SYSDATE, 'SYSTEM')

2026-06-05 18:00:01.348 [main] INFO  jdbc.sqlonly - INSERT INTO TB_CONTACT (CONTACT_NM, PHONE_NO, COMPANY_NM, REG_DT, REG_ID) VALUES ('테스트고객27', '010-0027-0027', '(주)테스트기업1', SYSDATE, 'SYSTEM')

2026-06-05 18:00:01.354 [main] INFO  jdbc.sqlonly - INSERT INTO TB_CONTACT (CONTACT_NM, PHONE_NO, COMPANY_NM, REG_DT, REG_ID) VALUES ('테스트고객28', '010-0028-0028', '(주)테스트기업2', SYSDATE, 'SYSTEM')

2026-06-05 18:00:01.361 [main] INFO  jdbc.sqlonly - INSERT INTO TB_CONTACT (CONTACT_NM, PHONE_NO, COMPANY_NM, REG_DT, REG_ID) VALUES ('테스트고객29', '010-0029-0029', '(주)테스트기업3', SYSDATE, 'SYSTEM')

2026-06-05 18:00:01.367 [main] INFO  jdbc.sqlonly - INSERT INTO TB_CONTACT (CONTACT_NM, PHONE_NO, COMPANY_NM, REG_DT, REG_ID) VALUES ('테스트고객30', '010-0030-0030', '(주)테스트기업1', SYSDATE, 'SYSTEM')

2026-06-05 18:00:01.374 [main] INFO  jdbc.sqlonly - INSERT INTO TB_CONTACT (CONTACT_NM, PHONE_NO, COMPANY_NM, REG_DT, REG_ID) VALUES ('테스트고객31', '010-0031-0031', '(주)테스트기업2', SYSDATE, 'SYSTEM')

2026-06-05 18:00:01.381 [main] INFO  jdbc.sqlonly - INSERT INTO TB_CONTACT (CONTACT_NM, PHONE_NO, COMPANY_NM, REG_DT, REG_ID) VALUES ('테스트고객32', '010-0032-0032', '(주)테스트기업3', SYSDATE, 'SYSTEM')

2026-06-05 18:00:01.388 [main] INFO  jdbc.sqlonly - INSERT INTO TB_CONTACT (CONTACT_NM, PHONE_NO, COMPANY_NM, REG_DT, REG_ID) VALUES ('테스트고객33', '010-0033-0033', '(주)테스트기업1', SYSDATE, 'SYSTEM')

2026-06-05 18:00:01.394 [main] INFO  jdbc.sqlonly - INSERT INTO TB_CONTACT (CONTACT_NM, PHONE_NO, COMPANY_NM, REG_DT, REG_ID) VALUES ('테스트고객34', '010-0034-0034', '(주)테스트기업2', SYSDATE, 'SYSTEM')

2026-06-05 18:00:01.400 [main] INFO  jdbc.sqlonly - INSERT INTO TB_CONTACT (CONTACT_NM, PHONE_NO, COMPANY_NM, REG_DT, REG_ID) VALUES ('테스트고객35', '010-0035-0035', '(주)테스트기업3', SYSDATE, 'SYSTEM')

2026-06-05 18:00:01.403 [main] INFO  jdbc.sqlonly - INSERT INTO TB_CONTACT (CONTACT_NM, PHONE_NO, COMPANY_NM, REG_DT, REG_ID) VALUES ('테스트고객36', '010-0036-0036', '(주)테스트기업1', SYSDATE, 'SYSTEM')

2026-06-05 18:00:01.409 [main] INFO  jdbc.sqlonly - INSERT INTO TB_CONTACT (CONTACT_NM, PHONE_NO, COMPANY_NM, REG_DT, REG_ID) VALUES ('테스트고객37', '010-0037-0037', '(주)테스트기업2', SYSDATE, 'SYSTEM')

2026-06-05 18:00:01.414 [main] INFO  jdbc.sqlonly - INSERT INTO TB_CONTACT (CONTACT_NM, PHONE_NO, COMPANY_NM, REG_DT, REG_ID) VALUES ('테스트고객38', '010-0038-0038', '(주)테스트기업3', SYSDATE, 'SYSTEM')

2026-06-05 18:00:01.419 [main] INFO  jdbc.sqlonly - INSERT INTO TB_CONTACT (CONTACT_NM, PHONE_NO, COMPANY_NM, REG_DT, REG_ID) VALUES ('테스트고객39', '010-0039-0039', '(주)테스트기업1', SYSDATE, 'SYSTEM')

2026-06-05 18:00:01.425 [main] INFO  jdbc.sqlonly - INSERT INTO TB_CONTACT (CONTACT_NM, PHONE_NO, COMPANY_NM, REG_DT, REG_ID) VALUES ('테스트고객40', '010-0040-0040', '(주)테스트기업2', SYSDATE, 'SYSTEM')

2026-06-05 18:00:01.430 [main] INFO  jdbc.sqlonly - INSERT INTO TB_CONTACT (CONTACT_NM, PHONE_NO, COMPANY_NM, REG_DT, REG_ID) VALUES ('테스트고객41', '010-0041-0041', '(주)테스트기업3', SYSDATE, 'SYSTEM')

2026-06-05 18:00:01.436 [main] INFO  jdbc.sqlonly - INSERT INTO TB_CONTACT (CONTACT_NM, PHONE_NO, COMPANY_NM, REG_DT, REG_ID) VALUES ('테스트고객42', '010-0042-0042', '(주)테스트기업1', SYSDATE, 'SYSTEM')

2026-06-05 18:00:01.442 [main] INFO  jdbc.sqlonly - INSERT INTO TB_CONTACT (CONTACT_NM, PHONE_NO, COMPANY_NM, REG_DT, REG_ID) VALUES ('테스트고객43', '010-0043-0043', '(주)테스트기업2', SYSDATE, 'SYSTEM')

2026-06-05 18:00:01.448 [main] INFO  jdbc.sqlonly - INSERT INTO TB_CONTACT (CONTACT_NM, PHONE_NO, COMPANY_NM, REG_DT, REG_ID) VALUES ('테스트고객44', '010-0044-0044', '(주)테스트기업3', SYSDATE, 'SYSTEM')

2026-06-05 18:00:01.454 [main] INFO  jdbc.sqlonly - INSERT INTO TB_CONTACT (CONTACT_NM, PHONE_NO, COMPANY_NM, REG_DT, REG_ID) VALUES ('테스트고객45', '010-0045-0045', '(주)테스트기업1', SYSDATE, 'SYSTEM')

2026-06-05 18:00:01.459 [main] INFO  jdbc.sqlonly - INSERT INTO TB_CONTACT (CONTACT_NM, PHONE_NO, COMPANY_NM, REG_DT, REG_ID) VALUES ('테스트고객46', '010-0046-0046', '(주)테스트기업2', SYSDATE, 'SYSTEM')

2026-06-05 18:00:01.465 [main] INFO  jdbc.sqlonly - INSERT INTO TB_CONTACT (CONTACT_NM, PHONE_NO, COMPANY_NM, REG_DT, REG_ID) VALUES ('테스트고객47', '010-0047-0047', '(주)테스트기업3', SYSDATE, 'SYSTEM')

2026-06-05 18:00:01.470 [main] INFO  jdbc.sqlonly - INSERT INTO TB_CONTACT (CONTACT_NM, PHONE_NO, COMPANY_NM, REG_DT, REG_ID) VALUES ('테스트고객48', '010-0048-0048', '(주)테스트기업1', SYSDATE, 'SYSTEM')

2026-06-05 18:00:01.477 [main] INFO  jdbc.sqlonly - INSERT INTO TB_CONTACT (CONTACT_NM, PHONE_NO, COMPANY_NM, REG_DT, REG_ID) VALUES ('테스트고객49', '010-0049-0049', '(주)테스트기업2', SYSDATE, 'SYSTEM')

2026-06-05 18:00:01.483 [main] INFO  jdbc.sqlonly - INSERT INTO TB_CONTACT (CONTACT_NM, PHONE_NO, COMPANY_NM, REG_DT, REG_ID) VALUES ('테스트고객50', '010-0050-0050', '(주)테스트기업3', SYSDATE, 'SYSTEM')

2026-06-05 18:00:01.488 [main] INFO  jdbc.sqlonly - SELECT CONTACT_ID FROM TB_CONTACT

2026-06-05 18:00:01.502 [main] INFO  jdbc.sqlonly - INSERT INTO TB_GROUP_CONTACT_MAP (GROUP_ID, CONTACT_ID, REG_DT) VALUES ('205', '5721', SYSDATE)

2026-06-05 18:00:01.512 [main] INFO  jdbc.sqlonly - INSERT INTO TB_GROUP_CONTACT_MAP (GROUP_ID, CONTACT_ID, REG_DT) VALUES ('204', '5722', SYSDATE)

2026-06-05 18:00:01.518 [main] INFO  jdbc.sqlonly - INSERT INTO TB_GROUP_CONTACT_MAP (GROUP_ID, CONTACT_ID, REG_DT) VALUES ('203', '5723', SYSDATE)

2026-06-05 18:00:01.525 [main] INFO  jdbc.sqlonly - INSERT INTO TB_GROUP_CONTACT_MAP (GROUP_ID, CONTACT_ID, REG_DT) VALUES ('202', '5724', SYSDATE)

2026-06-05 18:00:01.530 [main] INFO  jdbc.sqlonly - INSERT INTO TB_GROUP_CONTACT_MAP (GROUP_ID, CONTACT_ID, REG_DT) VALUES ('201', '5725', SYSDATE)

2026-06-05 18:00:01.536 [main] INFO  jdbc.sqlonly - INSERT INTO TB_GROUP_CONTACT_MAP (GROUP_ID, CONTACT_ID, REG_DT) VALUES ('205', '5726', SYSDATE)

2026-06-05 18:00:01.541 [main] INFO  jdbc.sqlonly - INSERT INTO TB_GROUP_CONTACT_MAP (GROUP_ID, CONTACT_ID, REG_DT) VALUES ('204', '5727', SYSDATE)

2026-06-05 18:00:01.547 [main] INFO  jdbc.sqlonly - INSERT INTO TB_GROUP_CONTACT_MAP (GROUP_ID, CONTACT_ID, REG_DT) VALUES ('203', '5728', SYSDATE)

2026-06-05 18:00:01.552 [main] INFO  jdbc.sqlonly - INSERT INTO TB_GROUP_CONTACT_MAP (GROUP_ID, CONTACT_ID, REG_DT) VALUES ('202', '5729', SYSDATE)

2026-06-05 18:00:01.558 [main] INFO  jdbc.sqlonly - INSERT INTO TB_GROUP_CONTACT_MAP (GROUP_ID, CONTACT_ID, REG_DT) VALUES ('201', '5730', SYSDATE)

2026-06-05 18:00:01.563 [main] INFO  jdbc.sqlonly - INSERT INTO TB_GROUP_CONTACT_MAP (GROUP_ID, CONTACT_ID, REG_DT) VALUES ('205', '5731', SYSDATE)

2026-06-05 18:00:01.567 [main] INFO  jdbc.sqlonly - INSERT INTO TB_GROUP_CONTACT_MAP (GROUP_ID, CONTACT_ID, REG_DT) VALUES ('204', '5732', SYSDATE)

2026-06-05 18:00:01.573 [main] INFO  jdbc.sqlonly - INSERT INTO TB_GROUP_CONTACT_MAP (GROUP_ID, CONTACT_ID, REG_DT) VALUES ('203', '5733', SYSDATE)

2026-06-05 18:00:01.579 [main] INFO  jdbc.sqlonly - INSERT INTO TB_GROUP_CONTACT_MAP (GROUP_ID, CONTACT_ID, REG_DT) VALUES ('202', '5734', SYSDATE)

2026-06-05 18:00:01.584 [main] INFO  jdbc.sqlonly - INSERT INTO TB_GROUP_CONTACT_MAP (GROUP_ID, CONTACT_ID, REG_DT) VALUES ('201', '5735', SYSDATE)

2026-06-05 18:00:01.589 [main] INFO  jdbc.sqlonly - INSERT INTO TB_GROUP_CONTACT_MAP (GROUP_ID, CONTACT_ID, REG_DT) VALUES ('205', '5736', SYSDATE)

2026-06-05 18:00:01.595 [main] INFO  jdbc.sqlonly - INSERT INTO TB_GROUP_CONTACT_MAP (GROUP_ID, CONTACT_ID, REG_DT) VALUES ('204', '5737', SYSDATE)

2026-06-05 18:00:01.600 [main] INFO  jdbc.sqlonly - INSERT INTO TB_GROUP_CONTACT_MAP (GROUP_ID, CONTACT_ID, REG_DT) VALUES ('203', '5738', SYSDATE)

2026-06-05 18:00:01.605 [main] INFO  jdbc.sqlonly - INSERT INTO TB_GROUP_CONTACT_MAP (GROUP_ID, CONTACT_ID, REG_DT) VALUES ('202', '5739', SYSDATE)

2026-06-05 18:00:01.608 [main] INFO  jdbc.sqlonly - INSERT INTO TB_GROUP_CONTACT_MAP (GROUP_ID, CONTACT_ID, REG_DT) VALUES ('201', '5740', SYSDATE)

2026-06-05 18:00:01.614 [main] INFO  jdbc.sqlonly - INSERT INTO TB_GROUP_CONTACT_MAP (GROUP_ID, CONTACT_ID, REG_DT) VALUES ('205', '5741', SYSDATE)

2026-06-05 18:00:01.620 [main] INFO  jdbc.sqlonly - INSERT INTO TB_GROUP_CONTACT_MAP (GROUP_ID, CONTACT_ID, REG_DT) VALUES ('204', '5742', SYSDATE)

2026-06-05 18:00:01.625 [main] INFO  jdbc.sqlonly - INSERT INTO TB_GROUP_CONTACT_MAP (GROUP_ID, CONTACT_ID, REG_DT) VALUES ('203', '5743', SYSDATE)

2026-06-05 18:00:01.631 [main] INFO  jdbc.sqlonly - INSERT INTO TB_GROUP_CONTACT_MAP (GROUP_ID, CONTACT_ID, REG_DT) VALUES ('202', '5744', SYSDATE)

2026-06-05 18:00:01.636 [main] INFO  jdbc.sqlonly - INSERT INTO TB_GROUP_CONTACT_MAP (GROUP_ID, CONTACT_ID, REG_DT) VALUES ('201', '5745', SYSDATE)

2026-06-05 18:00:01.641 [main] INFO  jdbc.sqlonly - INSERT INTO TB_GROUP_CONTACT_MAP (GROUP_ID, CONTACT_ID, REG_DT) VALUES ('205', '5746', SYSDATE)

2026-06-05 18:00:01.646 [main] INFO  jdbc.sqlonly - INSERT INTO TB_GROUP_CONTACT_MAP (GROUP_ID, CONTACT_ID, REG_DT) VALUES ('204', '5747', SYSDATE)

2026-06-05 18:00:01.652 [main] INFO  jdbc.sqlonly - INSERT INTO TB_GROUP_CONTACT_MAP (GROUP_ID, CONTACT_ID, REG_DT) VALUES ('203', '5748', SYSDATE)

2026-06-05 18:00:01.657 [main] INFO  jdbc.sqlonly - INSERT INTO TB_GROUP_CONTACT_MAP (GROUP_ID, CONTACT_ID, REG_DT) VALUES ('202', '5749', SYSDATE)

2026-06-05 18:00:01.664 [main] INFO  jdbc.sqlonly - INSERT INTO TB_GROUP_CONTACT_MAP (GROUP_ID, CONTACT_ID, REG_DT) VALUES ('201', '5750', SYSDATE)

2026-06-05 18:00:01.669 [main] INFO  jdbc.sqlonly - INSERT INTO TB_GROUP_CONTACT_MAP (GROUP_ID, CONTACT_ID, REG_DT) VALUES ('205', '5751', SYSDATE)

2026-06-05 18:00:01.674 [main] INFO  jdbc.sqlonly - INSERT INTO TB_GROUP_CONTACT_MAP (GROUP_ID, CONTACT_ID, REG_DT) VALUES ('204', '5752', SYSDATE)

2026-06-05 18:00:01.679 [main] INFO  jdbc.sqlonly - INSERT INTO TB_GROUP_CONTACT_MAP (GROUP_ID, CONTACT_ID, REG_DT) VALUES ('203', '5753', SYSDATE)

2026-06-05 18:00:01.684 [main] INFO  jdbc.sqlonly - INSERT INTO TB_GROUP_CONTACT_MAP (GROUP_ID, CONTACT_ID, REG_DT) VALUES ('202', '5754', SYSDATE)

2026-06-05 18:00:01.689 [main] INFO  jdbc.sqlonly - INSERT INTO TB_GROUP_CONTACT_MAP (GROUP_ID, CONTACT_ID, REG_DT) VALUES ('201', '5755', SYSDATE)

2026-06-05 18:00:01.695 [main] INFO  jdbc.sqlonly - INSERT INTO TB_GROUP_CONTACT_MAP (GROUP_ID, CONTACT_ID, REG_DT) VALUES ('205', '5756', SYSDATE)

2026-06-05 18:00:01.701 [main] INFO  jdbc.sqlonly - INSERT INTO TB_GROUP_CONTACT_MAP (GROUP_ID, CONTACT_ID, REG_DT) VALUES ('204', '5757', SYSDATE)

2026-06-05 18:00:01.705 [main] INFO  jdbc.sqlonly - INSERT INTO TB_GROUP_CONTACT_MAP (GROUP_ID, CONTACT_ID, REG_DT) VALUES ('203', '5758', SYSDATE)

2026-06-05 18:00:01.711 [main] INFO  jdbc.sqlonly - INSERT INTO TB_GROUP_CONTACT_MAP (GROUP_ID, CONTACT_ID, REG_DT) VALUES ('202', '5759', SYSDATE)

2026-06-05 18:00:01.716 [main] INFO  jdbc.sqlonly - INSERT INTO TB_GROUP_CONTACT_MAP (GROUP_ID, CONTACT_ID, REG_DT) VALUES ('201', '5760', SYSDATE)

2026-06-05 18:00:01.720 [main] INFO  jdbc.sqlonly - INSERT INTO TB_GROUP_CONTACT_MAP (GROUP_ID, CONTACT_ID, REG_DT) VALUES ('205', '5761', SYSDATE)

2026-06-05 18:00:01.727 [main] INFO  jdbc.sqlonly - INSERT INTO TB_GROUP_CONTACT_MAP (GROUP_ID, CONTACT_ID, REG_DT) VALUES ('204', '5762', SYSDATE)

2026-06-05 18:00:01.732 [main] INFO  jdbc.sqlonly - INSERT INTO TB_GROUP_CONTACT_MAP (GROUP_ID, CONTACT_ID, REG_DT) VALUES ('203', '5763', SYSDATE)

2026-06-05 18:00:01.736 [main] INFO  jdbc.sqlonly - INSERT INTO TB_GROUP_CONTACT_MAP (GROUP_ID, CONTACT_ID, REG_DT) VALUES ('202', '5764', SYSDATE)

2026-06-05 18:00:01.742 [main] INFO  jdbc.sqlonly - INSERT INTO TB_GROUP_CONTACT_MAP (GROUP_ID, CONTACT_ID, REG_DT) VALUES ('201', '5765', SYSDATE)

2026-06-05 18:00:01.747 [main] INFO  jdbc.sqlonly - INSERT INTO TB_GROUP_CONTACT_MAP (GROUP_ID, CONTACT_ID, REG_DT) VALUES ('205', '5766', SYSDATE)

2026-06-05 18:00:01.752 [main] INFO  jdbc.sqlonly - INSERT INTO TB_GROUP_CONTACT_MAP (GROUP_ID, CONTACT_ID, REG_DT) VALUES ('204', '5767', SYSDATE)

2026-06-05 18:00:01.757 [main] INFO  jdbc.sqlonly - INSERT INTO TB_GROUP_CONTACT_MAP (GROUP_ID, CONTACT_ID, REG_DT) VALUES ('203', '5768', SYSDATE)

2026-06-05 18:00:01.762 [main] INFO  jdbc.sqlonly - INSERT INTO TB_GROUP_CONTACT_MAP (GROUP_ID, CONTACT_ID, REG_DT) VALUES ('202', '5769', SYSDATE)

2026-06-05 18:00:01.767 [main] INFO  jdbc.sqlonly - INSERT INTO TB_GROUP_CONTACT_MAP (GROUP_ID, CONTACT_ID, REG_DT) VALUES ('201', '5770', SYSDATE)

2026-06-05 18:00:01.771 [main] INFO  jdbc.sqlonly - DELETE FROM TB_MENU_AUTH WHERE MENU_CD IN (SELECT MENU_CD FROM TB_MENU WHERE MENU_URL LIKE '/contact%')

2026-06-05 18:00:01.784 [main] INFO  jdbc.sqlonly - DELETE FROM TB_MENU WHERE MENU_URL LIKE '/contact%'

2026-06-05 18:00:01.789 [main] INFO  jdbc.sqlonly - DELETE FROM TB_MENU_AUTH WHERE MENU_CD IN (SELECT MENU_CD FROM TB_MENU WHERE MENU_URL = '/basic/notice' AND MENU_CD != 'M_BASIC_NOTICE')

2026-06-05 18:00:01.794 [main] INFO  jdbc.sqlonly - DELETE FROM TB_MENU WHERE MENU_URL = '/basic/notice' AND MENU_CD != 'M_BASIC_NOTICE'

2026-06-05 18:00:01.799 [main] INFO  jdbc.sqlonly - DELETE FROM TB_MENU_AUTH WHERE MENU_CD IN (SELECT MENU_CD FROM TB_MENU WHERE MENU_NM = 'SMS발송조회' AND MENU_CD != 'M_SMS_SEND')

2026-06-05 18:00:01.806 [main] INFO  jdbc.sqlonly - DELETE FROM TB_MENU WHERE MENU_NM = 'SMS발송조회' AND MENU_CD != 'M_SMS_SEND'

2026-06-05 18:00:01.810 [main] INFO  jdbc.sqlonly - DELETE FROM TB_MENU_AUTH WHERE MENU_CD IN (SELECT MENU_CD FROM TB_MENU WHERE MENU_NM = '메세지 발송 이력 조회')

2026-06-05 18:00:01.816 [main] INFO  jdbc.sqlonly - DELETE FROM TB_MENU WHERE MENU_NM = '메세지 발송 이력 조회'

2026-06-05 18:00:01.821 [main] INFO  jdbc.sqlonly - DELETE FROM TB_MENU_AUTH WHERE MENU_CD IN (SELECT MENU_CD FROM TB_MENU WHERE MENU_NM = '발송 이력(엔진 테스트)')

2026-06-05 18:00:01.824 [main] INFO  jdbc.sqlonly - DELETE FROM TB_MENU WHERE MENU_NM = '발송 이력(엔진 테스트)'

2026-06-05 18:00:01.826 [main] INFO  jdbc.sqlonly - DELETE FROM TB_MENU_AUTH WHERE MENU_CD IN (SELECT MENU_CD FROM TB_MENU WHERE MENU_NM = 'SMS 발송조회')

2026-06-05 18:00:01.829 [main] INFO  jdbc.sqlonly - DELETE FROM TB_MENU WHERE MENU_NM = 'SMS 발송조회'

2026-06-05 18:00:01.832 [main] INFO  jdbc.sqlonly - DELETE FROM TB_MENU_AUTH WHERE MENU_CD IN (SELECT MENU_CD FROM TB_MENU WHERE MENU_URL LIKE '/basic/motice')

2026-06-05 18:00:01.835 [main] INFO  jdbc.sqlonly - DELETE FROM TB_MENU WHERE MENU_URL LIKE '/basic/motice'

2026-06-05 18:00:01.837 [main] INFO  jdbc.sqlonly - SELECT COUNT(1) FROM TB_MENU WHERE MENU_CD = 'M_BASIC'

2026-06-05 18:00:01.842 [main] INFO  jdbc.sqlonly - SELECT COUNT(1) FROM TB_MENU WHERE MENU_CD = 'M_SMS_SEND'

2026-06-05 18:00:01.847 [main] INFO  jdbc.sqlonly - SELECT COUNT(1) FROM TB_MENU WHERE MENU_CD = 'M_CAMPAIGN'

2026-06-05 18:00:01.850 [main] INFO  jdbc.sqlonly - SELECT COUNT(1) FROM TB_MENU WHERE MENU_CD = 'M_SYSTEM'

2026-06-05 18:00:01.852 [main] INFO  jdbc.sqlonly - SELECT COUNT(1) FROM TB_MENU WHERE MENU_CD = 'M_ACCOUNT'

2026-06-05 18:00:01.854 [main] INFO  jdbc.sqlonly - SELECT COUNT(1) FROM TB_MENU WHERE MENU_CD = 'M_STAT'

2026-06-05 18:00:01.858 [main] INFO  jdbc.sqlonly - UPDATE TB_MENU SET SORT_ORD = 1 WHERE MENU_CD = 'M_BASIC'

2026-06-05 18:00:01.867 [main] INFO  jdbc.sqlonly - UPDATE TB_MENU SET SORT_ORD = 2 WHERE MENU_CD = 'M_SMS_SEND'

2026-06-05 18:00:01.873 [main] INFO  jdbc.sqlonly - UPDATE TB_MENU SET SORT_ORD = 3 WHERE MENU_CD = 'M_CAMPAIGN'

2026-06-05 18:00:01.878 [main] INFO  jdbc.sqlonly - UPDATE TB_MENU SET SORT_ORD = 4 WHERE MENU_CD = 'M_SYSTEM'

2026-06-05 18:00:01.883 [main] INFO  jdbc.sqlonly - UPDATE TB_MENU SET SORT_ORD = 5 WHERE MENU_CD = 'M_ACCOUNT'

2026-06-05 18:00:01.888 [main] INFO  jdbc.sqlonly - UPDATE TB_MENU SET SORT_ORD = 6 WHERE MENU_CD = 'M_STAT'

2026-06-05 18:00:01.893 [main] INFO  jdbc.sqlonly - SELECT COUNT(1) FROM TB_MENU WHERE MENU_CD = 'M_BASIC_NOTICE'

2026-06-05 18:00:01.895 [main] INFO  jdbc.sqlonly - SELECT COUNT(1) FROM TB_MENU WHERE MENU_CD = 'M_BASIC_MSG'

2026-06-05 18:00:01.899 [main] INFO  jdbc.sqlonly - SELECT COUNT(1) FROM TB_MENU WHERE MENU_CD = 'M_BASIC_MFA'

2026-06-05 18:00:01.902 [main] INFO  jdbc.sqlonly - SELECT COUNT(1) FROM TB_MENU WHERE MENU_CD = 'M_BASIC_CURRENCY'

2026-06-05 18:00:01.904 [main] INFO  jdbc.sqlonly - SELECT COUNT(1) FROM TB_MENU WHERE MENU_CD = 'M_SMS_HISTORY'

2026-06-05 18:00:01.906 [main] INFO  jdbc.sqlonly - SELECT COUNT(1) FROM TB_MENU WHERE MENU_CD = 'M_SMS_CUSTOMER'

2026-06-05 18:00:01.909 [main] INFO  jdbc.sqlonly - SELECT COUNT(1) FROM TB_MENU WHERE MENU_CD = 'M_SMS_SSN'

2026-06-05 18:00:01.911 [main] INFO  jdbc.sqlonly - SELECT COUNT(1) FROM TB_MENU WHERE MENU_CD = 'M_CAMP_TARGET'

2026-06-05 18:00:01.914 [main] INFO  jdbc.sqlonly - SELECT COUNT(1) FROM TB_MENU WHERE MENU_CD = 'M_CAMP_APRV'

2026-06-05 18:00:01.917 [main] INFO  jdbc.sqlonly - SELECT COUNT(1) FROM TB_MENU WHERE MENU_CD = 'M_CAMP_SMS_REG'

2026-06-05 18:00:01.919 [main] INFO  jdbc.sqlonly - SELECT COUNT(1) FROM TB_MENU WHERE MENU_CD = 'M_CAMP_LMS_REG'

2026-06-05 18:00:01.921 [main] INFO  jdbc.sqlonly - SELECT COUNT(1) FROM TB_MENU WHERE MENU_CD = 'M_CAMP_ALM_REG'

2026-06-05 18:00:01.924 [main] INFO  jdbc.sqlonly - SELECT COUNT(1) FROM TB_MENU WHERE MENU_CD = 'M_CAMP_SMS_APR'

2026-06-05 18:00:01.926 [main] INFO  jdbc.sqlonly - SELECT COUNT(1) FROM TB_MENU WHERE MENU_CD = 'M_CAMP_LMS_APR'

2026-06-05 18:00:01.929 [main] INFO  jdbc.sqlonly - SELECT COUNT(1) FROM TB_MENU WHERE MENU_CD = 'M_CAMP_ALM_APR'

2026-06-05 18:00:01.931 [main] INFO  jdbc.sqlonly - SELECT COUNT(1) FROM TB_MENU WHERE MENU_CD = 'M_CAMP_SMS_HIST'

2026-06-05 18:00:01.934 [main] INFO  jdbc.sqlonly - SELECT COUNT(1) FROM TB_MENU WHERE MENU_CD = 'M_CAMP_LMS_HIST'

2026-06-05 18:00:01.936 [main] INFO  jdbc.sqlonly - SELECT COUNT(1) FROM TB_MENU WHERE MENU_CD = 'M_CAMP_ALM_HIST'

2026-06-05 18:00:01.938 [main] INFO  jdbc.sqlonly - SELECT COUNT(1) FROM TB_MENU WHERE MENU_CD = 'M_SYS_DEPT'

2026-06-05 18:00:01.940 [main] INFO  jdbc.sqlonly - SELECT COUNT(1) FROM TB_MENU WHERE MENU_CD = 'M_SYS_MSG'

2026-06-05 18:00:01.942 [main] INFO  jdbc.sqlonly - SELECT COUNT(1) FROM TB_MENU WHERE MENU_CD = 'M_SYS_KAKAO'

2026-06-05 18:00:01.945 [main] INFO  jdbc.sqlonly - SELECT COUNT(1) FROM TB_MENU WHERE MENU_CD = 'M_SYS_AD'

2026-06-05 18:00:01.948 [main] INFO  jdbc.sqlonly - SELECT COUNT(1) FROM TB_MENU WHERE MENU_CD = 'M_SYS_TIME'

2026-06-05 18:00:01.950 [main] INFO  jdbc.sqlonly - SELECT COUNT(1) FROM TB_MENU WHERE MENU_CD = 'M_MENU_MNG'

2026-06-05 18:00:01.953 [main] INFO  jdbc.sqlonly - SELECT COUNT(1) FROM TB_MENU WHERE MENU_CD = 'M_ACCT_USER'

2026-06-05 18:00:01.955 [main] INFO  jdbc.sqlonly - SELECT COUNT(1) FROM TB_MENU WHERE MENU_CD = 'M_STAT_MKTG'

2026-06-05 18:00:07.595 [http-nio-8080-exec-10] DEBUG c.e.s.mapper.EmployeeMapper.findById - ==>  Preparing: SELECT e.EMP_ID, e.EMP_NAME, e.DEPT_ID, d.DEPT_NM, e.USE_YN, e.USER_ROLE, e.AUTH_READ, e.AUTH_APPROVE, e.AUTH_CAMPAIGN, e.LAST_LOGIN_IP, e.LAST_LOGIN_TIME, e.CREATED_AT, e.UPDATED_AT FROM EMPLOYEE e LEFT JOIN TB_DEPT d ON e.DEPT_ID = d.DEPT_ID WHERE e.EMP_ID = ?
2026-06-05 18:00:07.613 [http-nio-8080-exec-10] DEBUG c.e.s.mapper.EmployeeMapper.findById - ==> Parameters: admin(String)
2026-06-05 18:00:07.614 [http-nio-8080-exec-10] INFO  jdbc.sqlonly - SELECT
            e.EMP_ID, e.EMP_NAME, e.DEPT_ID, d.DEPT_NM, e.USE_YN, e.USER_ROLE,
            e.AUTH_READ, e.AUTH_APPROVE, e.AUTH_CAMPAIGN,
            e.LAST_LOGIN_IP, e.LAST_LOGIN_TIME, e.CREATED_AT, e.UPDATED_AT
        FROM EMPLOYEE e
        LEFT JOIN TB_DEPT d ON e.DEPT_ID = d.DEPT_ID
        WHERE e.EMP_ID = 'admin'

2026-06-05 18:00:07.653 [http-nio-8080-exec-10] DEBUG c.e.s.mapper.EmployeeMapper.findById - <==      Total: 1
2026-06-05 18:00:07.666 [http-nio-8080-exec-10] DEBUG c.e.s.m.M.selectMenusByAuthCode - ==>  Preparing: SELECT A.MENU_CD, A.MENU_NM, A.MENU_URL, A.UP_MENU_CD, A.SORT_ORD, A.USE_YN FROM TB_MENU A INNER JOIN TB_MENU_AUTH B ON A.MENU_CD = B.MENU_CD WHERE A.USE_YN = 'Y' AND B.AUTH_CD = ? ORDER BY A.UP_MENU_CD ASC NULLS FIRST, A.SORT_ORD ASC
2026-06-05 18:00:07.667 [http-nio-8080-exec-10] DEBUG c.e.s.m.M.selectMenusByAuthCode - ==> Parameters: ROLE_ADMIN(String)
2026-06-05 18:00:07.667 [http-nio-8080-exec-10] INFO  jdbc.sqlonly - SELECT 
            A.MENU_CD,
            A.MENU_NM,
            A.MENU_URL,
            A.UP_MENU_CD,
            A.SORT_ORD,
            A.USE_YN
        FROM TB_MENU A
        INNER JOIN TB_MENU_AUTH B ON A.MENU_CD = B.MENU_CD
        WHERE A.USE_YN = 'Y'
          AND B.AUTH_CD = 'ROLE_ADMIN'
        ORDER BY A.UP_MENU_CD ASC NULLS FIRST, A.SORT_ORD ASC

2026-06-05 18:00:07.710 [http-nio-8080-exec-10] DEBUG c.e.s.m.M.selectMenusByAuthCode - <==      Total: 43
2026-06-05 18:00:07.715 [http-nio-8080-exec-10] DEBUG c.e.s.m.E.updateLastLogin - ==>  Preparing: UPDATE EMPLOYEE SET LAST_LOGIN_TIME = CURRENT_TIMESTAMP, LAST_LOGIN_IP = ?, UPDATED_AT = CURRENT_TIMESTAMP WHERE EMP_ID = ?
2026-06-05 18:00:07.716 [http-nio-8080-exec-10] DEBUG c.e.s.m.E.updateLastLogin - ==> Parameters: 0:0:0:0:0:0:0:1(String), admin(String)
2026-06-05 18:00:07.716 [http-nio-8080-exec-10] INFO  jdbc.sqlonly - UPDATE EMPLOYEE
        SET LAST_LOGIN_TIME = CURRENT_TIMESTAMP,
            LAST_LOGIN_IP   = '0:0:0:0:0:0:0:1',
            UPDATED_AT      = CURRENT_TIMESTAMP
        WHERE EMP_ID = 'admin'

2026-06-05 18:00:07.724 [http-nio-8080-exec-10] DEBUG c.e.s.m.E.updateLastLogin - <==    Updates: 1
2026-06-05 18:00:10.167 [http-nio-8080-exec-4] DEBUG c.e.s.m.D.selectKpiSummary - ==>  Preparing: SELECT 1204500 AS totalSendCount, 98.5 AS successRate, 12400 AS failCount, 3500000 AS estimatedCost FROM DUAL
2026-06-05 18:00:10.168 [http-nio-8080-exec-4] DEBUG c.e.s.m.D.selectKpiSummary - ==> Parameters: 
2026-06-05 18:00:10.168 [http-nio-8080-exec-4] INFO  jdbc.sqlonly - SELECT 
            1204500 AS totalSendCount,
            98.5 AS successRate,
            12400 AS failCount,
            3500000 AS estimatedCost
        FROM DUAL

2026-06-05 18:00:10.180 [http-nio-8080-exec-4] DEBUG c.e.s.m.D.selectKpiSummary - <==      Total: 1
2026-06-05 18:00:10.182 [http-nio-8080-exec-4] DEBUG c.e.s.m.D.selectWeeklyTrend - ==>  Preparing: SELECT '월요일' AS dayOfWeek, 240000 AS sendCount, 80 AS percentage FROM DUAL UNION ALL SELECT '화요일' AS dayOfWeek, 180500 AS sendCount, 60 AS percentage FROM DUAL UNION ALL SELECT '수요일' AS dayOfWeek, 310200 AS sendCount, 95 AS percentage FROM DUAL UNION ALL SELECT '목요일' AS dayOfWeek, 150000 AS sendCount, 50 AS percentage FROM DUAL UNION ALL SELECT '금요일' AS dayOfWeek, 290000 AS sendCount, 85 AS percentage FROM DUAL
2026-06-05 18:00:10.183 [http-nio-8080-exec-4] DEBUG c.e.s.m.D.selectWeeklyTrend - ==> Parameters: 
2026-06-05 18:00:10.183 [http-nio-8080-exec-4] INFO  jdbc.sqlonly - SELECT '월요일' AS dayOfWeek, 240000 AS sendCount, 80 AS percentage FROM DUAL UNION ALL
        SELECT '화요일' AS dayOfWeek, 180500 AS sendCount, 60 AS percentage FROM DUAL UNION ALL
        SELECT '수요일' AS dayOfWeek, 310200 AS sendCount, 95 AS percentage FROM DUAL UNION ALL
        SELECT '목요일' AS dayOfWeek, 150000 AS sendCount, 50 AS percentage FROM DUAL UNION ALL
        SELECT '금요일' AS dayOfWeek, 290000 AS sendCount, 85 AS percentage FROM DUAL

2026-06-05 18:00:10.191 [http-nio-8080-exec-4] DEBUG c.e.s.m.D.selectWeeklyTrend - <==      Total: 5
2026-06-05 18:00:10.192 [http-nio-8080-exec-4] DEBUG c.e.s.m.D.selectChannelRatio - ==>  Preparing: SELECT '단문 (SMS)' AS channelName, 65.0 AS ratio, 'bg-primary' AS colorClass FROM DUAL UNION ALL SELECT '장문 (LMS)' AS channelName, 20.5 AS ratio, 'bg-success' AS colorClass FROM DUAL UNION ALL SELECT '알림톡' AS channelName, 10.0 AS ratio, 'bg-warning' AS colorClass FROM DUAL UNION ALL SELECT 'MMS (이미지)' AS channelName, 4.5 AS ratio, 'bg-danger' AS colorClass FROM DUAL
2026-06-05 18:00:10.192 [http-nio-8080-exec-4] DEBUG c.e.s.m.D.selectChannelRatio - ==> Parameters: 
2026-06-05 18:00:10.193 [http-nio-8080-exec-4] INFO  jdbc.sqlonly - SELECT '단문 (SMS)' AS channelName, 65.0 AS ratio, 'bg-primary' AS colorClass FROM DUAL UNION ALL
        SELECT '장문 (LMS)' AS channelName, 20.5 AS ratio, 'bg-success' AS colorClass FROM DUAL UNION ALL
        SELECT '알림톡' AS channelName, 10.0 AS ratio, 'bg-warning' AS colorClass FROM DUAL UNION ALL
        SELECT 'MMS (이미지)' AS channelName, 4.5 AS ratio, 'bg-danger' AS colorClass FROM DUAL

2026-06-05 18:00:10.201 [http-nio-8080-exec-4] DEBUG c.e.s.m.D.selectChannelRatio - <==      Total: 4
2026-06-05 18:00:10.202 [http-nio-8080-exec-4] DEBUG c.e.s.m.D.selectRecentFailLogs - ==>  Preparing: SELECT '2026-06-01 13:42:11' AS failDate, 'SMS' AS sendType, '010-****-1234' AS receiverNo, 'ERR_001' AS errorCode, '결번 / 없는 번호 (통신사 반환)' AS failReason FROM DUAL UNION ALL SELECT '2026-06-01 13:10:05' AS failDate, 'LMS' AS sendType, '010-****-5678' AS receiverNo, 'ERR_042' AS errorCode, '수신자 단말기 전원 꺼짐 (TimeOut)' AS failReason FROM DUAL UNION ALL SELECT '2026-06-01 12:55:30' AS failDate, 'ALIMTALK' AS sendType, '010-****-9999' AS receiverNo, 'ERR_K01' AS errorCode, '카카오톡 채널 차단 고객' AS failReason FROM DUAL UNION ALL SELECT '2026-06-01 11:20:44' AS failDate, 'SMS' AS sendType, '010-****-1111' AS receiverNo, 'ERR_003' AS errorCode, '통신사 스팸 필터링 차단' AS failReason FROM DUAL UNION ALL SELECT '2026-06-01 09:05:12' AS failDate, 'MMS' AS sendType, '010-****-2222' AS receiverNo, 'ERR_099' AS errorCode, '첨부 이미지 용량 초과 (300KB 제한)' AS failReason FROM DUAL
2026-06-05 18:00:10.204 [http-nio-8080-exec-4] DEBUG c.e.s.m.D.selectRecentFailLogs - ==> Parameters: 
2026-06-05 18:00:10.205 [http-nio-8080-exec-4] INFO  jdbc.sqlonly - SELECT '2026-06-01 13:42:11' AS failDate, 'SMS' AS sendType, '010-****-1234' AS receiverNo, 'ERR_001' AS errorCode, '결번 / 없는 번호 (통신사 반환)' AS failReason FROM DUAL UNION ALL
        SELECT '2026-06-01 13:10:05' AS failDate, 'LMS' AS sendType, '010-****-5678' AS receiverNo, 'ERR_042' AS errorCode, '수신자 단말기 전원 꺼짐 (TimeOut)' AS failReason FROM DUAL UNION ALL
        SELECT '2026-06-01 12:55:30' AS failDate, 'ALIMTALK' AS sendType, '010-****-9999' AS receiverNo, 'ERR_K01' AS errorCode, '카카오톡 채널 차단 고객' AS failReason FROM DUAL UNION ALL
        SELECT '2026-06-01 11:20:44' AS failDate, 'SMS' AS sendType, '010-****-1111' AS receiverNo, 'ERR_003' AS errorCode, '통신사 스팸 필터링 차단' AS failReason FROM DUAL UNION ALL
        SELECT '2026-06-01 09:05:12' AS failDate, 'MMS' AS sendType, '010-****-2222' AS receiverNo, 'ERR_099' AS errorCode, '첨부 이미지 용량 초과 (300KB 제한)' AS failReason FROM DUAL

2026-06-05 18:00:10.214 [http-nio-8080-exec-4] DEBUG c.e.s.m.D.selectRecentFailLogs - <==      Total: 5
2026-06-05 18:05:33.041 [background-preinit] INFO  o.h.validator.internal.util.Version - HV000001: Hibernate Validator 8.0.1.Final
2026-06-05 18:05:33.104 [main] INFO  com.example.sms.SmsApplication - Starting SmsApplication using Java 21.0.7 with PID 35264 (C:\Work\sms-project-v2\target\classes started by ndk20 in C:\Work\sms-project-v2)
2026-06-05 18:05:33.105 [main] DEBUG com.example.sms.SmsApplication - Running with Spring Boot v3.3.0, Spring v6.1.8
2026-06-05 18:05:33.107 [main] INFO  com.example.sms.SmsApplication - The following 1 profile is active: "dev"
2026-06-05 18:05:35.414 [main] INFO  o.s.d.r.c.RepositoryConfigurationDelegate - Bootstrapping Spring Data LDAP repositories in DEFAULT mode.
2026-06-05 18:05:35.448 [main] INFO  o.s.d.r.c.RepositoryConfigurationDelegate - Finished Spring Data repository scanning in 25 ms. Found 0 LDAP repository interfaces.
2026-06-05 18:05:37.127 [main] INFO  o.s.b.w.e.tomcat.TomcatWebServer - Tomcat initialized with port 8080 (http)
2026-06-05 18:05:37.139 [main] INFO  o.a.c.core.AprLifecycleListener - An older version [1.3.1] of the Apache Tomcat Native library is installed, while Tomcat recommends a minimum version of [2.0.5]
2026-06-05 18:05:37.140 [main] INFO  o.a.c.core.AprLifecycleListener - Loaded Apache Tomcat Native library [1.3.1] using APR version [1.7.4].
2026-06-05 18:05:37.151 [main] INFO  o.a.c.core.AprLifecycleListener - OpenSSL successfully initialized [OpenSSL 3.0.14 4 Jun 2024]
2026-06-05 18:05:37.171 [main] INFO  o.a.coyote.http11.Http11NioProtocol - Initializing ProtocolHandler ["http-nio-8080"]
2026-06-05 18:05:37.175 [main] INFO  o.a.catalina.core.StandardService - Starting service [Tomcat]
2026-06-05 18:05:37.176 [main] INFO  o.a.catalina.core.StandardEngine - Starting Servlet engine: [Apache Tomcat/10.1.24]
2026-06-05 18:05:37.308 [main] INFO  o.a.c.c.C.[Tomcat].[localhost].[/] - Initializing Spring embedded WebApplicationContext
2026-06-05 18:05:37.309 [main] INFO  o.s.b.w.s.c.ServletWebServerApplicationContext - Root WebApplicationContext: initialization completed in 3631 ms
2026-06-05 18:05:39.630 [main] INFO  o.s.s.c.a.a.c.InitializeUserDetailsBeanManagerConfigurer$InitializeUserDetailsManagerConfigurer - Global AuthenticationManager configured with UserDetailsService bean with name devUserDetailsService
2026-06-05 18:05:39.828 [main] INFO  o.s.b.a.w.s.WelcomePageHandlerMapping - Adding welcome page template: index
2026-06-05 18:05:40.535 [main] INFO  o.s.l.c.s.AbstractContextSource - Property 'userDn' not set - anonymous context will be used for read-only operations
2026-06-05 18:05:40.906 [main] INFO  o.s.b.a.e.web.EndpointLinksResolver - Exposing 1 endpoint beneath base path '/actuator'
2026-06-05 18:05:41.127 [main] INFO  o.s.s.web.DefaultSecurityFilterChain - Will secure any request with [org.springframework.security.web.session.DisableEncodeUrlFilter@6ad7a305, org.springframework.security.web.context.request.async.WebAsyncManagerIntegrationFilter@2fc435e9, org.springframework.security.web.context.SecurityContextHolderFilter@64908ab9, org.springframework.security.web.header.HeaderWriterFilter@147097ad, org.springframework.web.filter.CorsFilter@bf18412, org.springframework.security.web.authentication.logout.LogoutFilter@65698020, org.springframework.security.web.authentication.UsernamePasswordAuthenticationFilter@5513a46b, org.springframework.security.web.savedrequest.RequestCacheAwareFilter@744db9fb, org.springframework.security.web.servletapi.SecurityContextHolderAwareRequestFilter@7d563c13, org.springframework.security.web.authentication.AnonymousAuthenticationFilter@5da2966, org.springframework.security.web.access.ExceptionTranslationFilter@5dac6bc3, org.springframework.security.web.access.intercept.AuthorizationFilter@29d563bd]
2026-06-05 18:05:42.650 [main] INFO  o.a.coyote.http11.Http11NioProtocol - Starting ProtocolHandler ["http-nio-8080"]
2026-06-05 18:05:42.696 [main] INFO  o.s.b.w.e.tomcat.TomcatWebServer - Tomcat started on port 8080 (http) with context path '/'
2026-06-05 18:05:42.716 [main] INFO  com.example.sms.SmsApplication - Started SmsApplication in 10.582 seconds (process running for 11.728)
2026-06-05 18:05:42.755 [main] INFO  com.zaxxer.hikari.HikariDataSource - HikariPool-1 - Starting...
2026-06-05 18:05:43.274 [main] INFO  com.zaxxer.hikari.pool.HikariPool - HikariPool-1 - Added connection net.sf.log4jdbc.sql.jdbcapi.ConnectionSpy@5e7ea81b
2026-06-05 18:05:43.278 [main] INFO  com.zaxxer.hikari.HikariDataSource - HikariPool-1 - Start completed.
2026-06-05 18:05:43.350 [main] INFO  jdbc.sqlonly - CREATE USER SMS IDENTIFIED BY 1234

2026-06-05 18:05:43.368 [main] ERROR jdbc.sqlonly - 1. Statement.execute(CREATE USER SMS IDENTIFIED BY 1234) CREATE USER SMS IDENTIFIED BY 1234

java.sql.SQLSyntaxErrorException: ORA-01920: 사용자명 'SMS'(이)가 다른 사용자나 롤 이름과 상충됩니다

	at oracle.jdbc.driver.T4CTTIoer11.processError(T4CTTIoer11.java:629)
	at oracle.jdbc.driver.T4CTTIoer11.processError(T4CTTIoer11.java:563)
	at oracle.jdbc.driver.T4C8Oall.processError(T4C8Oall.java:1230)
	at oracle.jdbc.driver.T4CTTIfun.receive(T4CTTIfun.java:771)
	at oracle.jdbc.driver.T4CTTIfun.doRPC(T4CTTIfun.java:298)
	at oracle.jdbc.driver.T4C8Oall.doOALL(T4C8Oall.java:511)
	at oracle.jdbc.driver.T4CStatement.doOall8(T4CStatement.java:122)
	at oracle.jdbc.driver.T4CStatement.executeForRows(T4CStatement.java:1199)
	at oracle.jdbc.driver.OracleStatement.executeSQLStatement(OracleStatement.java:1819)
	at oracle.jdbc.driver.OracleStatement.doExecuteWithTimeout(OracleStatement.java:1471)
	at oracle.jdbc.driver.OracleStatement.executeInternal(OracleStatement.java:2504)
	at oracle.jdbc.driver.OracleStatement.execute(OracleStatement.java:2459)
	at oracle.jdbc.driver.OracleStatementWrapper.execute(OracleStatementWrapper.java:327)
	at net.sf.log4jdbc.sql.jdbcapi.StatementSpy.execute(StatementSpy.java:923)
	at com.zaxxer.hikari.pool.ProxyStatement.execute(ProxyStatement.java:94)
	at com.zaxxer.hikari.pool.HikariProxyStatement.execute(HikariProxyStatement.java)
	at org.springframework.jdbc.core.JdbcTemplate$1ExecuteStatementCallback.doInStatement(JdbcTemplate.java:435)
	at org.springframework.jdbc.core.JdbcTemplate.execute(JdbcTemplate.java:393)
	at org.springframework.jdbc.core.JdbcTemplate.execute(JdbcTemplate.java:444)
	at com.example.sms.config.TableInitRunner.run(TableInitRunner.java:20)
	at org.springframework.boot.SpringApplication.lambda$callRunner$5(SpringApplication.java:790)
	at org.springframework.util.function.ThrowingConsumer$1.acceptWithException(ThrowingConsumer.java:83)
	at org.springframework.util.function.ThrowingConsumer.accept(ThrowingConsumer.java:60)
	at org.springframework.util.function.ThrowingConsumer$1.accept(ThrowingConsumer.java:88)
	at org.springframework.boot.SpringApplication.callRunner(SpringApplication.java:798)
	at org.springframework.boot.SpringApplication.callRunner(SpringApplication.java:789)
	at org.springframework.boot.SpringApplication.lambda$callRunners$3(SpringApplication.java:774)
	at java.base/java.util.stream.ForEachOps$ForEachOp$OfRef.accept(ForEachOps.java:184)
	at java.base/java.util.stream.SortedOps$SizedRefSortingSink.end(SortedOps.java:357)
	at java.base/java.util.stream.AbstractPipeline.copyInto(AbstractPipeline.java:510)
	at java.base/java.util.stream.AbstractPipeline.wrapAndCopyInto(AbstractPipeline.java:499)
	at java.base/java.util.stream.ForEachOps$ForEachOp.evaluateSequential(ForEachOps.java:151)
	at java.base/java.util.stream.ForEachOps$ForEachOp$OfRef.evaluateSequential(ForEachOps.java:174)
	at java.base/java.util.stream.AbstractPipeline.evaluate(AbstractPipeline.java:234)
	at java.base/java.util.stream.ReferencePipeline.forEach(ReferencePipeline.java:596)
	at org.springframework.boot.SpringApplication.callRunners(SpringApplication.java:774)
	at org.springframework.boot.SpringApplication.run(SpringApplication.java:342)
	at org.springframework.boot.SpringApplication.run(SpringApplication.java:1363)
	at org.springframework.boot.SpringApplication.run(SpringApplication.java:1352)
	at com.example.sms.SmsApplication.main(SmsApplication.java:14)
Caused by: oracle.jdbc.OracleDatabaseException: ORA-01920: 사용자명 'SMS'(이)가 다른 사용자나 롤 이름과 상충됩니다

	at oracle.jdbc.driver.T4CTTIoer11.processError(T4CTTIoer11.java:636)
	... 39 common frames omitted
2026-06-05 18:05:43.389 [main] INFO  jdbc.sqlonly - BEGIN
  EXECUTE IMMEDIATE 'CREATE TABLE TB_DEP (
      DEPT_ID VARCHAR2(12) PRIMARY KEY,
      DEP_NM VARCHAR2(20),
      WRT_DTTM CHAR(14),
      DEL_DTTM CHAR(14),
      ACT_YN CHAR(1)
  )';
EXCEPTION
  WHEN OTHERS THEN
    IF SQLCODE != -955 THEN RAISE; END IF;
END;

2026-06-05 18:05:43.397 [main] INFO  jdbc.sqlonly - BEGIN
  EXECUTE IMMEDIATE 'CREATE TABLE TB_EMP (
      EMP_ID VARCHAR2(12) NOT NULL,
      DEPT_ID VARCHAR2(12) NOT NULL,
      EMP_PASS VARCHAR2(24) NULL,
      EMP_NM VARCHAR2(20) NULL,
      EMP_LEV CHAR(1) NULL,
      REG_DTTM VARCHAR2(14) NULL,
      MAX_SEND_CNT NUMBER NULL,
      PERM_CPN CHAR(1) NULL,
      PERM_SYS CHAR(1) NULL,
      PERM_STA CHAR(1) NULL,
      NOW_SEND_CNT NUMBER NULL,
      LAST_SEND_DT CHAR(8) NULL,
      LOGIN_FAIL_CNT NUMBER NULL,
      EMP_PHONE VARCHAR2(15) NULL,
      PERM_PSN CHAR(1) NULL,
      PERM_AUT CHAR(1) NULL,
      PERM_CPN_AGREE CHAR(1) NULL,
      DEL_DTTM VARCHAR2(14) NULL,
      ACT_YN CHAR(1) NULL,
      LAST_LOGIN_DTTM VARCHAR2(14) NULL,
      PASS_UPDATE_DTTM CHAR(14) NULL,
      PASS_UPDATE_YN CHAR(1) DEFAULT ''N'' NOT NULL,
      PERM_SND_CANCEL CHAR(1) NULL,
      UPDATE_DTTM CHAR(14) NULL,
      PERM_NOM CHAR(1) NULL,
      PERM_NOM_AGREE CHAR(1) NULL,
      PERM_MMS CHAR(1) NULL,
      PERM_MMS_AGREE CHAR(1) NULL,
      OLD_PWD1 VARCHAR2(24) NULL,
      OLD_PWD2 VARCHAR2(24) NULL,
      OLD_PWD3 VARCHAR2(24) NULL,
      OLD_PWD4 VARCHAR2(24) NULL,
      OLD_PWD5 VARCHAR2(24) NULL,
      OLD_PWD6 VARCHAR2(24) NULL,
      OLD_PWD7 VARCHAR2(24) NULL,
      OLD_PWD8 VARCHAR2(24) NULL,
      OLD_PWD9 VARCHAR2(24) NULL,
      OLD_PWD10 VARCHAR2(24) NULL,
      MFA_YN CHAR(1) NULL,
      CONSTRAINT EMP_PK PRIMARY KEY (EMP_ID, DEPT_ID)
  )';
EXCEPTION
  WHEN OTHERS THEN
    IF SQLCODE != -955 THEN RAISE; END IF;
END;

2026-06-05 18:05:43.410 [main] INFO  jdbc.sqlonly - SELECT COUNT(1) FROM EMPLOYEE WHERE EMP_ID = 'admin'

2026-06-05 18:05:43.505 [main] INFO  jdbc.sqlonly - SELECT COUNT(1) FROM TB_DEP

2026-06-05 18:05:43.510 [main] INFO  jdbc.sqlonly - BEGIN
  EXECUTE IMMEDIATE 'CREATE TABLE TB_PRIVACY_AUDIT_LOG (
      log_id NUMBER GENERATED ALWAYS AS IDENTITY PRIMARY KEY,
      executor_id VARCHAR2(50) NOT NULL,
      executor_ip VARCHAR2(50),
      request_url VARCHAR2(200),
      action_type VARCHAR2(100) NOT NULL,
      target_data VARCHAR2(500),
      created_at TIMESTAMP DEFAULT CURRENT_TIMESTAMP
  )';
EXCEPTION
  WHEN OTHERS THEN
    IF SQLCODE != -955 THEN RAISE; END IF;
END;

2026-06-05 18:05:43.516 [main] INFO  jdbc.sqlonly - BEGIN
  EXECUTE IMMEDIATE 'CREATE TABLE TB_ATTACH_FILE (
      file_id NUMBER GENERATED ALWAYS AS IDENTITY PRIMARY KEY,
      original_name VARCHAR2(300) NOT NULL,
      save_name VARCHAR2(300) NOT NULL,
      file_path VARCHAR2(500) NOT NULL,
      file_size NUMBER,
      ext VARCHAR2(10),
      created_at TIMESTAMP DEFAULT CURRENT_TIMESTAMP
  )';
EXCEPTION
  WHEN OTHERS THEN
    IF SQLCODE != -955 THEN RAISE; END IF;
END;

2026-06-05 18:05:43.521 [main] INFO  jdbc.sqlonly - BEGIN
  EXECUTE IMMEDIATE 'CREATE TABLE TB_MESSAGE (
      MSG_ID      NUMBER GENERATED ALWAYS AS IDENTITY PRIMARY KEY,
      DEPT_ID     VARCHAR2(50),
      MSG_CODE    VARCHAR2(50) UNIQUE NOT NULL,
      MSG_TYPE    VARCHAR2(20) DEFAULT ''NORMAL'' NOT NULL,
      MSG_TITLE   VARCHAR2(200) NOT NULL,
      MSG_CONTENT CLOB,
      FORBID_YN   CHAR(1) DEFAULT ''N'',
      SEND_POINT  VARCHAR2(100),
      USE_YN      CHAR(1) DEFAULT ''Y'',
      REG_ID      VARCHAR2(50),
      REG_DT      TIMESTAMP DEFAULT CURRENT_TIMESTAMP,
      UPD_ID      VARCHAR2(50),
      UPD_DT      TIMESTAMP
  )';
EXCEPTION
  WHEN OTHERS THEN
    IF SQLCODE != -955 THEN RAISE; END IF;
END;

2026-06-05 18:05:43.527 [main] INFO  jdbc.sqlonly - BEGIN
  EXECUTE IMMEDIATE 'CREATE TABLE TB_BANK (
      BANK_CD  VARCHAR2(10)  PRIMARY KEY,
      BANK_NM  VARCHAR2(100) NOT NULL,
      SWIFT_CD VARCHAR2(20),
      USE_YN   CHAR(1) DEFAULT ''Y''
  )';
EXCEPTION WHEN OTHERS THEN IF SQLCODE != -955 THEN RAISE; END IF;
END;

2026-06-05 18:05:43.556 [main] INFO  jdbc.sqlonly - SELECT COUNT(1) FROM TB_BANK WHERE BANK_CD = 'KB'

2026-06-05 18:05:43.561 [main] INFO  jdbc.sqlonly - SELECT COUNT(1) FROM TB_BANK WHERE BANK_CD = 'SHIN'

2026-06-05 18:05:43.563 [main] INFO  jdbc.sqlonly - SELECT COUNT(1) FROM TB_BANK WHERE BANK_CD = 'WOORI'

2026-06-05 18:05:43.566 [main] INFO  jdbc.sqlonly - SELECT COUNT(1) FROM TB_BANK WHERE BANK_CD = 'HANA'

2026-06-05 18:05:43.569 [main] INFO  jdbc.sqlonly - SELECT COUNT(1) FROM TB_BANK WHERE BANK_CD = 'IBK'

2026-06-05 18:05:43.572 [main] INFO  jdbc.sqlonly - SELECT COUNT(1) FROM TB_BANK WHERE BANK_CD = 'KEB'

2026-06-05 18:05:43.575 [main] INFO  jdbc.sqlonly - SELECT COUNT(1) FROM TB_BANK WHERE BANK_CD = 'NH'

2026-06-05 18:05:43.577 [main] INFO  jdbc.sqlonly - SELECT COUNT(1) FROM TB_BANK WHERE BANK_CD = 'SC'

2026-06-05 18:05:43.579 [main] INFO  jdbc.sqlonly - SELECT COUNT(1) FROM TB_BANK WHERE BANK_CD = 'CITI'

2026-06-05 18:05:43.582 [main] INFO  jdbc.sqlonly - SELECT COUNT(1) FROM TB_BANK WHERE BANK_CD = 'DGB'

2026-06-05 18:05:43.585 [main] INFO  jdbc.sqlonly - SELECT COUNT(1) FROM TB_BANK WHERE BANK_CD = 'BNK'

2026-06-05 18:05:43.588 [main] INFO  jdbc.sqlonly - SELECT COUNT(1) FROM TB_BANK WHERE BANK_CD = 'JB'

2026-06-05 18:05:43.590 [main] INFO  jdbc.sqlonly - SELECT COUNT(1) FROM TB_BANK WHERE BANK_CD = 'KDB'

2026-06-05 18:05:43.592 [main] INFO  jdbc.sqlonly - SELECT COUNT(1) FROM TB_BANK WHERE BANK_CD = 'KIBO'

2026-06-05 18:05:43.594 [main] INFO  jdbc.sqlonly - BEGIN
  EXECUTE IMMEDIATE 'CREATE TABLE TB_CUSTOMER_SSN (
      PHONE_NO     VARCHAR2(20) PRIMARY KEY,
      SSN_MASKED   VARCHAR2(14),
      HOLDER_NAME  VARCHAR2(100),
      DEPT_NM      VARCHAR2(100),
      INTERMEDIARY VARCHAR2(100),
      REG_DT       TIMESTAMP DEFAULT CURRENT_TIMESTAMP
  )';
EXCEPTION WHEN OTHERS THEN IF SQLCODE != -955 THEN RAISE; END IF;
END;

2026-06-05 18:05:43.598 [main] INFO  jdbc.sqlonly - SELECT COUNT(1) FROM USER_TAB_COLUMNS WHERE TABLE_NAME = 'EMPLOYEE' AND COLUMN_NAME = 'MFA_YN'

2026-06-05 18:05:43.604 [main] INFO  jdbc.sqlonly - SELECT COUNT(1) FROM USER_TAB_COLUMNS WHERE TABLE_NAME = 'CAMPAIGN' AND COLUMN_NAME = 'REG_ID'

2026-06-05 18:05:43.609 [main] INFO  jdbc.sqlonly - SELECT COUNT(1) FROM USER_TAB_COLUMNS WHERE TABLE_NAME = 'CAMPAIGN' AND COLUMN_NAME = 'TARGET_COUNT'

2026-06-05 18:05:43.612 [main] INFO  jdbc.sqlonly - SELECT COUNT(1) FROM USER_TAB_COLUMNS WHERE TABLE_NAME = 'CAMPAIGN' AND COLUMN_NAME = 'APRV_USER'

2026-06-05 18:05:43.615 [main] INFO  jdbc.sqlonly - SELECT COUNT(1) FROM USER_TAB_COLUMNS WHERE TABLE_NAME = 'CAMPAIGN' AND COLUMN_NAME = 'APRV_DT'

2026-06-05 18:05:43.618 [main] INFO  jdbc.sqlonly - SELECT COUNT(1) FROM TB_SMS_HISTORY

2026-06-05 18:05:43.622 [main] INFO  jdbc.sqlonly - DELETE FROM TB_GROUP_CONTACT_MAP

2026-06-05 18:05:43.630 [main] INFO  jdbc.sqlonly - DELETE FROM TB_CONTACT

2026-06-05 18:05:43.649 [main] INFO  jdbc.sqlonly - SELECT GROUP_ID FROM (SELECT GROUP_ID FROM TB_CONTACT_GROUP ORDER BY GROUP_ID DESC) WHERE ROWNUM <= 5

2026-06-05 18:05:43.656 [main] INFO  jdbc.sqlonly - INSERT INTO TB_CONTACT (CONTACT_NM, PHONE_NO, COMPANY_NM, REG_DT, REG_ID) VALUES ('테스트고객1', '010-0001-0001', '(주)테스트기업2', SYSDATE, 'SYSTEM')

2026-06-05 18:05:43.663 [main] INFO  jdbc.sqlonly - INSERT INTO TB_CONTACT (CONTACT_NM, PHONE_NO, COMPANY_NM, REG_DT, REG_ID) VALUES ('테스트고객2', '010-0002-0002', '(주)테스트기업3', SYSDATE, 'SYSTEM')

2026-06-05 18:05:43.669 [main] INFO  jdbc.sqlonly - INSERT INTO TB_CONTACT (CONTACT_NM, PHONE_NO, COMPANY_NM, REG_DT, REG_ID) VALUES ('테스트고객3', '010-0003-0003', '(주)테스트기업1', SYSDATE, 'SYSTEM')

2026-06-05 18:05:43.675 [main] INFO  jdbc.sqlonly - INSERT INTO TB_CONTACT (CONTACT_NM, PHONE_NO, COMPANY_NM, REG_DT, REG_ID) VALUES ('테스트고객4', '010-0004-0004', '(주)테스트기업2', SYSDATE, 'SYSTEM')

2026-06-05 18:05:43.680 [main] INFO  jdbc.sqlonly - INSERT INTO TB_CONTACT (CONTACT_NM, PHONE_NO, COMPANY_NM, REG_DT, REG_ID) VALUES ('테스트고객5', '010-0005-0005', '(주)테스트기업3', SYSDATE, 'SYSTEM')

2026-06-05 18:05:43.686 [main] INFO  jdbc.sqlonly - INSERT INTO TB_CONTACT (CONTACT_NM, PHONE_NO, COMPANY_NM, REG_DT, REG_ID) VALUES ('테스트고객6', '010-0006-0006', '(주)테스트기업1', SYSDATE, 'SYSTEM')

2026-06-05 18:05:43.692 [main] INFO  jdbc.sqlonly - INSERT INTO TB_CONTACT (CONTACT_NM, PHONE_NO, COMPANY_NM, REG_DT, REG_ID) VALUES ('테스트고객7', '010-0007-0007', '(주)테스트기업2', SYSDATE, 'SYSTEM')

2026-06-05 18:05:43.698 [main] INFO  jdbc.sqlonly - INSERT INTO TB_CONTACT (CONTACT_NM, PHONE_NO, COMPANY_NM, REG_DT, REG_ID) VALUES ('테스트고객8', '010-0008-0008', '(주)테스트기업3', SYSDATE, 'SYSTEM')

2026-06-05 18:05:43.703 [main] INFO  jdbc.sqlonly - INSERT INTO TB_CONTACT (CONTACT_NM, PHONE_NO, COMPANY_NM, REG_DT, REG_ID) VALUES ('테스트고객9', '010-0009-0009', '(주)테스트기업1', SYSDATE, 'SYSTEM')

2026-06-05 18:05:43.709 [main] INFO  jdbc.sqlonly - INSERT INTO TB_CONTACT (CONTACT_NM, PHONE_NO, COMPANY_NM, REG_DT, REG_ID) VALUES ('테스트고객10', '010-0010-0010', '(주)테스트기업2', SYSDATE, 'SYSTEM')

2026-06-05 18:05:43.714 [main] INFO  jdbc.sqlonly - INSERT INTO TB_CONTACT (CONTACT_NM, PHONE_NO, COMPANY_NM, REG_DT, REG_ID) VALUES ('테스트고객11', '010-0011-0011', '(주)테스트기업3', SYSDATE, 'SYSTEM')

2026-06-05 18:05:43.720 [main] INFO  jdbc.sqlonly - INSERT INTO TB_CONTACT (CONTACT_NM, PHONE_NO, COMPANY_NM, REG_DT, REG_ID) VALUES ('테스트고객12', '010-0012-0012', '(주)테스트기업1', SYSDATE, 'SYSTEM')

2026-06-05 18:05:43.726 [main] INFO  jdbc.sqlonly - INSERT INTO TB_CONTACT (CONTACT_NM, PHONE_NO, COMPANY_NM, REG_DT, REG_ID) VALUES ('테스트고객13', '010-0013-0013', '(주)테스트기업2', SYSDATE, 'SYSTEM')

2026-06-05 18:05:43.731 [main] INFO  jdbc.sqlonly - INSERT INTO TB_CONTACT (CONTACT_NM, PHONE_NO, COMPANY_NM, REG_DT, REG_ID) VALUES ('테스트고객14', '010-0014-0014', '(주)테스트기업3', SYSDATE, 'SYSTEM')

2026-06-05 18:05:43.737 [main] INFO  jdbc.sqlonly - INSERT INTO TB_CONTACT (CONTACT_NM, PHONE_NO, COMPANY_NM, REG_DT, REG_ID) VALUES ('테스트고객15', '010-0015-0015', '(주)테스트기업1', SYSDATE, 'SYSTEM')

2026-06-05 18:05:43.742 [main] INFO  jdbc.sqlonly - INSERT INTO TB_CONTACT (CONTACT_NM, PHONE_NO, COMPANY_NM, REG_DT, REG_ID) VALUES ('테스트고객16', '010-0016-0016', '(주)테스트기업2', SYSDATE, 'SYSTEM')

2026-06-05 18:05:43.747 [main] INFO  jdbc.sqlonly - INSERT INTO TB_CONTACT (CONTACT_NM, PHONE_NO, COMPANY_NM, REG_DT, REG_ID) VALUES ('테스트고객17', '010-0017-0017', '(주)테스트기업3', SYSDATE, 'SYSTEM')

2026-06-05 18:05:43.753 [main] INFO  jdbc.sqlonly - INSERT INTO TB_CONTACT (CONTACT_NM, PHONE_NO, COMPANY_NM, REG_DT, REG_ID) VALUES ('테스트고객18', '010-0018-0018', '(주)테스트기업1', SYSDATE, 'SYSTEM')

2026-06-05 18:05:43.758 [main] INFO  jdbc.sqlonly - INSERT INTO TB_CONTACT (CONTACT_NM, PHONE_NO, COMPANY_NM, REG_DT, REG_ID) VALUES ('테스트고객19', '010-0019-0019', '(주)테스트기업2', SYSDATE, 'SYSTEM')

2026-06-05 18:05:43.763 [main] INFO  jdbc.sqlonly - INSERT INTO TB_CONTACT (CONTACT_NM, PHONE_NO, COMPANY_NM, REG_DT, REG_ID) VALUES ('테스트고객20', '010-0020-0020', '(주)테스트기업3', SYSDATE, 'SYSTEM')

2026-06-05 18:05:43.767 [main] INFO  jdbc.sqlonly - INSERT INTO TB_CONTACT (CONTACT_NM, PHONE_NO, COMPANY_NM, REG_DT, REG_ID) VALUES ('테스트고객21', '010-0021-0021', '(주)테스트기업1', SYSDATE, 'SYSTEM')

2026-06-05 18:05:43.772 [main] INFO  jdbc.sqlonly - INSERT INTO TB_CONTACT (CONTACT_NM, PHONE_NO, COMPANY_NM, REG_DT, REG_ID) VALUES ('테스트고객22', '010-0022-0022', '(주)테스트기업2', SYSDATE, 'SYSTEM')

2026-06-05 18:05:43.776 [main] INFO  jdbc.sqlonly - INSERT INTO TB_CONTACT (CONTACT_NM, PHONE_NO, COMPANY_NM, REG_DT, REG_ID) VALUES ('테스트고객23', '010-0023-0023', '(주)테스트기업3', SYSDATE, 'SYSTEM')

2026-06-05 18:05:43.781 [main] INFO  jdbc.sqlonly - INSERT INTO TB_CONTACT (CONTACT_NM, PHONE_NO, COMPANY_NM, REG_DT, REG_ID) VALUES ('테스트고객24', '010-0024-0024', '(주)테스트기업1', SYSDATE, 'SYSTEM')

2026-06-05 18:05:43.786 [main] INFO  jdbc.sqlonly - INSERT INTO TB_CONTACT (CONTACT_NM, PHONE_NO, COMPANY_NM, REG_DT, REG_ID) VALUES ('테스트고객25', '010-0025-0025', '(주)테스트기업2', SYSDATE, 'SYSTEM')

2026-06-05 18:05:43.790 [main] INFO  jdbc.sqlonly - INSERT INTO TB_CONTACT (CONTACT_NM, PHONE_NO, COMPANY_NM, REG_DT, REG_ID) VALUES ('테스트고객26', '010-0026-0026', '(주)테스트기업3', SYSDATE, 'SYSTEM')

2026-06-05 18:05:43.797 [main] INFO  jdbc.sqlonly - INSERT INTO TB_CONTACT (CONTACT_NM, PHONE_NO, COMPANY_NM, REG_DT, REG_ID) VALUES ('테스트고객27', '010-0027-0027', '(주)테스트기업1', SYSDATE, 'SYSTEM')

2026-06-05 18:05:43.802 [main] INFO  jdbc.sqlonly - INSERT INTO TB_CONTACT (CONTACT_NM, PHONE_NO, COMPANY_NM, REG_DT, REG_ID) VALUES ('테스트고객28', '010-0028-0028', '(주)테스트기업2', SYSDATE, 'SYSTEM')

2026-06-05 18:05:43.808 [main] INFO  jdbc.sqlonly - INSERT INTO TB_CONTACT (CONTACT_NM, PHONE_NO, COMPANY_NM, REG_DT, REG_ID) VALUES ('테스트고객29', '010-0029-0029', '(주)테스트기업3', SYSDATE, 'SYSTEM')

2026-06-05 18:05:43.812 [main] INFO  jdbc.sqlonly - INSERT INTO TB_CONTACT (CONTACT_NM, PHONE_NO, COMPANY_NM, REG_DT, REG_ID) VALUES ('테스트고객30', '010-0030-0030', '(주)테스트기업1', SYSDATE, 'SYSTEM')

2026-06-05 18:05:43.818 [main] INFO  jdbc.sqlonly - INSERT INTO TB_CONTACT (CONTACT_NM, PHONE_NO, COMPANY_NM, REG_DT, REG_ID) VALUES ('테스트고객31', '010-0031-0031', '(주)테스트기업2', SYSDATE, 'SYSTEM')

2026-06-05 18:05:43.824 [main] INFO  jdbc.sqlonly - INSERT INTO TB_CONTACT (CONTACT_NM, PHONE_NO, COMPANY_NM, REG_DT, REG_ID) VALUES ('테스트고객32', '010-0032-0032', '(주)테스트기업3', SYSDATE, 'SYSTEM')

2026-06-05 18:05:43.829 [main] INFO  jdbc.sqlonly - INSERT INTO TB_CONTACT (CONTACT_NM, PHONE_NO, COMPANY_NM, REG_DT, REG_ID) VALUES ('테스트고객33', '010-0033-0033', '(주)테스트기업1', SYSDATE, 'SYSTEM')

2026-06-05 18:05:43.834 [main] INFO  jdbc.sqlonly - INSERT INTO TB_CONTACT (CONTACT_NM, PHONE_NO, COMPANY_NM, REG_DT, REG_ID) VALUES ('테스트고객34', '010-0034-0034', '(주)테스트기업2', SYSDATE, 'SYSTEM')

2026-06-05 18:05:43.839 [main] INFO  jdbc.sqlonly - INSERT INTO TB_CONTACT (CONTACT_NM, PHONE_NO, COMPANY_NM, REG_DT, REG_ID) VALUES ('테스트고객35', '010-0035-0035', '(주)테스트기업3', SYSDATE, 'SYSTEM')

2026-06-05 18:05:43.845 [main] INFO  jdbc.sqlonly - INSERT INTO TB_CONTACT (CONTACT_NM, PHONE_NO, COMPANY_NM, REG_DT, REG_ID) VALUES ('테스트고객36', '010-0036-0036', '(주)테스트기업1', SYSDATE, 'SYSTEM')

2026-06-05 18:05:43.850 [main] INFO  jdbc.sqlonly - INSERT INTO TB_CONTACT (CONTACT_NM, PHONE_NO, COMPANY_NM, REG_DT, REG_ID) VALUES ('테스트고객37', '010-0037-0037', '(주)테스트기업2', SYSDATE, 'SYSTEM')

2026-06-05 18:05:43.855 [main] INFO  jdbc.sqlonly - INSERT INTO TB_CONTACT (CONTACT_NM, PHONE_NO, COMPANY_NM, REG_DT, REG_ID) VALUES ('테스트고객38', '010-0038-0038', '(주)테스트기업3', SYSDATE, 'SYSTEM')

2026-06-05 18:05:43.860 [main] INFO  jdbc.sqlonly - INSERT INTO TB_CONTACT (CONTACT_NM, PHONE_NO, COMPANY_NM, REG_DT, REG_ID) VALUES ('테스트고객39', '010-0039-0039', '(주)테스트기업1', SYSDATE, 'SYSTEM')

2026-06-05 18:05:43.864 [main] INFO  jdbc.sqlonly - INSERT INTO TB_CONTACT (CONTACT_NM, PHONE_NO, COMPANY_NM, REG_DT, REG_ID) VALUES ('테스트고객40', '010-0040-0040', '(주)테스트기업2', SYSDATE, 'SYSTEM')

2026-06-05 18:05:43.870 [main] INFO  jdbc.sqlonly - INSERT INTO TB_CONTACT (CONTACT_NM, PHONE_NO, COMPANY_NM, REG_DT, REG_ID) VALUES ('테스트고객41', '010-0041-0041', '(주)테스트기업3', SYSDATE, 'SYSTEM')

2026-06-05 18:05:43.875 [main] INFO  jdbc.sqlonly - INSERT INTO TB_CONTACT (CONTACT_NM, PHONE_NO, COMPANY_NM, REG_DT, REG_ID) VALUES ('테스트고객42', '010-0042-0042', '(주)테스트기업1', SYSDATE, 'SYSTEM')

2026-06-05 18:05:43.880 [main] INFO  jdbc.sqlonly - INSERT INTO TB_CONTACT (CONTACT_NM, PHONE_NO, COMPANY_NM, REG_DT, REG_ID) VALUES ('테스트고객43', '010-0043-0043', '(주)테스트기업2', SYSDATE, 'SYSTEM')

2026-06-05 18:05:43.885 [main] INFO  jdbc.sqlonly - INSERT INTO TB_CONTACT (CONTACT_NM, PHONE_NO, COMPANY_NM, REG_DT, REG_ID) VALUES ('테스트고객44', '010-0044-0044', '(주)테스트기업3', SYSDATE, 'SYSTEM')

2026-06-05 18:05:43.891 [main] INFO  jdbc.sqlonly - INSERT INTO TB_CONTACT (CONTACT_NM, PHONE_NO, COMPANY_NM, REG_DT, REG_ID) VALUES ('테스트고객45', '010-0045-0045', '(주)테스트기업1', SYSDATE, 'SYSTEM')

2026-06-05 18:05:43.896 [main] INFO  jdbc.sqlonly - INSERT INTO TB_CONTACT (CONTACT_NM, PHONE_NO, COMPANY_NM, REG_DT, REG_ID) VALUES ('테스트고객46', '010-0046-0046', '(주)테스트기업2', SYSDATE, 'SYSTEM')

2026-06-05 18:05:43.901 [main] INFO  jdbc.sqlonly - INSERT INTO TB_CONTACT (CONTACT_NM, PHONE_NO, COMPANY_NM, REG_DT, REG_ID) VALUES ('테스트고객47', '010-0047-0047', '(주)테스트기업3', SYSDATE, 'SYSTEM')

2026-06-05 18:05:43.907 [main] INFO  jdbc.sqlonly - INSERT INTO TB_CONTACT (CONTACT_NM, PHONE_NO, COMPANY_NM, REG_DT, REG_ID) VALUES ('테스트고객48', '010-0048-0048', '(주)테스트기업1', SYSDATE, 'SYSTEM')

2026-06-05 18:05:43.912 [main] INFO  jdbc.sqlonly - INSERT INTO TB_CONTACT (CONTACT_NM, PHONE_NO, COMPANY_NM, REG_DT, REG_ID) VALUES ('테스트고객49', '010-0049-0049', '(주)테스트기업2', SYSDATE, 'SYSTEM')

2026-06-05 18:05:43.920 [main] INFO  jdbc.sqlonly - INSERT INTO TB_CONTACT (CONTACT_NM, PHONE_NO, COMPANY_NM, REG_DT, REG_ID) VALUES ('테스트고객50', '010-0050-0050', '(주)테스트기업3', SYSDATE, 'SYSTEM')

2026-06-05 18:05:43.925 [main] INFO  jdbc.sqlonly - SELECT CONTACT_ID FROM TB_CONTACT

2026-06-05 18:05:43.935 [main] INFO  jdbc.sqlonly - INSERT INTO TB_GROUP_CONTACT_MAP (GROUP_ID, CONTACT_ID, REG_DT) VALUES ('205', '5771', SYSDATE)

2026-06-05 18:05:43.940 [main] INFO  jdbc.sqlonly - INSERT INTO TB_GROUP_CONTACT_MAP (GROUP_ID, CONTACT_ID, REG_DT) VALUES ('204', '5772', SYSDATE)

2026-06-05 18:05:43.944 [main] INFO  jdbc.sqlonly - INSERT INTO TB_GROUP_CONTACT_MAP (GROUP_ID, CONTACT_ID, REG_DT) VALUES ('203', '5773', SYSDATE)

2026-06-05 18:05:43.949 [main] INFO  jdbc.sqlonly - INSERT INTO TB_GROUP_CONTACT_MAP (GROUP_ID, CONTACT_ID, REG_DT) VALUES ('202', '5774', SYSDATE)

2026-06-05 18:05:43.954 [main] INFO  jdbc.sqlonly - INSERT INTO TB_GROUP_CONTACT_MAP (GROUP_ID, CONTACT_ID, REG_DT) VALUES ('201', '5775', SYSDATE)

2026-06-05 18:05:43.959 [main] INFO  jdbc.sqlonly - INSERT INTO TB_GROUP_CONTACT_MAP (GROUP_ID, CONTACT_ID, REG_DT) VALUES ('205', '5776', SYSDATE)

2026-06-05 18:05:43.964 [main] INFO  jdbc.sqlonly - INSERT INTO TB_GROUP_CONTACT_MAP (GROUP_ID, CONTACT_ID, REG_DT) VALUES ('204', '5777', SYSDATE)

2026-06-05 18:05:43.969 [main] INFO  jdbc.sqlonly - INSERT INTO TB_GROUP_CONTACT_MAP (GROUP_ID, CONTACT_ID, REG_DT) VALUES ('203', '5778', SYSDATE)

2026-06-05 18:05:43.974 [main] INFO  jdbc.sqlonly - INSERT INTO TB_GROUP_CONTACT_MAP (GROUP_ID, CONTACT_ID, REG_DT) VALUES ('202', '5779', SYSDATE)

2026-06-05 18:05:43.979 [main] INFO  jdbc.sqlonly - INSERT INTO TB_GROUP_CONTACT_MAP (GROUP_ID, CONTACT_ID, REG_DT) VALUES ('201', '5780', SYSDATE)

2026-06-05 18:05:43.985 [main] INFO  jdbc.sqlonly - INSERT INTO TB_GROUP_CONTACT_MAP (GROUP_ID, CONTACT_ID, REG_DT) VALUES ('205', '5781', SYSDATE)

2026-06-05 18:05:43.990 [main] INFO  jdbc.sqlonly - INSERT INTO TB_GROUP_CONTACT_MAP (GROUP_ID, CONTACT_ID, REG_DT) VALUES ('204', '5782', SYSDATE)

2026-06-05 18:05:43.995 [main] INFO  jdbc.sqlonly - INSERT INTO TB_GROUP_CONTACT_MAP (GROUP_ID, CONTACT_ID, REG_DT) VALUES ('203', '5783', SYSDATE)

2026-06-05 18:05:44.001 [main] INFO  jdbc.sqlonly - INSERT INTO TB_GROUP_CONTACT_MAP (GROUP_ID, CONTACT_ID, REG_DT) VALUES ('202', '5784', SYSDATE)

2026-06-05 18:05:44.006 [main] INFO  jdbc.sqlonly - INSERT INTO TB_GROUP_CONTACT_MAP (GROUP_ID, CONTACT_ID, REG_DT) VALUES ('201', '5785', SYSDATE)

2026-06-05 18:05:44.012 [main] INFO  jdbc.sqlonly - INSERT INTO TB_GROUP_CONTACT_MAP (GROUP_ID, CONTACT_ID, REG_DT) VALUES ('205', '5786', SYSDATE)

2026-06-05 18:05:44.017 [main] INFO  jdbc.sqlonly - INSERT INTO TB_GROUP_CONTACT_MAP (GROUP_ID, CONTACT_ID, REG_DT) VALUES ('204', '5787', SYSDATE)

2026-06-05 18:05:44.024 [main] INFO  jdbc.sqlonly - INSERT INTO TB_GROUP_CONTACT_MAP (GROUP_ID, CONTACT_ID, REG_DT) VALUES ('203', '5788', SYSDATE)

2026-06-05 18:05:44.029 [main] INFO  jdbc.sqlonly - INSERT INTO TB_GROUP_CONTACT_MAP (GROUP_ID, CONTACT_ID, REG_DT) VALUES ('202', '5789', SYSDATE)

2026-06-05 18:05:44.034 [main] INFO  jdbc.sqlonly - INSERT INTO TB_GROUP_CONTACT_MAP (GROUP_ID, CONTACT_ID, REG_DT) VALUES ('201', '5790', SYSDATE)

2026-06-05 18:05:44.040 [main] INFO  jdbc.sqlonly - INSERT INTO TB_GROUP_CONTACT_MAP (GROUP_ID, CONTACT_ID, REG_DT) VALUES ('205', '5791', SYSDATE)

2026-06-05 18:05:44.046 [main] INFO  jdbc.sqlonly - INSERT INTO TB_GROUP_CONTACT_MAP (GROUP_ID, CONTACT_ID, REG_DT) VALUES ('204', '5792', SYSDATE)

2026-06-05 18:05:44.051 [main] INFO  jdbc.sqlonly - INSERT INTO TB_GROUP_CONTACT_MAP (GROUP_ID, CONTACT_ID, REG_DT) VALUES ('203', '5793', SYSDATE)

2026-06-05 18:05:44.057 [main] INFO  jdbc.sqlonly - INSERT INTO TB_GROUP_CONTACT_MAP (GROUP_ID, CONTACT_ID, REG_DT) VALUES ('202', '5794', SYSDATE)

2026-06-05 18:05:44.059 [RMI TCP Connection(2)-127.0.0.1] INFO  o.a.c.c.C.[Tomcat].[localhost].[/] - Initializing Spring DispatcherServlet 'dispatcherServlet'
2026-06-05 18:05:44.060 [RMI TCP Connection(2)-127.0.0.1] INFO  o.s.web.servlet.DispatcherServlet - Initializing Servlet 'dispatcherServlet'
2026-06-05 18:05:44.062 [RMI TCP Connection(2)-127.0.0.1] INFO  o.s.web.servlet.DispatcherServlet - Completed initialization in 1 ms
2026-06-05 18:05:44.062 [main] INFO  jdbc.sqlonly - INSERT INTO TB_GROUP_CONTACT_MAP (GROUP_ID, CONTACT_ID, REG_DT) VALUES ('201', '5795', SYSDATE)

2026-06-05 18:05:44.067 [main] INFO  jdbc.sqlonly - INSERT INTO TB_GROUP_CONTACT_MAP (GROUP_ID, CONTACT_ID, REG_DT) VALUES ('205', '5796', SYSDATE)

2026-06-05 18:05:44.073 [main] INFO  jdbc.sqlonly - INSERT INTO TB_GROUP_CONTACT_MAP (GROUP_ID, CONTACT_ID, REG_DT) VALUES ('204', '5797', SYSDATE)

2026-06-05 18:05:44.078 [main] INFO  jdbc.sqlonly - INSERT INTO TB_GROUP_CONTACT_MAP (GROUP_ID, CONTACT_ID, REG_DT) VALUES ('203', '5798', SYSDATE)

2026-06-05 18:05:44.083 [main] INFO  jdbc.sqlonly - INSERT INTO TB_GROUP_CONTACT_MAP (GROUP_ID, CONTACT_ID, REG_DT) VALUES ('202', '5799', SYSDATE)

2026-06-05 18:05:44.089 [main] INFO  jdbc.sqlonly - INSERT INTO TB_GROUP_CONTACT_MAP (GROUP_ID, CONTACT_ID, REG_DT) VALUES ('201', '5800', SYSDATE)

2026-06-05 18:05:44.094 [main] INFO  jdbc.sqlonly - INSERT INTO TB_GROUP_CONTACT_MAP (GROUP_ID, CONTACT_ID, REG_DT) VALUES ('205', '5801', SYSDATE)

2026-06-05 18:05:44.100 [main] INFO  jdbc.sqlonly - INSERT INTO TB_GROUP_CONTACT_MAP (GROUP_ID, CONTACT_ID, REG_DT) VALUES ('204', '5802', SYSDATE)

2026-06-05 18:05:44.106 [main] INFO  jdbc.sqlonly - INSERT INTO TB_GROUP_CONTACT_MAP (GROUP_ID, CONTACT_ID, REG_DT) VALUES ('203', '5803', SYSDATE)

2026-06-05 18:05:44.111 [main] INFO  jdbc.sqlonly - INSERT INTO TB_GROUP_CONTACT_MAP (GROUP_ID, CONTACT_ID, REG_DT) VALUES ('202', '5804', SYSDATE)

2026-06-05 18:05:44.117 [main] INFO  jdbc.sqlonly - INSERT INTO TB_GROUP_CONTACT_MAP (GROUP_ID, CONTACT_ID, REG_DT) VALUES ('201', '5805', SYSDATE)

2026-06-05 18:05:44.122 [main] INFO  jdbc.sqlonly - INSERT INTO TB_GROUP_CONTACT_MAP (GROUP_ID, CONTACT_ID, REG_DT) VALUES ('205', '5806', SYSDATE)

2026-06-05 18:05:44.128 [main] INFO  jdbc.sqlonly - INSERT INTO TB_GROUP_CONTACT_MAP (GROUP_ID, CONTACT_ID, REG_DT) VALUES ('204', '5807', SYSDATE)

2026-06-05 18:05:44.133 [main] INFO  jdbc.sqlonly - INSERT INTO TB_GROUP_CONTACT_MAP (GROUP_ID, CONTACT_ID, REG_DT) VALUES ('203', '5808', SYSDATE)

2026-06-05 18:05:44.139 [main] INFO  jdbc.sqlonly - INSERT INTO TB_GROUP_CONTACT_MAP (GROUP_ID, CONTACT_ID, REG_DT) VALUES ('202', '5809', SYSDATE)

2026-06-05 18:05:44.144 [main] INFO  jdbc.sqlonly - INSERT INTO TB_GROUP_CONTACT_MAP (GROUP_ID, CONTACT_ID, REG_DT) VALUES ('201', '5810', SYSDATE)

2026-06-05 18:05:44.151 [main] INFO  jdbc.sqlonly - INSERT INTO TB_GROUP_CONTACT_MAP (GROUP_ID, CONTACT_ID, REG_DT) VALUES ('205', '5811', SYSDATE)

2026-06-05 18:05:44.157 [main] INFO  jdbc.sqlonly - INSERT INTO TB_GROUP_CONTACT_MAP (GROUP_ID, CONTACT_ID, REG_DT) VALUES ('204', '5812', SYSDATE)

2026-06-05 18:05:44.163 [main] INFO  jdbc.sqlonly - INSERT INTO TB_GROUP_CONTACT_MAP (GROUP_ID, CONTACT_ID, REG_DT) VALUES ('203', '5813', SYSDATE)

2026-06-05 18:05:44.169 [main] INFO  jdbc.sqlonly - INSERT INTO TB_GROUP_CONTACT_MAP (GROUP_ID, CONTACT_ID, REG_DT) VALUES ('202', '5814', SYSDATE)

2026-06-05 18:05:44.176 [main] INFO  jdbc.sqlonly - INSERT INTO TB_GROUP_CONTACT_MAP (GROUP_ID, CONTACT_ID, REG_DT) VALUES ('201', '5815', SYSDATE)

2026-06-05 18:05:44.183 [main] INFO  jdbc.sqlonly - INSERT INTO TB_GROUP_CONTACT_MAP (GROUP_ID, CONTACT_ID, REG_DT) VALUES ('205', '5816', SYSDATE)

2026-06-05 18:05:44.190 [main] INFO  jdbc.sqlonly - INSERT INTO TB_GROUP_CONTACT_MAP (GROUP_ID, CONTACT_ID, REG_DT) VALUES ('204', '5817', SYSDATE)

2026-06-05 18:05:44.196 [main] INFO  jdbc.sqlonly - INSERT INTO TB_GROUP_CONTACT_MAP (GROUP_ID, CONTACT_ID, REG_DT) VALUES ('203', '5818', SYSDATE)

2026-06-05 18:05:44.203 [main] INFO  jdbc.sqlonly - INSERT INTO TB_GROUP_CONTACT_MAP (GROUP_ID, CONTACT_ID, REG_DT) VALUES ('202', '5819', SYSDATE)

2026-06-05 18:05:44.209 [main] INFO  jdbc.sqlonly - INSERT INTO TB_GROUP_CONTACT_MAP (GROUP_ID, CONTACT_ID, REG_DT) VALUES ('201', '5820', SYSDATE)

2026-06-05 18:05:44.214 [main] INFO  jdbc.sqlonly - DELETE FROM TB_MENU_AUTH WHERE MENU_CD IN (SELECT MENU_CD FROM TB_MENU WHERE MENU_URL LIKE '/contact%')

2026-06-05 18:05:44.220 [main] INFO  jdbc.sqlonly - DELETE FROM TB_MENU WHERE MENU_URL LIKE '/contact%'

2026-06-05 18:05:44.225 [main] INFO  jdbc.sqlonly - DELETE FROM TB_MENU_AUTH WHERE MENU_CD IN (SELECT MENU_CD FROM TB_MENU WHERE MENU_URL = '/basic/notice' AND MENU_CD != 'M_BASIC_NOTICE')

2026-06-05 18:05:44.229 [main] INFO  jdbc.sqlonly - DELETE FROM TB_MENU WHERE MENU_URL = '/basic/notice' AND MENU_CD != 'M_BASIC_NOTICE'

2026-06-05 18:05:44.234 [main] INFO  jdbc.sqlonly - DELETE FROM TB_MENU_AUTH WHERE MENU_CD IN (SELECT MENU_CD FROM TB_MENU WHERE MENU_NM = 'SMS발송조회' AND MENU_CD != 'M_SMS_SEND')

2026-06-05 18:05:44.238 [main] INFO  jdbc.sqlonly - DELETE FROM TB_MENU WHERE MENU_NM = 'SMS발송조회' AND MENU_CD != 'M_SMS_SEND'

2026-06-05 18:05:44.242 [main] INFO  jdbc.sqlonly - DELETE FROM TB_MENU_AUTH WHERE MENU_CD IN (SELECT MENU_CD FROM TB_MENU WHERE MENU_NM = '메세지 발송 이력 조회')

2026-06-05 18:05:44.246 [main] INFO  jdbc.sqlonly - DELETE FROM TB_MENU WHERE MENU_NM = '메세지 발송 이력 조회'

2026-06-05 18:05:44.251 [main] INFO  jdbc.sqlonly - DELETE FROM TB_MENU_AUTH WHERE MENU_CD IN (SELECT MENU_CD FROM TB_MENU WHERE MENU_NM = '발송 이력(엔진 테스트)')

2026-06-05 18:05:44.256 [main] INFO  jdbc.sqlonly - DELETE FROM TB_MENU WHERE MENU_NM = '발송 이력(엔진 테스트)'

2026-06-05 18:05:44.260 [main] INFO  jdbc.sqlonly - DELETE FROM TB_MENU_AUTH WHERE MENU_CD IN (SELECT MENU_CD FROM TB_MENU WHERE MENU_NM = 'SMS 발송조회')

2026-06-05 18:05:44.263 [main] INFO  jdbc.sqlonly - DELETE FROM TB_MENU WHERE MENU_NM = 'SMS 발송조회'

2026-06-05 18:05:44.267 [main] INFO  jdbc.sqlonly - DELETE FROM TB_MENU_AUTH WHERE MENU_CD IN (SELECT MENU_CD FROM TB_MENU WHERE MENU_URL LIKE '/basic/motice')

2026-06-05 18:05:44.271 [main] INFO  jdbc.sqlonly - DELETE FROM TB_MENU WHERE MENU_URL LIKE '/basic/motice'

2026-06-05 18:05:44.275 [main] INFO  jdbc.sqlonly - SELECT COUNT(1) FROM TB_MENU WHERE MENU_CD = 'M_BASIC'

2026-06-05 18:05:44.279 [main] INFO  jdbc.sqlonly - SELECT COUNT(1) FROM TB_MENU WHERE MENU_CD = 'M_SMS_SEND'

2026-06-05 18:05:44.282 [main] INFO  jdbc.sqlonly - SELECT COUNT(1) FROM TB_MENU WHERE MENU_CD = 'M_CAMPAIGN'

2026-06-05 18:05:44.285 [main] INFO  jdbc.sqlonly - SELECT COUNT(1) FROM TB_MENU WHERE MENU_CD = 'M_SYSTEM'

2026-06-05 18:05:44.288 [main] INFO  jdbc.sqlonly - SELECT COUNT(1) FROM TB_MENU WHERE MENU_CD = 'M_ACCOUNT'

2026-06-05 18:05:44.292 [main] INFO  jdbc.sqlonly - SELECT COUNT(1) FROM TB_MENU WHERE MENU_CD = 'M_STAT'

2026-06-05 18:05:44.302 [main] INFO  jdbc.sqlonly - UPDATE TB_MENU SET SORT_ORD = 1 WHERE MENU_CD = 'M_BASIC'

2026-06-05 18:05:44.308 [main] INFO  jdbc.sqlonly - UPDATE TB_MENU SET SORT_ORD = 2 WHERE MENU_CD = 'M_SMS_SEND'

2026-06-05 18:05:44.315 [main] INFO  jdbc.sqlonly - UPDATE TB_MENU SET SORT_ORD = 3 WHERE MENU_CD = 'M_CAMPAIGN'

2026-06-05 18:05:44.322 [main] INFO  jdbc.sqlonly - UPDATE TB_MENU SET SORT_ORD = 4 WHERE MENU_CD = 'M_SYSTEM'

2026-06-05 18:05:44.328 [main] INFO  jdbc.sqlonly - UPDATE TB_MENU SET SORT_ORD = 5 WHERE MENU_CD = 'M_ACCOUNT'

2026-06-05 18:05:44.334 [main] INFO  jdbc.sqlonly - UPDATE TB_MENU SET SORT_ORD = 6 WHERE MENU_CD = 'M_STAT'

2026-06-05 18:05:44.341 [main] INFO  jdbc.sqlonly - SELECT COUNT(1) FROM TB_MENU WHERE MENU_CD = 'M_BASIC_NOTICE'

2026-06-05 18:05:44.346 [main] INFO  jdbc.sqlonly - SELECT COUNT(1) FROM TB_MENU WHERE MENU_CD = 'M_BASIC_MSG'

2026-06-05 18:05:44.351 [main] INFO  jdbc.sqlonly - SELECT COUNT(1) FROM TB_MENU WHERE MENU_CD = 'M_BASIC_MFA'

2026-06-05 18:05:44.355 [main] INFO  jdbc.sqlonly - SELECT COUNT(1) FROM TB_MENU WHERE MENU_CD = 'M_BASIC_CURRENCY'

2026-06-05 18:05:44.359 [main] INFO  jdbc.sqlonly - SELECT COUNT(1) FROM TB_MENU WHERE MENU_CD = 'M_SMS_HISTORY'

2026-06-05 18:05:44.362 [main] INFO  jdbc.sqlonly - SELECT COUNT(1) FROM TB_MENU WHERE MENU_CD = 'M_SMS_CUSTOMER'

2026-06-05 18:05:44.366 [main] INFO  jdbc.sqlonly - SELECT COUNT(1) FROM TB_MENU WHERE MENU_CD = 'M_SMS_SSN'

2026-06-05 18:05:44.370 [main] INFO  jdbc.sqlonly - SELECT COUNT(1) FROM TB_MENU WHERE MENU_CD = 'M_CAMP_TARGET'

2026-06-05 18:05:44.375 [main] INFO  jdbc.sqlonly - SELECT COUNT(1) FROM TB_MENU WHERE MENU_CD = 'M_CAMP_APRV'

2026-06-05 18:05:44.379 [main] INFO  jdbc.sqlonly - SELECT COUNT(1) FROM TB_MENU WHERE MENU_CD = 'M_CAMP_SMS_REG'

2026-06-05 18:05:44.382 [main] INFO  jdbc.sqlonly - SELECT COUNT(1) FROM TB_MENU WHERE MENU_CD = 'M_CAMP_LMS_REG'

2026-06-05 18:05:44.385 [main] INFO  jdbc.sqlonly - SELECT COUNT(1) FROM TB_MENU WHERE MENU_CD = 'M_CAMP_ALM_REG'

2026-06-05 18:05:44.390 [main] INFO  jdbc.sqlonly - SELECT COUNT(1) FROM TB_MENU WHERE MENU_CD = 'M_CAMP_SMS_APR'

2026-06-05 18:05:44.394 [main] INFO  jdbc.sqlonly - SELECT COUNT(1) FROM TB_MENU WHERE MENU_CD = 'M_CAMP_LMS_APR'

2026-06-05 18:05:44.398 [main] INFO  jdbc.sqlonly - SELECT COUNT(1) FROM TB_MENU WHERE MENU_CD = 'M_CAMP_ALM_APR'

2026-06-05 18:05:44.401 [main] INFO  jdbc.sqlonly - SELECT COUNT(1) FROM TB_MENU WHERE MENU_CD = 'M_CAMP_SMS_HIST'

2026-06-05 18:05:44.404 [main] INFO  jdbc.sqlonly - SELECT COUNT(1) FROM TB_MENU WHERE MENU_CD = 'M_CAMP_LMS_HIST'

2026-06-05 18:05:44.408 [main] INFO  jdbc.sqlonly - SELECT COUNT(1) FROM TB_MENU WHERE MENU_CD = 'M_CAMP_ALM_HIST'

2026-06-05 18:05:44.411 [main] INFO  jdbc.sqlonly - SELECT COUNT(1) FROM TB_MENU WHERE MENU_CD = 'M_SYS_DEPT'

2026-06-05 18:05:44.414 [main] INFO  jdbc.sqlonly - SELECT COUNT(1) FROM TB_MENU WHERE MENU_CD = 'M_SYS_MSG'

2026-06-05 18:05:44.418 [main] INFO  jdbc.sqlonly - SELECT COUNT(1) FROM TB_MENU WHERE MENU_CD = 'M_SYS_KAKAO'

2026-06-05 18:05:44.421 [main] INFO  jdbc.sqlonly - SELECT COUNT(1) FROM TB_MENU WHERE MENU_CD = 'M_SYS_AD'

2026-06-05 18:05:44.424 [main] INFO  jdbc.sqlonly - SELECT COUNT(1) FROM TB_MENU WHERE MENU_CD = 'M_SYS_TIME'

2026-06-05 18:05:44.428 [main] INFO  jdbc.sqlonly - SELECT COUNT(1) FROM TB_MENU WHERE MENU_CD = 'M_MENU_MNG'

2026-06-05 18:05:44.431 [main] INFO  jdbc.sqlonly - SELECT COUNT(1) FROM TB_MENU WHERE MENU_CD = 'M_ACCT_USER'

2026-06-05 18:05:44.435 [main] INFO  jdbc.sqlonly - SELECT COUNT(1) FROM TB_MENU WHERE MENU_CD = 'M_STAT_MKTG'

2026-06-05 18:06:03.548 [http-nio-8080-exec-5] DEBUG c.e.s.mapper.EmployeeMapper.findById - ==>  Preparing: SELECT e.EMP_ID, e.EMP_NAME, e.DEPT_ID, d.DEPT_NM, e.USE_YN, e.USER_ROLE, e.AUTH_READ, e.AUTH_APPROVE, e.AUTH_CAMPAIGN, e.LAST_LOGIN_IP, e.LAST_LOGIN_TIME, e.CREATED_AT, e.UPDATED_AT FROM EMPLOYEE e LEFT JOIN TB_DEPT d ON e.DEPT_ID = d.DEPT_ID WHERE e.EMP_ID = ?
2026-06-05 18:06:03.570 [http-nio-8080-exec-5] DEBUG c.e.s.mapper.EmployeeMapper.findById - ==> Parameters: admin(String)
2026-06-05 18:06:03.571 [http-nio-8080-exec-5] INFO  jdbc.sqlonly - SELECT
            e.EMP_ID, e.EMP_NAME, e.DEPT_ID, d.DEPT_NM, e.USE_YN, e.USER_ROLE,
            e.AUTH_READ, e.AUTH_APPROVE, e.AUTH_CAMPAIGN,
            e.LAST_LOGIN_IP, e.LAST_LOGIN_TIME, e.CREATED_AT, e.UPDATED_AT
        FROM EMPLOYEE e
        LEFT JOIN TB_DEPT d ON e.DEPT_ID = d.DEPT_ID
        WHERE e.EMP_ID = 'admin'

2026-06-05 18:06:03.601 [http-nio-8080-exec-5] DEBUG c.e.s.mapper.EmployeeMapper.findById - <==      Total: 1
2026-06-05 18:06:03.611 [http-nio-8080-exec-5] DEBUG c.e.s.m.M.selectMenusByAuthCode - ==>  Preparing: SELECT A.MENU_CD, A.MENU_NM, A.MENU_URL, A.UP_MENU_CD, A.SORT_ORD, A.USE_YN FROM TB_MENU A INNER JOIN TB_MENU_AUTH B ON A.MENU_CD = B.MENU_CD WHERE A.USE_YN = 'Y' AND B.AUTH_CD = ? ORDER BY A.UP_MENU_CD ASC NULLS FIRST, A.SORT_ORD ASC
2026-06-05 18:06:03.612 [http-nio-8080-exec-5] DEBUG c.e.s.m.M.selectMenusByAuthCode - ==> Parameters: ROLE_ADMIN(String)
2026-06-05 18:06:03.613 [http-nio-8080-exec-5] INFO  jdbc.sqlonly - SELECT 
            A.MENU_CD,
            A.MENU_NM,
            A.MENU_URL,
            A.UP_MENU_CD,
            A.SORT_ORD,
            A.USE_YN
        FROM TB_MENU A
        INNER JOIN TB_MENU_AUTH B ON A.MENU_CD = B.MENU_CD
        WHERE A.USE_YN = 'Y'
          AND B.AUTH_CD = 'ROLE_ADMIN'
        ORDER BY A.UP_MENU_CD ASC NULLS FIRST, A.SORT_ORD ASC

2026-06-05 18:06:03.632 [http-nio-8080-exec-5] DEBUG c.e.s.m.M.selectMenusByAuthCode - <==      Total: 43
2026-06-05 18:06:03.635 [http-nio-8080-exec-5] DEBUG c.e.s.m.E.updateLastLogin - ==>  Preparing: UPDATE EMPLOYEE SET LAST_LOGIN_TIME = CURRENT_TIMESTAMP, LAST_LOGIN_IP = ?, UPDATED_AT = CURRENT_TIMESTAMP WHERE EMP_ID = ?
2026-06-05 18:06:03.636 [http-nio-8080-exec-5] DEBUG c.e.s.m.E.updateLastLogin - ==> Parameters: 0:0:0:0:0:0:0:1(String), admin(String)
2026-06-05 18:06:03.636 [http-nio-8080-exec-5] INFO  jdbc.sqlonly - UPDATE EMPLOYEE
        SET LAST_LOGIN_TIME = CURRENT_TIMESTAMP,
            LAST_LOGIN_IP   = '0:0:0:0:0:0:0:1',
            UPDATED_AT      = CURRENT_TIMESTAMP
        WHERE EMP_ID = 'admin'

2026-06-05 18:06:03.674 [http-nio-8080-exec-5] DEBUG c.e.s.m.E.updateLastLogin - <==    Updates: 1
2026-06-05 18:06:05.187 [http-nio-8080-exec-10] DEBUG c.e.s.m.D.selectKpiSummary - ==>  Preparing: SELECT 1204500 AS totalSendCount, 98.5 AS successRate, 12400 AS failCount, 3500000 AS estimatedCost FROM DUAL
2026-06-05 18:06:05.187 [http-nio-8080-exec-10] DEBUG c.e.s.m.D.selectKpiSummary - ==> Parameters: 
2026-06-05 18:06:05.188 [http-nio-8080-exec-10] INFO  jdbc.sqlonly - SELECT 
            1204500 AS totalSendCount,
            98.5 AS successRate,
            12400 AS failCount,
            3500000 AS estimatedCost
        FROM DUAL

2026-06-05 18:06:05.194 [http-nio-8080-exec-10] DEBUG c.e.s.m.D.selectKpiSummary - <==      Total: 1
2026-06-05 18:06:05.197 [http-nio-8080-exec-10] DEBUG c.e.s.m.D.selectWeeklyTrend - ==>  Preparing: SELECT '월요일' AS dayOfWeek, 240000 AS sendCount, 80 AS percentage FROM DUAL UNION ALL SELECT '화요일' AS dayOfWeek, 180500 AS sendCount, 60 AS percentage FROM DUAL UNION ALL SELECT '수요일' AS dayOfWeek, 310200 AS sendCount, 95 AS percentage FROM DUAL UNION ALL SELECT '목요일' AS dayOfWeek, 150000 AS sendCount, 50 AS percentage FROM DUAL UNION ALL SELECT '금요일' AS dayOfWeek, 290000 AS sendCount, 85 AS percentage FROM DUAL
2026-06-05 18:06:05.198 [http-nio-8080-exec-10] DEBUG c.e.s.m.D.selectWeeklyTrend - ==> Parameters: 
2026-06-05 18:06:05.198 [http-nio-8080-exec-10] INFO  jdbc.sqlonly - SELECT '월요일' AS dayOfWeek, 240000 AS sendCount, 80 AS percentage FROM DUAL UNION ALL
        SELECT '화요일' AS dayOfWeek, 180500 AS sendCount, 60 AS percentage FROM DUAL UNION ALL
        SELECT '수요일' AS dayOfWeek, 310200 AS sendCount, 95 AS percentage FROM DUAL UNION ALL
        SELECT '목요일' AS dayOfWeek, 150000 AS sendCount, 50 AS percentage FROM DUAL UNION ALL
        SELECT '금요일' AS dayOfWeek, 290000 AS sendCount, 85 AS percentage FROM DUAL

2026-06-05 18:06:05.201 [http-nio-8080-exec-10] DEBUG c.e.s.m.D.selectWeeklyTrend - <==      Total: 5
2026-06-05 18:06:05.203 [http-nio-8080-exec-10] DEBUG c.e.s.m.D.selectChannelRatio - ==>  Preparing: SELECT '단문 (SMS)' AS channelName, 65.0 AS ratio, 'bg-primary' AS colorClass FROM DUAL UNION ALL SELECT '장문 (LMS)' AS channelName, 20.5 AS ratio, 'bg-success' AS colorClass FROM DUAL UNION ALL SELECT '알림톡' AS channelName, 10.0 AS ratio, 'bg-warning' AS colorClass FROM DUAL UNION ALL SELECT 'MMS (이미지)' AS channelName, 4.5 AS ratio, 'bg-danger' AS colorClass FROM DUAL
2026-06-05 18:06:05.203 [http-nio-8080-exec-10] DEBUG c.e.s.m.D.selectChannelRatio - ==> Parameters: 
2026-06-05 18:06:05.203 [http-nio-8080-exec-10] INFO  jdbc.sqlonly - SELECT '단문 (SMS)' AS channelName, 65.0 AS ratio, 'bg-primary' AS colorClass FROM DUAL UNION ALL
        SELECT '장문 (LMS)' AS channelName, 20.5 AS ratio, 'bg-success' AS colorClass FROM DUAL UNION ALL
        SELECT '알림톡' AS channelName, 10.0 AS ratio, 'bg-warning' AS colorClass FROM DUAL UNION ALL
        SELECT 'MMS (이미지)' AS channelName, 4.5 AS ratio, 'bg-danger' AS colorClass FROM DUAL

2026-06-05 18:06:05.207 [http-nio-8080-exec-10] DEBUG c.e.s.m.D.selectChannelRatio - <==      Total: 4
2026-06-05 18:06:05.208 [http-nio-8080-exec-10] DEBUG c.e.s.m.D.selectRecentFailLogs - ==>  Preparing: SELECT '2026-06-01 13:42:11' AS failDate, 'SMS' AS sendType, '010-****-1234' AS receiverNo, 'ERR_001' AS errorCode, '결번 / 없는 번호 (통신사 반환)' AS failReason FROM DUAL UNION ALL SELECT '2026-06-01 13:10:05' AS failDate, 'LMS' AS sendType, '010-****-5678' AS receiverNo, 'ERR_042' AS errorCode, '수신자 단말기 전원 꺼짐 (TimeOut)' AS failReason FROM DUAL UNION ALL SELECT '2026-06-01 12:55:30' AS failDate, 'ALIMTALK' AS sendType, '010-****-9999' AS receiverNo, 'ERR_K01' AS errorCode, '카카오톡 채널 차단 고객' AS failReason FROM DUAL UNION ALL SELECT '2026-06-01 11:20:44' AS failDate, 'SMS' AS sendType, '010-****-1111' AS receiverNo, 'ERR_003' AS errorCode, '통신사 스팸 필터링 차단' AS failReason FROM DUAL UNION ALL SELECT '2026-06-01 09:05:12' AS failDate, 'MMS' AS sendType, '010-****-2222' AS receiverNo, 'ERR_099' AS errorCode, '첨부 이미지 용량 초과 (300KB 제한)' AS failReason FROM DUAL
2026-06-05 18:06:05.209 [http-nio-8080-exec-10] DEBUG c.e.s.m.D.selectRecentFailLogs - ==> Parameters: 
2026-06-05 18:06:05.209 [http-nio-8080-exec-10] INFO  jdbc.sqlonly - SELECT '2026-06-01 13:42:11' AS failDate, 'SMS' AS sendType, '010-****-1234' AS receiverNo, 'ERR_001' AS errorCode, '결번 / 없는 번호 (통신사 반환)' AS failReason FROM DUAL UNION ALL
        SELECT '2026-06-01 13:10:05' AS failDate, 'LMS' AS sendType, '010-****-5678' AS receiverNo, 'ERR_042' AS errorCode, '수신자 단말기 전원 꺼짐 (TimeOut)' AS failReason FROM DUAL UNION ALL
        SELECT '2026-06-01 12:55:30' AS failDate, 'ALIMTALK' AS sendType, '010-****-9999' AS receiverNo, 'ERR_K01' AS errorCode, '카카오톡 채널 차단 고객' AS failReason FROM DUAL UNION ALL
        SELECT '2026-06-01 11:20:44' AS failDate, 'SMS' AS sendType, '010-****-1111' AS receiverNo, 'ERR_003' AS errorCode, '통신사 스팸 필터링 차단' AS failReason FROM DUAL UNION ALL
        SELECT '2026-06-01 09:05:12' AS failDate, 'MMS' AS sendType, '010-****-2222' AS receiverNo, 'ERR_099' AS errorCode, '첨부 이미지 용량 초과 (300KB 제한)' AS failReason FROM DUAL

2026-06-05 18:06:05.214 [http-nio-8080-exec-10] DEBUG c.e.s.m.D.selectRecentFailLogs - <==      Total: 5
2026-06-05 18:08:46.432 [background-preinit] INFO  o.h.validator.internal.util.Version - HV000001: Hibernate Validator 8.0.1.Final
2026-06-05 18:08:46.499 [main] INFO  com.example.sms.SmsApplication - Starting SmsApplication using Java 21.0.7 with PID 27220 (C:\Work\sms-project-v2\target\classes started by ndk20 in C:\Work\sms-project-v2)
2026-06-05 18:08:46.500 [main] DEBUG com.example.sms.SmsApplication - Running with Spring Boot v3.3.0, Spring v6.1.8
2026-06-05 18:08:46.501 [main] INFO  com.example.sms.SmsApplication - The following 1 profile is active: "dev"
2026-06-05 18:08:48.548 [main] INFO  o.s.d.r.c.RepositoryConfigurationDelegate - Bootstrapping Spring Data LDAP repositories in DEFAULT mode.
2026-06-05 18:08:48.584 [main] INFO  o.s.d.r.c.RepositoryConfigurationDelegate - Finished Spring Data repository scanning in 22 ms. Found 0 LDAP repository interfaces.
2026-06-05 18:08:50.086 [main] INFO  o.s.b.w.e.tomcat.TomcatWebServer - Tomcat initialized with port 8080 (http)
2026-06-05 18:08:50.091 [main] INFO  o.a.c.core.AprLifecycleListener - An older version [1.3.1] of the Apache Tomcat Native library is installed, while Tomcat recommends a minimum version of [2.0.5]
2026-06-05 18:08:50.092 [main] INFO  o.a.c.core.AprLifecycleListener - Loaded Apache Tomcat Native library [1.3.1] using APR version [1.7.4].
2026-06-05 18:08:50.098 [main] INFO  o.a.c.core.AprLifecycleListener - OpenSSL successfully initialized [OpenSSL 3.0.14 4 Jun 2024]
2026-06-05 18:08:50.108 [main] INFO  o.a.coyote.http11.Http11NioProtocol - Initializing ProtocolHandler ["http-nio-8080"]
2026-06-05 18:08:50.112 [main] INFO  o.a.catalina.core.StandardService - Starting service [Tomcat]
2026-06-05 18:08:50.112 [main] INFO  o.a.catalina.core.StandardEngine - Starting Servlet engine: [Apache Tomcat/10.1.24]
2026-06-05 18:08:50.224 [main] INFO  o.a.c.c.C.[Tomcat].[localhost].[/] - Initializing Spring embedded WebApplicationContext
2026-06-05 18:08:50.224 [main] INFO  o.s.b.w.s.c.ServletWebServerApplicationContext - Root WebApplicationContext: initialization completed in 3243 ms
2026-06-05 18:08:52.421 [main] INFO  o.s.s.c.a.a.c.InitializeUserDetailsBeanManagerConfigurer$InitializeUserDetailsManagerConfigurer - Global AuthenticationManager configured with UserDetailsService bean with name devUserDetailsService
2026-06-05 18:08:52.569 [main] INFO  o.s.b.a.w.s.WelcomePageHandlerMapping - Adding welcome page template: index
2026-06-05 18:08:53.179 [main] INFO  o.s.l.c.s.AbstractContextSource - Property 'userDn' not set - anonymous context will be used for read-only operations
2026-06-05 18:08:53.514 [main] INFO  o.s.b.a.e.web.EndpointLinksResolver - Exposing 1 endpoint beneath base path '/actuator'
2026-06-05 18:08:53.791 [main] INFO  o.s.s.web.DefaultSecurityFilterChain - Will secure any request with [org.springframework.security.web.session.DisableEncodeUrlFilter@470a446f, org.springframework.security.web.context.request.async.WebAsyncManagerIntegrationFilter@55315a00, org.springframework.security.web.context.SecurityContextHolderFilter@b5d7233, org.springframework.security.web.header.HeaderWriterFilter@393e7546, org.springframework.web.filter.CorsFilter@4942e6af, org.springframework.security.web.authentication.logout.LogoutFilter@75fa9254, org.springframework.security.web.authentication.UsernamePasswordAuthenticationFilter@58d79479, org.springframework.security.web.savedrequest.RequestCacheAwareFilter@1fe7fa16, org.springframework.security.web.servletapi.SecurityContextHolderAwareRequestFilter@1eab0700, org.springframework.security.web.authentication.AnonymousAuthenticationFilter@73a1a1b4, org.springframework.security.web.access.ExceptionTranslationFilter@f0381f0, org.springframework.security.web.access.intercept.AuthorizationFilter@5e72c82a]
2026-06-05 18:08:55.004 [main] INFO  o.a.coyote.http11.Http11NioProtocol - Starting ProtocolHandler ["http-nio-8080"]
2026-06-05 18:08:55.063 [main] INFO  o.s.b.w.e.tomcat.TomcatWebServer - Tomcat started on port 8080 (http) with context path '/'
2026-06-05 18:08:55.083 [main] INFO  com.example.sms.SmsApplication - Started SmsApplication in 9.403 seconds (process running for 10.357)
2026-06-05 18:08:55.105 [main] INFO  com.zaxxer.hikari.HikariDataSource - HikariPool-1 - Starting...
2026-06-05 18:08:55.511 [main] INFO  com.zaxxer.hikari.pool.HikariPool - HikariPool-1 - Added connection net.sf.log4jdbc.sql.jdbcapi.ConnectionSpy@74ed7111
2026-06-05 18:08:55.516 [main] INFO  com.zaxxer.hikari.HikariDataSource - HikariPool-1 - Start completed.
2026-06-05 18:08:55.590 [main] INFO  jdbc.sqlonly - CREATE USER SMS IDENTIFIED BY 1234

2026-06-05 18:08:55.600 [main] ERROR jdbc.sqlonly - 1. Statement.execute(CREATE USER SMS IDENTIFIED BY 1234) CREATE USER SMS IDENTIFIED BY 1234

java.sql.SQLSyntaxErrorException: ORA-01920: 사용자명 'SMS'(이)가 다른 사용자나 롤 이름과 상충됩니다

	at oracle.jdbc.driver.T4CTTIoer11.processError(T4CTTIoer11.java:629)
	at oracle.jdbc.driver.T4CTTIoer11.processError(T4CTTIoer11.java:563)
	at oracle.jdbc.driver.T4C8Oall.processError(T4C8Oall.java:1230)
	at oracle.jdbc.driver.T4CTTIfun.receive(T4CTTIfun.java:771)
	at oracle.jdbc.driver.T4CTTIfun.doRPC(T4CTTIfun.java:298)
	at oracle.jdbc.driver.T4C8Oall.doOALL(T4C8Oall.java:511)
	at oracle.jdbc.driver.T4CStatement.doOall8(T4CStatement.java:122)
	at oracle.jdbc.driver.T4CStatement.executeForRows(T4CStatement.java:1199)
	at oracle.jdbc.driver.OracleStatement.executeSQLStatement(OracleStatement.java:1819)
	at oracle.jdbc.driver.OracleStatement.doExecuteWithTimeout(OracleStatement.java:1471)
	at oracle.jdbc.driver.OracleStatement.executeInternal(OracleStatement.java:2504)
	at oracle.jdbc.driver.OracleStatement.execute(OracleStatement.java:2459)
	at oracle.jdbc.driver.OracleStatementWrapper.execute(OracleStatementWrapper.java:327)
	at net.sf.log4jdbc.sql.jdbcapi.StatementSpy.execute(StatementSpy.java:923)
	at com.zaxxer.hikari.pool.ProxyStatement.execute(ProxyStatement.java:94)
	at com.zaxxer.hikari.pool.HikariProxyStatement.execute(HikariProxyStatement.java)
	at org.springframework.jdbc.core.JdbcTemplate$1ExecuteStatementCallback.doInStatement(JdbcTemplate.java:435)
	at org.springframework.jdbc.core.JdbcTemplate.execute(JdbcTemplate.java:393)
	at org.springframework.jdbc.core.JdbcTemplate.execute(JdbcTemplate.java:444)
	at com.example.sms.config.TableInitRunner.run(TableInitRunner.java:20)
	at org.springframework.boot.SpringApplication.lambda$callRunner$5(SpringApplication.java:790)
	at org.springframework.util.function.ThrowingConsumer$1.acceptWithException(ThrowingConsumer.java:83)
	at org.springframework.util.function.ThrowingConsumer.accept(ThrowingConsumer.java:60)
	at org.springframework.util.function.ThrowingConsumer$1.accept(ThrowingConsumer.java:88)
	at org.springframework.boot.SpringApplication.callRunner(SpringApplication.java:798)
	at org.springframework.boot.SpringApplication.callRunner(SpringApplication.java:789)
	at org.springframework.boot.SpringApplication.lambda$callRunners$3(SpringApplication.java:774)
	at java.base/java.util.stream.ForEachOps$ForEachOp$OfRef.accept(ForEachOps.java:184)
	at java.base/java.util.stream.SortedOps$SizedRefSortingSink.end(SortedOps.java:357)
	at java.base/java.util.stream.AbstractPipeline.copyInto(AbstractPipeline.java:510)
	at java.base/java.util.stream.AbstractPipeline.wrapAndCopyInto(AbstractPipeline.java:499)
	at java.base/java.util.stream.ForEachOps$ForEachOp.evaluateSequential(ForEachOps.java:151)
	at java.base/java.util.stream.ForEachOps$ForEachOp$OfRef.evaluateSequential(ForEachOps.java:174)
	at java.base/java.util.stream.AbstractPipeline.evaluate(AbstractPipeline.java:234)
	at java.base/java.util.stream.ReferencePipeline.forEach(ReferencePipeline.java:596)
	at org.springframework.boot.SpringApplication.callRunners(SpringApplication.java:774)
	at org.springframework.boot.SpringApplication.run(SpringApplication.java:342)
	at org.springframework.boot.SpringApplication.run(SpringApplication.java:1363)
	at org.springframework.boot.SpringApplication.run(SpringApplication.java:1352)
	at com.example.sms.SmsApplication.main(SmsApplication.java:14)
Caused by: oracle.jdbc.OracleDatabaseException: ORA-01920: 사용자명 'SMS'(이)가 다른 사용자나 롤 이름과 상충됩니다

	at oracle.jdbc.driver.T4CTTIoer11.processError(T4CTTIoer11.java:636)
	... 39 common frames omitted
2026-06-05 18:08:55.617 [main] INFO  jdbc.sqlonly - BEGIN
  EXECUTE IMMEDIATE 'CREATE TABLE TB_DEP (
      DEPT_ID VARCHAR2(12) PRIMARY KEY,
      DEP_NM VARCHAR2(20),
      WRT_DTTM CHAR(14),
      DEL_DTTM CHAR(14),
      ACT_YN CHAR(1)
  )';
EXCEPTION
  WHEN OTHERS THEN
    IF SQLCODE != -955 THEN RAISE; END IF;
END;

2026-06-05 18:08:55.623 [main] INFO  jdbc.sqlonly - BEGIN
  EXECUTE IMMEDIATE 'CREATE TABLE TB_EMP (
      EMP_ID VARCHAR2(12) NOT NULL,
      DEPT_ID VARCHAR2(12) NOT NULL,
      EMP_PASS VARCHAR2(24) NULL,
      EMP_NM VARCHAR2(20) NULL,
      EMP_LEV CHAR(1) NULL,
      REG_DTTM VARCHAR2(14) NULL,
      MAX_SEND_CNT NUMBER NULL,
      PERM_CPN CHAR(1) NULL,
      PERM_SYS CHAR(1) NULL,
      PERM_STA CHAR(1) NULL,
      NOW_SEND_CNT NUMBER NULL,
      LAST_SEND_DT CHAR(8) NULL,
      LOGIN_FAIL_CNT NUMBER NULL,
      EMP_PHONE VARCHAR2(15) NULL,
      PERM_PSN CHAR(1) NULL,
      PERM_AUT CHAR(1) NULL,
      PERM_CPN_AGREE CHAR(1) NULL,
      DEL_DTTM VARCHAR2(14) NULL,
      ACT_YN CHAR(1) NULL,
      LAST_LOGIN_DTTM VARCHAR2(14) NULL,
      PASS_UPDATE_DTTM CHAR(14) NULL,
      PASS_UPDATE_YN CHAR(1) DEFAULT ''N'' NOT NULL,
      PERM_SND_CANCEL CHAR(1) NULL,
      UPDATE_DTTM CHAR(14) NULL,
      PERM_NOM CHAR(1) NULL,
      PERM_NOM_AGREE CHAR(1) NULL,
      PERM_MMS CHAR(1) NULL,
      PERM_MMS_AGREE CHAR(1) NULL,
      OLD_PWD1 VARCHAR2(24) NULL,
      OLD_PWD2 VARCHAR2(24) NULL,
      OLD_PWD3 VARCHAR2(24) NULL,
      OLD_PWD4 VARCHAR2(24) NULL,
      OLD_PWD5 VARCHAR2(24) NULL,
      OLD_PWD6 VARCHAR2(24) NULL,
      OLD_PWD7 VARCHAR2(24) NULL,
      OLD_PWD8 VARCHAR2(24) NULL,
      OLD_PWD9 VARCHAR2(24) NULL,
      OLD_PWD10 VARCHAR2(24) NULL,
      MFA_YN CHAR(1) NULL,
      CONSTRAINT EMP_PK PRIMARY KEY (EMP_ID, DEPT_ID)
  )';
EXCEPTION
  WHEN OTHERS THEN
    IF SQLCODE != -955 THEN RAISE; END IF;
END;

2026-06-05 18:08:55.634 [main] INFO  jdbc.sqlonly - SELECT COUNT(1) FROM EMPLOYEE WHERE EMP_ID = 'admin'

2026-06-05 18:08:55.716 [main] INFO  jdbc.sqlonly - SELECT COUNT(1) FROM TB_DEP

2026-06-05 18:08:55.720 [main] INFO  jdbc.sqlonly - BEGIN
  EXECUTE IMMEDIATE 'CREATE TABLE TB_PRIVACY_AUDIT_LOG (
      log_id NUMBER GENERATED ALWAYS AS IDENTITY PRIMARY KEY,
      executor_id VARCHAR2(50) NOT NULL,
      executor_ip VARCHAR2(50),
      request_url VARCHAR2(200),
      action_type VARCHAR2(100) NOT NULL,
      target_data VARCHAR2(500),
      created_at TIMESTAMP DEFAULT CURRENT_TIMESTAMP
  )';
EXCEPTION
  WHEN OTHERS THEN
    IF SQLCODE != -955 THEN RAISE; END IF;
END;

2026-06-05 18:08:55.725 [main] INFO  jdbc.sqlonly - BEGIN
  EXECUTE IMMEDIATE 'CREATE TABLE TB_ATTACH_FILE (
      file_id NUMBER GENERATED ALWAYS AS IDENTITY PRIMARY KEY,
      original_name VARCHAR2(300) NOT NULL,
      save_name VARCHAR2(300) NOT NULL,
      file_path VARCHAR2(500) NOT NULL,
      file_size NUMBER,
      ext VARCHAR2(10),
      created_at TIMESTAMP DEFAULT CURRENT_TIMESTAMP
  )';
EXCEPTION
  WHEN OTHERS THEN
    IF SQLCODE != -955 THEN RAISE; END IF;
END;

2026-06-05 18:08:55.732 [main] INFO  jdbc.sqlonly - BEGIN
  EXECUTE IMMEDIATE 'CREATE TABLE TB_MESSAGE (
      MSG_ID      NUMBER GENERATED ALWAYS AS IDENTITY PRIMARY KEY,
      DEPT_ID     VARCHAR2(50),
      MSG_CODE    VARCHAR2(50) UNIQUE NOT NULL,
      MSG_TYPE    VARCHAR2(20) DEFAULT ''NORMAL'' NOT NULL,
      MSG_TITLE   VARCHAR2(200) NOT NULL,
      MSG_CONTENT CLOB,
      FORBID_YN   CHAR(1) DEFAULT ''N'',
      SEND_POINT  VARCHAR2(100),
      USE_YN      CHAR(1) DEFAULT ''Y'',
      REG_ID      VARCHAR2(50),
      REG_DT      TIMESTAMP DEFAULT CURRENT_TIMESTAMP,
      UPD_ID      VARCHAR2(50),
      UPD_DT      TIMESTAMP
  )';
EXCEPTION
  WHEN OTHERS THEN
    IF SQLCODE != -955 THEN RAISE; END IF;
END;

2026-06-05 18:08:55.738 [main] INFO  jdbc.sqlonly - BEGIN
  EXECUTE IMMEDIATE 'CREATE TABLE TB_BANK (
      BANK_CD  VARCHAR2(10)  PRIMARY KEY,
      BANK_NM  VARCHAR2(100) NOT NULL,
      SWIFT_CD VARCHAR2(20),
      USE_YN   CHAR(1) DEFAULT ''Y''
  )';
EXCEPTION WHEN OTHERS THEN IF SQLCODE != -955 THEN RAISE; END IF;
END;

2026-06-05 18:08:55.772 [main] INFO  jdbc.sqlonly - SELECT COUNT(1) FROM TB_BANK WHERE BANK_CD = 'KB'

2026-06-05 18:08:55.780 [main] INFO  jdbc.sqlonly - SELECT COUNT(1) FROM TB_BANK WHERE BANK_CD = 'SHIN'

2026-06-05 18:08:55.783 [main] INFO  jdbc.sqlonly - SELECT COUNT(1) FROM TB_BANK WHERE BANK_CD = 'WOORI'

2026-06-05 18:08:55.787 [main] INFO  jdbc.sqlonly - SELECT COUNT(1) FROM TB_BANK WHERE BANK_CD = 'HANA'

2026-06-05 18:08:55.789 [main] INFO  jdbc.sqlonly - SELECT COUNT(1) FROM TB_BANK WHERE BANK_CD = 'IBK'

2026-06-05 18:08:55.792 [main] INFO  jdbc.sqlonly - SELECT COUNT(1) FROM TB_BANK WHERE BANK_CD = 'KEB'

2026-06-05 18:08:55.796 [main] INFO  jdbc.sqlonly - SELECT COUNT(1) FROM TB_BANK WHERE BANK_CD = 'NH'

2026-06-05 18:08:55.798 [main] INFO  jdbc.sqlonly - SELECT COUNT(1) FROM TB_BANK WHERE BANK_CD = 'SC'

2026-06-05 18:08:55.801 [main] INFO  jdbc.sqlonly - SELECT COUNT(1) FROM TB_BANK WHERE BANK_CD = 'CITI'

2026-06-05 18:08:55.804 [main] INFO  jdbc.sqlonly - SELECT COUNT(1) FROM TB_BANK WHERE BANK_CD = 'DGB'

2026-06-05 18:08:55.806 [main] INFO  jdbc.sqlonly - SELECT COUNT(1) FROM TB_BANK WHERE BANK_CD = 'BNK'

2026-06-05 18:08:55.808 [main] INFO  jdbc.sqlonly - SELECT COUNT(1) FROM TB_BANK WHERE BANK_CD = 'JB'

2026-06-05 18:08:55.812 [main] INFO  jdbc.sqlonly - SELECT COUNT(1) FROM TB_BANK WHERE BANK_CD = 'KDB'

2026-06-05 18:08:55.815 [main] INFO  jdbc.sqlonly - SELECT COUNT(1) FROM TB_BANK WHERE BANK_CD = 'KIBO'

2026-06-05 18:08:55.818 [main] INFO  jdbc.sqlonly - BEGIN
  EXECUTE IMMEDIATE 'CREATE TABLE TB_CUSTOMER_SSN (
      PHONE_NO     VARCHAR2(20) PRIMARY KEY,
      SSN_MASKED   VARCHAR2(14),
      HOLDER_NAME  VARCHAR2(100),
      DEPT_NM      VARCHAR2(100),
      INTERMEDIARY VARCHAR2(100),
      REG_DT       TIMESTAMP DEFAULT CURRENT_TIMESTAMP
  )';
EXCEPTION WHEN OTHERS THEN IF SQLCODE != -955 THEN RAISE; END IF;
END;

2026-06-05 18:08:55.822 [main] INFO  jdbc.sqlonly - SELECT COUNT(1) FROM USER_TAB_COLUMNS WHERE TABLE_NAME = 'EMPLOYEE' AND COLUMN_NAME = 'MFA_YN'

2026-06-05 18:08:55.828 [main] INFO  jdbc.sqlonly - SELECT COUNT(1) FROM USER_TAB_COLUMNS WHERE TABLE_NAME = 'CAMPAIGN' AND COLUMN_NAME = 'REG_ID'

2026-06-05 18:08:55.832 [main] INFO  jdbc.sqlonly - SELECT COUNT(1) FROM USER_TAB_COLUMNS WHERE TABLE_NAME = 'CAMPAIGN' AND COLUMN_NAME = 'TARGET_COUNT'

2026-06-05 18:08:55.835 [main] INFO  jdbc.sqlonly - SELECT COUNT(1) FROM USER_TAB_COLUMNS WHERE TABLE_NAME = 'CAMPAIGN' AND COLUMN_NAME = 'APRV_USER'

2026-06-05 18:08:55.838 [main] INFO  jdbc.sqlonly - SELECT COUNT(1) FROM USER_TAB_COLUMNS WHERE TABLE_NAME = 'CAMPAIGN' AND COLUMN_NAME = 'APRV_DT'

2026-06-05 18:08:55.842 [main] INFO  jdbc.sqlonly - SELECT COUNT(1) FROM TB_SMS_HISTORY

2026-06-05 18:08:55.846 [main] INFO  jdbc.sqlonly - DELETE FROM TB_GROUP_CONTACT_MAP

2026-06-05 18:08:55.856 [main] INFO  jdbc.sqlonly - DELETE FROM TB_CONTACT

2026-06-05 18:08:55.863 [main] INFO  jdbc.sqlonly - SELECT GROUP_ID FROM (SELECT GROUP_ID FROM TB_CONTACT_GROUP ORDER BY GROUP_ID DESC) WHERE ROWNUM <= 5

2026-06-05 18:08:55.870 [main] INFO  jdbc.sqlonly - INSERT INTO TB_CONTACT (CONTACT_NM, PHONE_NO, COMPANY_NM, REG_DT, REG_ID) VALUES ('테스트고객1', '010-0001-0001', '(주)테스트기업2', SYSDATE, 'SYSTEM')

2026-06-05 18:08:55.878 [main] INFO  jdbc.sqlonly - INSERT INTO TB_CONTACT (CONTACT_NM, PHONE_NO, COMPANY_NM, REG_DT, REG_ID) VALUES ('테스트고객2', '010-0002-0002', '(주)테스트기업3', SYSDATE, 'SYSTEM')

2026-06-05 18:08:55.883 [main] INFO  jdbc.sqlonly - INSERT INTO TB_CONTACT (CONTACT_NM, PHONE_NO, COMPANY_NM, REG_DT, REG_ID) VALUES ('테스트고객3', '010-0003-0003', '(주)테스트기업1', SYSDATE, 'SYSTEM')

2026-06-05 18:08:55.889 [main] INFO  jdbc.sqlonly - INSERT INTO TB_CONTACT (CONTACT_NM, PHONE_NO, COMPANY_NM, REG_DT, REG_ID) VALUES ('테스트고객4', '010-0004-0004', '(주)테스트기업2', SYSDATE, 'SYSTEM')

2026-06-05 18:08:55.895 [main] INFO  jdbc.sqlonly - INSERT INTO TB_CONTACT (CONTACT_NM, PHONE_NO, COMPANY_NM, REG_DT, REG_ID) VALUES ('테스트고객5', '010-0005-0005', '(주)테스트기업3', SYSDATE, 'SYSTEM')

2026-06-05 18:08:55.901 [main] INFO  jdbc.sqlonly - INSERT INTO TB_CONTACT (CONTACT_NM, PHONE_NO, COMPANY_NM, REG_DT, REG_ID) VALUES ('테스트고객6', '010-0006-0006', '(주)테스트기업1', SYSDATE, 'SYSTEM')

2026-06-05 18:08:55.906 [main] INFO  jdbc.sqlonly - INSERT INTO TB_CONTACT (CONTACT_NM, PHONE_NO, COMPANY_NM, REG_DT, REG_ID) VALUES ('테스트고객7', '010-0007-0007', '(주)테스트기업2', SYSDATE, 'SYSTEM')

2026-06-05 18:08:55.913 [main] INFO  jdbc.sqlonly - INSERT INTO TB_CONTACT (CONTACT_NM, PHONE_NO, COMPANY_NM, REG_DT, REG_ID) VALUES ('테스트고객8', '010-0008-0008', '(주)테스트기업3', SYSDATE, 'SYSTEM')

2026-06-05 18:08:55.918 [main] INFO  jdbc.sqlonly - INSERT INTO TB_CONTACT (CONTACT_NM, PHONE_NO, COMPANY_NM, REG_DT, REG_ID) VALUES ('테스트고객9', '010-0009-0009', '(주)테스트기업1', SYSDATE, 'SYSTEM')

2026-06-05 18:08:55.923 [main] INFO  jdbc.sqlonly - INSERT INTO TB_CONTACT (CONTACT_NM, PHONE_NO, COMPANY_NM, REG_DT, REG_ID) VALUES ('테스트고객10', '010-0010-0010', '(주)테스트기업2', SYSDATE, 'SYSTEM')

2026-06-05 18:08:55.928 [main] INFO  jdbc.sqlonly - INSERT INTO TB_CONTACT (CONTACT_NM, PHONE_NO, COMPANY_NM, REG_DT, REG_ID) VALUES ('테스트고객11', '010-0011-0011', '(주)테스트기업3', SYSDATE, 'SYSTEM')

2026-06-05 18:08:55.934 [main] INFO  jdbc.sqlonly - INSERT INTO TB_CONTACT (CONTACT_NM, PHONE_NO, COMPANY_NM, REG_DT, REG_ID) VALUES ('테스트고객12', '010-0012-0012', '(주)테스트기업1', SYSDATE, 'SYSTEM')

2026-06-05 18:08:55.939 [main] INFO  jdbc.sqlonly - INSERT INTO TB_CONTACT (CONTACT_NM, PHONE_NO, COMPANY_NM, REG_DT, REG_ID) VALUES ('테스트고객13', '010-0013-0013', '(주)테스트기업2', SYSDATE, 'SYSTEM')

2026-06-05 18:08:55.944 [main] INFO  jdbc.sqlonly - INSERT INTO TB_CONTACT (CONTACT_NM, PHONE_NO, COMPANY_NM, REG_DT, REG_ID) VALUES ('테스트고객14', '010-0014-0014', '(주)테스트기업3', SYSDATE, 'SYSTEM')

2026-06-05 18:08:55.949 [main] INFO  jdbc.sqlonly - INSERT INTO TB_CONTACT (CONTACT_NM, PHONE_NO, COMPANY_NM, REG_DT, REG_ID) VALUES ('테스트고객15', '010-0015-0015', '(주)테스트기업1', SYSDATE, 'SYSTEM')

2026-06-05 18:08:55.954 [main] INFO  jdbc.sqlonly - INSERT INTO TB_CONTACT (CONTACT_NM, PHONE_NO, COMPANY_NM, REG_DT, REG_ID) VALUES ('테스트고객16', '010-0016-0016', '(주)테스트기업2', SYSDATE, 'SYSTEM')

2026-06-05 18:08:55.959 [main] INFO  jdbc.sqlonly - INSERT INTO TB_CONTACT (CONTACT_NM, PHONE_NO, COMPANY_NM, REG_DT, REG_ID) VALUES ('테스트고객17', '010-0017-0017', '(주)테스트기업3', SYSDATE, 'SYSTEM')

2026-06-05 18:08:55.966 [main] INFO  jdbc.sqlonly - INSERT INTO TB_CONTACT (CONTACT_NM, PHONE_NO, COMPANY_NM, REG_DT, REG_ID) VALUES ('테스트고객18', '010-0018-0018', '(주)테스트기업1', SYSDATE, 'SYSTEM')

2026-06-05 18:08:55.971 [main] INFO  jdbc.sqlonly - INSERT INTO TB_CONTACT (CONTACT_NM, PHONE_NO, COMPANY_NM, REG_DT, REG_ID) VALUES ('테스트고객19', '010-0019-0019', '(주)테스트기업2', SYSDATE, 'SYSTEM')

2026-06-05 18:08:55.976 [main] INFO  jdbc.sqlonly - INSERT INTO TB_CONTACT (CONTACT_NM, PHONE_NO, COMPANY_NM, REG_DT, REG_ID) VALUES ('테스트고객20', '010-0020-0020', '(주)테스트기업3', SYSDATE, 'SYSTEM')

2026-06-05 18:08:55.982 [main] INFO  jdbc.sqlonly - INSERT INTO TB_CONTACT (CONTACT_NM, PHONE_NO, COMPANY_NM, REG_DT, REG_ID) VALUES ('테스트고객21', '010-0021-0021', '(주)테스트기업1', SYSDATE, 'SYSTEM')

2026-06-05 18:08:55.988 [main] INFO  jdbc.sqlonly - INSERT INTO TB_CONTACT (CONTACT_NM, PHONE_NO, COMPANY_NM, REG_DT, REG_ID) VALUES ('테스트고객22', '010-0022-0022', '(주)테스트기업2', SYSDATE, 'SYSTEM')

2026-06-05 18:08:55.995 [main] INFO  jdbc.sqlonly - INSERT INTO TB_CONTACT (CONTACT_NM, PHONE_NO, COMPANY_NM, REG_DT, REG_ID) VALUES ('테스트고객23', '010-0023-0023', '(주)테스트기업3', SYSDATE, 'SYSTEM')

2026-06-05 18:08:56.000 [main] INFO  jdbc.sqlonly - INSERT INTO TB_CONTACT (CONTACT_NM, PHONE_NO, COMPANY_NM, REG_DT, REG_ID) VALUES ('테스트고객24', '010-0024-0024', '(주)테스트기업1', SYSDATE, 'SYSTEM')

2026-06-05 18:08:56.005 [main] INFO  jdbc.sqlonly - INSERT INTO TB_CONTACT (CONTACT_NM, PHONE_NO, COMPANY_NM, REG_DT, REG_ID) VALUES ('테스트고객25', '010-0025-0025', '(주)테스트기업2', SYSDATE, 'SYSTEM')

2026-06-05 18:08:56.010 [main] INFO  jdbc.sqlonly - INSERT INTO TB_CONTACT (CONTACT_NM, PHONE_NO, COMPANY_NM, REG_DT, REG_ID) VALUES ('테스트고객26', '010-0026-0026', '(주)테스트기업3', SYSDATE, 'SYSTEM')

2026-06-05 18:08:56.016 [main] INFO  jdbc.sqlonly - INSERT INTO TB_CONTACT (CONTACT_NM, PHONE_NO, COMPANY_NM, REG_DT, REG_ID) VALUES ('테스트고객27', '010-0027-0027', '(주)테스트기업1', SYSDATE, 'SYSTEM')

2026-06-05 18:08:56.021 [main] INFO  jdbc.sqlonly - INSERT INTO TB_CONTACT (CONTACT_NM, PHONE_NO, COMPANY_NM, REG_DT, REG_ID) VALUES ('테스트고객28', '010-0028-0028', '(주)테스트기업2', SYSDATE, 'SYSTEM')

2026-06-05 18:08:56.027 [main] INFO  jdbc.sqlonly - INSERT INTO TB_CONTACT (CONTACT_NM, PHONE_NO, COMPANY_NM, REG_DT, REG_ID) VALUES ('테스트고객29', '010-0029-0029', '(주)테스트기업3', SYSDATE, 'SYSTEM')

2026-06-05 18:08:56.033 [main] INFO  jdbc.sqlonly - INSERT INTO TB_CONTACT (CONTACT_NM, PHONE_NO, COMPANY_NM, REG_DT, REG_ID) VALUES ('테스트고객30', '010-0030-0030', '(주)테스트기업1', SYSDATE, 'SYSTEM')

2026-06-05 18:08:56.038 [main] INFO  jdbc.sqlonly - INSERT INTO TB_CONTACT (CONTACT_NM, PHONE_NO, COMPANY_NM, REG_DT, REG_ID) VALUES ('테스트고객31', '010-0031-0031', '(주)테스트기업2', SYSDATE, 'SYSTEM')

2026-06-05 18:08:56.044 [main] INFO  jdbc.sqlonly - INSERT INTO TB_CONTACT (CONTACT_NM, PHONE_NO, COMPANY_NM, REG_DT, REG_ID) VALUES ('테스트고객32', '010-0032-0032', '(주)테스트기업3', SYSDATE, 'SYSTEM')

2026-06-05 18:08:56.049 [main] INFO  jdbc.sqlonly - INSERT INTO TB_CONTACT (CONTACT_NM, PHONE_NO, COMPANY_NM, REG_DT, REG_ID) VALUES ('테스트고객33', '010-0033-0033', '(주)테스트기업1', SYSDATE, 'SYSTEM')

2026-06-05 18:08:56.054 [main] INFO  jdbc.sqlonly - INSERT INTO TB_CONTACT (CONTACT_NM, PHONE_NO, COMPANY_NM, REG_DT, REG_ID) VALUES ('테스트고객34', '010-0034-0034', '(주)테스트기업2', SYSDATE, 'SYSTEM')

2026-06-05 18:08:56.060 [main] INFO  jdbc.sqlonly - INSERT INTO TB_CONTACT (CONTACT_NM, PHONE_NO, COMPANY_NM, REG_DT, REG_ID) VALUES ('테스트고객35', '010-0035-0035', '(주)테스트기업3', SYSDATE, 'SYSTEM')

2026-06-05 18:08:56.065 [main] INFO  jdbc.sqlonly - INSERT INTO TB_CONTACT (CONTACT_NM, PHONE_NO, COMPANY_NM, REG_DT, REG_ID) VALUES ('테스트고객36', '010-0036-0036', '(주)테스트기업1', SYSDATE, 'SYSTEM')

2026-06-05 18:08:56.071 [main] INFO  jdbc.sqlonly - INSERT INTO TB_CONTACT (CONTACT_NM, PHONE_NO, COMPANY_NM, REG_DT, REG_ID) VALUES ('테스트고객37', '010-0037-0037', '(주)테스트기업2', SYSDATE, 'SYSTEM')

2026-06-05 18:08:56.076 [main] INFO  jdbc.sqlonly - INSERT INTO TB_CONTACT (CONTACT_NM, PHONE_NO, COMPANY_NM, REG_DT, REG_ID) VALUES ('테스트고객38', '010-0038-0038', '(주)테스트기업3', SYSDATE, 'SYSTEM')

2026-06-05 18:08:56.083 [main] INFO  jdbc.sqlonly - INSERT INTO TB_CONTACT (CONTACT_NM, PHONE_NO, COMPANY_NM, REG_DT, REG_ID) VALUES ('테스트고객39', '010-0039-0039', '(주)테스트기업1', SYSDATE, 'SYSTEM')

2026-06-05 18:08:56.088 [main] INFO  jdbc.sqlonly - INSERT INTO TB_CONTACT (CONTACT_NM, PHONE_NO, COMPANY_NM, REG_DT, REG_ID) VALUES ('테스트고객40', '010-0040-0040', '(주)테스트기업2', SYSDATE, 'SYSTEM')

2026-06-05 18:08:56.092 [main] INFO  jdbc.sqlonly - INSERT INTO TB_CONTACT (CONTACT_NM, PHONE_NO, COMPANY_NM, REG_DT, REG_ID) VALUES ('테스트고객41', '010-0041-0041', '(주)테스트기업3', SYSDATE, 'SYSTEM')

2026-06-05 18:08:56.099 [main] INFO  jdbc.sqlonly - INSERT INTO TB_CONTACT (CONTACT_NM, PHONE_NO, COMPANY_NM, REG_DT, REG_ID) VALUES ('테스트고객42', '010-0042-0042', '(주)테스트기업1', SYSDATE, 'SYSTEM')

2026-06-05 18:08:56.104 [main] INFO  jdbc.sqlonly - INSERT INTO TB_CONTACT (CONTACT_NM, PHONE_NO, COMPANY_NM, REG_DT, REG_ID) VALUES ('테스트고객43', '010-0043-0043', '(주)테스트기업2', SYSDATE, 'SYSTEM')

2026-06-05 18:08:56.110 [main] INFO  jdbc.sqlonly - INSERT INTO TB_CONTACT (CONTACT_NM, PHONE_NO, COMPANY_NM, REG_DT, REG_ID) VALUES ('테스트고객44', '010-0044-0044', '(주)테스트기업3', SYSDATE, 'SYSTEM')

2026-06-05 18:08:56.115 [main] INFO  jdbc.sqlonly - INSERT INTO TB_CONTACT (CONTACT_NM, PHONE_NO, COMPANY_NM, REG_DT, REG_ID) VALUES ('테스트고객45', '010-0045-0045', '(주)테스트기업1', SYSDATE, 'SYSTEM')

2026-06-05 18:08:56.120 [main] INFO  jdbc.sqlonly - INSERT INTO TB_CONTACT (CONTACT_NM, PHONE_NO, COMPANY_NM, REG_DT, REG_ID) VALUES ('테스트고객46', '010-0046-0046', '(주)테스트기업2', SYSDATE, 'SYSTEM')

2026-06-05 18:08:56.126 [main] INFO  jdbc.sqlonly - INSERT INTO TB_CONTACT (CONTACT_NM, PHONE_NO, COMPANY_NM, REG_DT, REG_ID) VALUES ('테스트고객47', '010-0047-0047', '(주)테스트기업3', SYSDATE, 'SYSTEM')

2026-06-05 18:08:56.131 [main] INFO  jdbc.sqlonly - INSERT INTO TB_CONTACT (CONTACT_NM, PHONE_NO, COMPANY_NM, REG_DT, REG_ID) VALUES ('테스트고객48', '010-0048-0048', '(주)테스트기업1', SYSDATE, 'SYSTEM')

2026-06-05 18:08:56.135 [main] INFO  jdbc.sqlonly - INSERT INTO TB_CONTACT (CONTACT_NM, PHONE_NO, COMPANY_NM, REG_DT, REG_ID) VALUES ('테스트고객49', '010-0049-0049', '(주)테스트기업2', SYSDATE, 'SYSTEM')

2026-06-05 18:08:56.140 [main] INFO  jdbc.sqlonly - INSERT INTO TB_CONTACT (CONTACT_NM, PHONE_NO, COMPANY_NM, REG_DT, REG_ID) VALUES ('테스트고객50', '010-0050-0050', '(주)테스트기업3', SYSDATE, 'SYSTEM')

2026-06-05 18:08:56.145 [main] INFO  jdbc.sqlonly - SELECT CONTACT_ID FROM TB_CONTACT

2026-06-05 18:08:56.155 [main] INFO  jdbc.sqlonly - INSERT INTO TB_GROUP_CONTACT_MAP (GROUP_ID, CONTACT_ID, REG_DT) VALUES ('205', '5821', SYSDATE)

2026-06-05 18:08:56.161 [main] INFO  jdbc.sqlonly - INSERT INTO TB_GROUP_CONTACT_MAP (GROUP_ID, CONTACT_ID, REG_DT) VALUES ('204', '5822', SYSDATE)

2026-06-05 18:08:56.166 [main] INFO  jdbc.sqlonly - INSERT INTO TB_GROUP_CONTACT_MAP (GROUP_ID, CONTACT_ID, REG_DT) VALUES ('203', '5823', SYSDATE)

2026-06-05 18:08:56.171 [main] INFO  jdbc.sqlonly - INSERT INTO TB_GROUP_CONTACT_MAP (GROUP_ID, CONTACT_ID, REG_DT) VALUES ('202', '5824', SYSDATE)

2026-06-05 18:08:56.177 [main] INFO  jdbc.sqlonly - INSERT INTO TB_GROUP_CONTACT_MAP (GROUP_ID, CONTACT_ID, REG_DT) VALUES ('201', '5825', SYSDATE)

2026-06-05 18:08:56.182 [main] INFO  jdbc.sqlonly - INSERT INTO TB_GROUP_CONTACT_MAP (GROUP_ID, CONTACT_ID, REG_DT) VALUES ('205', '5826', SYSDATE)

2026-06-05 18:08:56.187 [main] INFO  jdbc.sqlonly - INSERT INTO TB_GROUP_CONTACT_MAP (GROUP_ID, CONTACT_ID, REG_DT) VALUES ('204', '5827', SYSDATE)

2026-06-05 18:08:56.191 [main] INFO  jdbc.sqlonly - INSERT INTO TB_GROUP_CONTACT_MAP (GROUP_ID, CONTACT_ID, REG_DT) VALUES ('203', '5828', SYSDATE)

2026-06-05 18:08:56.197 [main] INFO  jdbc.sqlonly - INSERT INTO TB_GROUP_CONTACT_MAP (GROUP_ID, CONTACT_ID, REG_DT) VALUES ('202', '5829', SYSDATE)

2026-06-05 18:08:56.202 [main] INFO  jdbc.sqlonly - INSERT INTO TB_GROUP_CONTACT_MAP (GROUP_ID, CONTACT_ID, REG_DT) VALUES ('201', '5830', SYSDATE)

2026-06-05 18:08:56.206 [main] INFO  jdbc.sqlonly - INSERT INTO TB_GROUP_CONTACT_MAP (GROUP_ID, CONTACT_ID, REG_DT) VALUES ('205', '5831', SYSDATE)

2026-06-05 18:08:56.212 [main] INFO  jdbc.sqlonly - INSERT INTO TB_GROUP_CONTACT_MAP (GROUP_ID, CONTACT_ID, REG_DT) VALUES ('204', '5832', SYSDATE)

2026-06-05 18:08:56.218 [main] INFO  jdbc.sqlonly - INSERT INTO TB_GROUP_CONTACT_MAP (GROUP_ID, CONTACT_ID, REG_DT) VALUES ('203', '5833', SYSDATE)

2026-06-05 18:08:56.222 [main] INFO  jdbc.sqlonly - INSERT INTO TB_GROUP_CONTACT_MAP (GROUP_ID, CONTACT_ID, REG_DT) VALUES ('202', '5834', SYSDATE)

2026-06-05 18:08:56.227 [main] INFO  jdbc.sqlonly - INSERT INTO TB_GROUP_CONTACT_MAP (GROUP_ID, CONTACT_ID, REG_DT) VALUES ('201', '5835', SYSDATE)

2026-06-05 18:08:56.232 [main] INFO  jdbc.sqlonly - INSERT INTO TB_GROUP_CONTACT_MAP (GROUP_ID, CONTACT_ID, REG_DT) VALUES ('205', '5836', SYSDATE)

2026-06-05 18:08:56.238 [main] INFO  jdbc.sqlonly - INSERT INTO TB_GROUP_CONTACT_MAP (GROUP_ID, CONTACT_ID, REG_DT) VALUES ('204', '5837', SYSDATE)

2026-06-05 18:08:56.243 [main] INFO  jdbc.sqlonly - INSERT INTO TB_GROUP_CONTACT_MAP (GROUP_ID, CONTACT_ID, REG_DT) VALUES ('203', '5838', SYSDATE)

2026-06-05 18:08:56.249 [main] INFO  jdbc.sqlonly - INSERT INTO TB_GROUP_CONTACT_MAP (GROUP_ID, CONTACT_ID, REG_DT) VALUES ('202', '5839', SYSDATE)

2026-06-05 18:08:56.253 [main] INFO  jdbc.sqlonly - INSERT INTO TB_GROUP_CONTACT_MAP (GROUP_ID, CONTACT_ID, REG_DT) VALUES ('201', '5840', SYSDATE)

2026-06-05 18:08:56.258 [main] INFO  jdbc.sqlonly - INSERT INTO TB_GROUP_CONTACT_MAP (GROUP_ID, CONTACT_ID, REG_DT) VALUES ('205', '5841', SYSDATE)

2026-06-05 18:08:56.264 [main] INFO  jdbc.sqlonly - INSERT INTO TB_GROUP_CONTACT_MAP (GROUP_ID, CONTACT_ID, REG_DT) VALUES ('204', '5842', SYSDATE)

2026-06-05 18:08:56.269 [main] INFO  jdbc.sqlonly - INSERT INTO TB_GROUP_CONTACT_MAP (GROUP_ID, CONTACT_ID, REG_DT) VALUES ('203', '5843', SYSDATE)

2026-06-05 18:08:56.274 [main] INFO  jdbc.sqlonly - INSERT INTO TB_GROUP_CONTACT_MAP (GROUP_ID, CONTACT_ID, REG_DT) VALUES ('202', '5844', SYSDATE)

2026-06-05 18:08:56.278 [main] INFO  jdbc.sqlonly - INSERT INTO TB_GROUP_CONTACT_MAP (GROUP_ID, CONTACT_ID, REG_DT) VALUES ('201', '5845', SYSDATE)

2026-06-05 18:08:56.283 [main] INFO  jdbc.sqlonly - INSERT INTO TB_GROUP_CONTACT_MAP (GROUP_ID, CONTACT_ID, REG_DT) VALUES ('205', '5846', SYSDATE)

2026-06-05 18:08:56.287 [main] INFO  jdbc.sqlonly - INSERT INTO TB_GROUP_CONTACT_MAP (GROUP_ID, CONTACT_ID, REG_DT) VALUES ('204', '5847', SYSDATE)

2026-06-05 18:08:56.292 [main] INFO  jdbc.sqlonly - INSERT INTO TB_GROUP_CONTACT_MAP (GROUP_ID, CONTACT_ID, REG_DT) VALUES ('203', '5848', SYSDATE)

2026-06-05 18:08:56.297 [main] INFO  jdbc.sqlonly - INSERT INTO TB_GROUP_CONTACT_MAP (GROUP_ID, CONTACT_ID, REG_DT) VALUES ('202', '5849', SYSDATE)

2026-06-05 18:08:56.302 [main] INFO  jdbc.sqlonly - INSERT INTO TB_GROUP_CONTACT_MAP (GROUP_ID, CONTACT_ID, REG_DT) VALUES ('201', '5850', SYSDATE)

2026-06-05 18:08:56.307 [main] INFO  jdbc.sqlonly - INSERT INTO TB_GROUP_CONTACT_MAP (GROUP_ID, CONTACT_ID, REG_DT) VALUES ('205', '5851', SYSDATE)

2026-06-05 18:08:56.313 [main] INFO  jdbc.sqlonly - INSERT INTO TB_GROUP_CONTACT_MAP (GROUP_ID, CONTACT_ID, REG_DT) VALUES ('204', '5852', SYSDATE)

2026-06-05 18:08:56.318 [main] INFO  jdbc.sqlonly - INSERT INTO TB_GROUP_CONTACT_MAP (GROUP_ID, CONTACT_ID, REG_DT) VALUES ('203', '5853', SYSDATE)

2026-06-05 18:08:56.323 [main] INFO  jdbc.sqlonly - INSERT INTO TB_GROUP_CONTACT_MAP (GROUP_ID, CONTACT_ID, REG_DT) VALUES ('202', '5854', SYSDATE)

2026-06-05 18:08:56.328 [main] INFO  jdbc.sqlonly - INSERT INTO TB_GROUP_CONTACT_MAP (GROUP_ID, CONTACT_ID, REG_DT) VALUES ('201', '5855', SYSDATE)

2026-06-05 18:08:56.333 [main] INFO  jdbc.sqlonly - INSERT INTO TB_GROUP_CONTACT_MAP (GROUP_ID, CONTACT_ID, REG_DT) VALUES ('205', '5856', SYSDATE)

2026-06-05 18:08:56.338 [main] INFO  jdbc.sqlonly - INSERT INTO TB_GROUP_CONTACT_MAP (GROUP_ID, CONTACT_ID, REG_DT) VALUES ('204', '5857', SYSDATE)

2026-06-05 18:08:56.343 [main] INFO  jdbc.sqlonly - INSERT INTO TB_GROUP_CONTACT_MAP (GROUP_ID, CONTACT_ID, REG_DT) VALUES ('203', '5858', SYSDATE)

2026-06-05 18:08:56.348 [main] INFO  jdbc.sqlonly - INSERT INTO TB_GROUP_CONTACT_MAP (GROUP_ID, CONTACT_ID, REG_DT) VALUES ('202', '5859', SYSDATE)

2026-06-05 18:08:56.354 [main] INFO  jdbc.sqlonly - INSERT INTO TB_GROUP_CONTACT_MAP (GROUP_ID, CONTACT_ID, REG_DT) VALUES ('201', '5860', SYSDATE)

2026-06-05 18:08:56.358 [main] INFO  jdbc.sqlonly - INSERT INTO TB_GROUP_CONTACT_MAP (GROUP_ID, CONTACT_ID, REG_DT) VALUES ('205', '5861', SYSDATE)

2026-06-05 18:08:56.365 [main] INFO  jdbc.sqlonly - INSERT INTO TB_GROUP_CONTACT_MAP (GROUP_ID, CONTACT_ID, REG_DT) VALUES ('204', '5862', SYSDATE)

2026-06-05 18:08:56.370 [main] INFO  jdbc.sqlonly - INSERT INTO TB_GROUP_CONTACT_MAP (GROUP_ID, CONTACT_ID, REG_DT) VALUES ('203', '5863', SYSDATE)

2026-06-05 18:08:56.374 [main] INFO  jdbc.sqlonly - INSERT INTO TB_GROUP_CONTACT_MAP (GROUP_ID, CONTACT_ID, REG_DT) VALUES ('202', '5864', SYSDATE)

2026-06-05 18:08:56.379 [main] INFO  jdbc.sqlonly - INSERT INTO TB_GROUP_CONTACT_MAP (GROUP_ID, CONTACT_ID, REG_DT) VALUES ('201', '5865', SYSDATE)

2026-06-05 18:08:56.384 [main] INFO  jdbc.sqlonly - INSERT INTO TB_GROUP_CONTACT_MAP (GROUP_ID, CONTACT_ID, REG_DT) VALUES ('205', '5866', SYSDATE)

2026-06-05 18:08:56.388 [main] INFO  jdbc.sqlonly - INSERT INTO TB_GROUP_CONTACT_MAP (GROUP_ID, CONTACT_ID, REG_DT) VALUES ('204', '5867', SYSDATE)

2026-06-05 18:08:56.392 [main] INFO  jdbc.sqlonly - INSERT INTO TB_GROUP_CONTACT_MAP (GROUP_ID, CONTACT_ID, REG_DT) VALUES ('203', '5868', SYSDATE)

2026-06-05 18:08:56.397 [main] INFO  jdbc.sqlonly - INSERT INTO TB_GROUP_CONTACT_MAP (GROUP_ID, CONTACT_ID, REG_DT) VALUES ('202', '5869', SYSDATE)

2026-06-05 18:08:56.402 [main] INFO  jdbc.sqlonly - INSERT INTO TB_GROUP_CONTACT_MAP (GROUP_ID, CONTACT_ID, REG_DT) VALUES ('201', '5870', SYSDATE)

2026-06-05 18:08:56.407 [main] INFO  jdbc.sqlonly - DELETE FROM TB_MENU_AUTH WHERE MENU_CD IN (SELECT MENU_CD FROM TB_MENU WHERE MENU_URL LIKE '/contact%')

2026-06-05 18:08:56.411 [main] INFO  jdbc.sqlonly - DELETE FROM TB_MENU WHERE MENU_URL LIKE '/contact%'

2026-06-05 18:08:56.413 [main] INFO  jdbc.sqlonly - DELETE FROM TB_MENU_AUTH WHERE MENU_CD IN (SELECT MENU_CD FROM TB_MENU WHERE MENU_URL = '/basic/notice' AND MENU_CD != 'M_BASIC_NOTICE')

2026-06-05 18:08:56.415 [main] INFO  jdbc.sqlonly - DELETE FROM TB_MENU WHERE MENU_URL = '/basic/notice' AND MENU_CD != 'M_BASIC_NOTICE'

2026-06-05 18:08:56.417 [main] INFO  jdbc.sqlonly - DELETE FROM TB_MENU_AUTH WHERE MENU_CD IN (SELECT MENU_CD FROM TB_MENU WHERE MENU_NM = 'SMS발송조회' AND MENU_CD != 'M_SMS_SEND')

2026-06-05 18:08:56.419 [main] INFO  jdbc.sqlonly - DELETE FROM TB_MENU WHERE MENU_NM = 'SMS발송조회' AND MENU_CD != 'M_SMS_SEND'

2026-06-05 18:08:56.421 [main] INFO  jdbc.sqlonly - DELETE FROM TB_MENU_AUTH WHERE MENU_CD IN (SELECT MENU_CD FROM TB_MENU WHERE MENU_NM = '메세지 발송 이력 조회')

2026-06-05 18:08:56.423 [main] INFO  jdbc.sqlonly - DELETE FROM TB_MENU WHERE MENU_NM = '메세지 발송 이력 조회'

2026-06-05 18:08:56.425 [main] INFO  jdbc.sqlonly - DELETE FROM TB_MENU_AUTH WHERE MENU_CD IN (SELECT MENU_CD FROM TB_MENU WHERE MENU_NM = '발송 이력(엔진 테스트)')

2026-06-05 18:08:56.428 [main] INFO  jdbc.sqlonly - DELETE FROM TB_MENU WHERE MENU_NM = '발송 이력(엔진 테스트)'

2026-06-05 18:08:56.431 [main] INFO  jdbc.sqlonly - DELETE FROM TB_MENU_AUTH WHERE MENU_CD IN (SELECT MENU_CD FROM TB_MENU WHERE MENU_NM = 'SMS 발송조회')

2026-06-05 18:08:56.433 [main] INFO  jdbc.sqlonly - DELETE FROM TB_MENU WHERE MENU_NM = 'SMS 발송조회'

2026-06-05 18:08:56.434 [main] INFO  jdbc.sqlonly - DELETE FROM TB_MENU_AUTH WHERE MENU_CD IN (SELECT MENU_CD FROM TB_MENU WHERE MENU_URL LIKE '/basic/motice')

2026-06-05 18:08:56.436 [main] INFO  jdbc.sqlonly - DELETE FROM TB_MENU WHERE MENU_URL LIKE '/basic/motice'

2026-06-05 18:08:56.438 [main] INFO  jdbc.sqlonly - SELECT COUNT(1) FROM TB_MENU WHERE MENU_CD = 'M_BASIC'

2026-06-05 18:08:56.440 [main] INFO  jdbc.sqlonly - SELECT COUNT(1) FROM TB_MENU WHERE MENU_CD = 'M_SMS_SEND'

2026-06-05 18:08:56.442 [main] INFO  jdbc.sqlonly - SELECT COUNT(1) FROM TB_MENU WHERE MENU_CD = 'M_CAMPAIGN'

2026-06-05 18:08:56.444 [main] INFO  jdbc.sqlonly - SELECT COUNT(1) FROM TB_MENU WHERE MENU_CD = 'M_SYSTEM'

2026-06-05 18:08:56.447 [main] INFO  jdbc.sqlonly - SELECT COUNT(1) FROM TB_MENU WHERE MENU_CD = 'M_ACCOUNT'

2026-06-05 18:08:56.449 [main] INFO  jdbc.sqlonly - SELECT COUNT(1) FROM TB_MENU WHERE MENU_CD = 'M_STAT'

2026-06-05 18:08:56.452 [main] INFO  jdbc.sqlonly - UPDATE TB_MENU SET SORT_ORD = 1 WHERE MENU_CD = 'M_BASIC'

2026-06-05 18:08:56.489 [main] INFO  jdbc.sqlonly - UPDATE TB_MENU SET SORT_ORD = 2 WHERE MENU_CD = 'M_SMS_SEND'

2026-06-05 18:08:56.494 [main] INFO  jdbc.sqlonly - UPDATE TB_MENU SET SORT_ORD = 3 WHERE MENU_CD = 'M_CAMPAIGN'

2026-06-05 18:08:56.499 [main] INFO  jdbc.sqlonly - UPDATE TB_MENU SET SORT_ORD = 4 WHERE MENU_CD = 'M_SYSTEM'

2026-06-05 18:08:56.505 [main] INFO  jdbc.sqlonly - UPDATE TB_MENU SET SORT_ORD = 5 WHERE MENU_CD = 'M_ACCOUNT'

2026-06-05 18:08:56.509 [main] INFO  jdbc.sqlonly - UPDATE TB_MENU SET SORT_ORD = 6 WHERE MENU_CD = 'M_STAT'

2026-06-05 18:08:56.515 [main] INFO  jdbc.sqlonly - SELECT COUNT(1) FROM TB_MENU WHERE MENU_CD = 'M_BASIC_NOTICE'

2026-06-05 18:08:56.517 [main] INFO  jdbc.sqlonly - SELECT COUNT(1) FROM TB_MENU WHERE MENU_CD = 'M_BASIC_MSG'

2026-06-05 18:08:56.519 [main] INFO  jdbc.sqlonly - SELECT COUNT(1) FROM TB_MENU WHERE MENU_CD = 'M_BASIC_MFA'

2026-06-05 18:08:56.521 [main] INFO  jdbc.sqlonly - SELECT COUNT(1) FROM TB_MENU WHERE MENU_CD = 'M_BASIC_CURRENCY'

2026-06-05 18:08:56.523 [main] INFO  jdbc.sqlonly - SELECT COUNT(1) FROM TB_MENU WHERE MENU_CD = 'M_SMS_HISTORY'

2026-06-05 18:08:56.525 [main] INFO  jdbc.sqlonly - SELECT COUNT(1) FROM TB_MENU WHERE MENU_CD = 'M_SMS_CUSTOMER'

2026-06-05 18:08:56.528 [main] INFO  jdbc.sqlonly - SELECT COUNT(1) FROM TB_MENU WHERE MENU_CD = 'M_SMS_SSN'

2026-06-05 18:08:56.530 [main] INFO  jdbc.sqlonly - SELECT COUNT(1) FROM TB_MENU WHERE MENU_CD = 'M_CAMP_TARGET'

2026-06-05 18:08:56.533 [main] INFO  jdbc.sqlonly - SELECT COUNT(1) FROM TB_MENU WHERE MENU_CD = 'M_CAMP_APRV'

2026-06-05 18:08:56.535 [main] INFO  jdbc.sqlonly - SELECT COUNT(1) FROM TB_MENU WHERE MENU_CD = 'M_CAMP_SMS_REG'

2026-06-05 18:08:56.537 [main] INFO  jdbc.sqlonly - SELECT COUNT(1) FROM TB_MENU WHERE MENU_CD = 'M_CAMP_LMS_REG'

2026-06-05 18:08:56.539 [main] INFO  jdbc.sqlonly - SELECT COUNT(1) FROM TB_MENU WHERE MENU_CD = 'M_CAMP_ALM_REG'

2026-06-05 18:08:56.541 [main] INFO  jdbc.sqlonly - SELECT COUNT(1) FROM TB_MENU WHERE MENU_CD = 'M_CAMP_SMS_APR'

2026-06-05 18:08:56.543 [main] INFO  jdbc.sqlonly - SELECT COUNT(1) FROM TB_MENU WHERE MENU_CD = 'M_CAMP_LMS_APR'

2026-06-05 18:08:56.546 [main] INFO  jdbc.sqlonly - SELECT COUNT(1) FROM TB_MENU WHERE MENU_CD = 'M_CAMP_ALM_APR'

2026-06-05 18:08:56.548 [main] INFO  jdbc.sqlonly - SELECT COUNT(1) FROM TB_MENU WHERE MENU_CD = 'M_CAMP_SMS_HIST'

2026-06-05 18:08:56.550 [main] INFO  jdbc.sqlonly - SELECT COUNT(1) FROM TB_MENU WHERE MENU_CD = 'M_CAMP_LMS_HIST'

2026-06-05 18:08:56.552 [main] INFO  jdbc.sqlonly - SELECT COUNT(1) FROM TB_MENU WHERE MENU_CD = 'M_CAMP_ALM_HIST'

2026-06-05 18:08:56.554 [main] INFO  jdbc.sqlonly - SELECT COUNT(1) FROM TB_MENU WHERE MENU_CD = 'M_SYS_DEPT'

2026-06-05 18:08:56.556 [main] INFO  jdbc.sqlonly - SELECT COUNT(1) FROM TB_MENU WHERE MENU_CD = 'M_SYS_MSG'

2026-06-05 18:08:56.558 [main] INFO  jdbc.sqlonly - SELECT COUNT(1) FROM TB_MENU WHERE MENU_CD = 'M_SYS_KAKAO'

2026-06-05 18:08:56.563 [main] INFO  jdbc.sqlonly - SELECT COUNT(1) FROM TB_MENU WHERE MENU_CD = 'M_SYS_AD'

2026-06-05 18:08:56.566 [main] INFO  jdbc.sqlonly - SELECT COUNT(1) FROM TB_MENU WHERE MENU_CD = 'M_SYS_TIME'

2026-06-05 18:08:56.569 [main] INFO  jdbc.sqlonly - SELECT COUNT(1) FROM TB_MENU WHERE MENU_CD = 'M_MENU_MNG'

2026-06-05 18:08:56.570 [main] INFO  jdbc.sqlonly - SELECT COUNT(1) FROM TB_MENU WHERE MENU_CD = 'M_ACCT_USER'

2026-06-05 18:08:56.572 [main] INFO  jdbc.sqlonly - SELECT COUNT(1) FROM TB_MENU WHERE MENU_CD = 'M_STAT_MKTG'

2026-06-05 18:08:57.730 [RMI TCP Connection(2)-127.0.0.1] INFO  o.a.c.c.C.[Tomcat].[localhost].[/] - Initializing Spring DispatcherServlet 'dispatcherServlet'
2026-06-05 18:08:57.731 [RMI TCP Connection(2)-127.0.0.1] INFO  o.s.web.servlet.DispatcherServlet - Initializing Servlet 'dispatcherServlet'
2026-06-05 18:08:57.733 [RMI TCP Connection(2)-127.0.0.1] INFO  o.s.web.servlet.DispatcherServlet - Completed initialization in 2 ms
